  [1m[35m (5.3ms)[0m  [1m[35mCREATE TABLE "schema_migrations" ("version" varchar NOT NULL PRIMARY KEY)[0m
  [1m[35m (4.4ms)[0m  [1m[35mCREATE TABLE "ar_internal_metadata" ("key" varchar NOT NULL PRIMARY KEY, "value" varchar, "created_at" datetime(6) NOT NULL, "updated_at" datetime(6) NOT NULL)[0m
  [1m[36mActiveRecord::SchemaMigration Pluck (0.3ms)[0m  [1m[34mSELECT "schema_migrations"."version" FROM "schema_migrations" ORDER BY "schema_migrations"."version" ASC[0m
Migrating to CreateUsers (20230912051328)
  [1m[36mTRANSACTION (0.1ms)[0m  [1m[36mbegin transaction[0m
  [1m[35m (2.0ms)[0m  [1m[35mCREATE TABLE "users" ("id" integer PRIMARY KEY AUTOINCREMENT NOT NULL, "fname" varchar NOT NULL, "lname" varchar NOT NULL, "email" varchar NOT NULL, "password_digest" varchar NOT NULL, "is_admin" boolean DEFAULT 0, "status" varchar DEFAULT 'Active' NOT NULL, "created_at" datetime(6) NOT NULL, "updated_at" datetime(6) NOT NULL)[0m
  [1m[35m (0.5ms)[0m  [1m[35mCREATE UNIQUE INDEX "index_users_on_email" ON "users" ("email")[0m
  [1m[36mActiveRecord::SchemaMigration Create (0.2ms)[0m  [1m[32mINSERT INTO "schema_migrations" ("version") VALUES (?)[0m  [["version", "20230912051328"]]
  [1m[36mTRANSACTION (6.6ms)[0m  [1m[36mcommit transaction[0m
Migrating to CreateSources (20230912052327)
  [1m[36mTRANSACTION (0.1ms)[0m  [1m[36mbegin transaction[0m
  [1m[35m (2.8ms)[0m  [1m[35mCREATE TABLE "sources" ("id" integer PRIMARY KEY AUTOINCREMENT NOT NULL, "fname" varchar NOT NULL, "lname" varchar, "byear" varchar, "dyear" varchar, "bio" text, "created_at" datetime(6) NOT NULL, "updated_at" datetime(6) NOT NULL)[0m
  [1m[36mActiveRecord::SchemaMigration Create (0.6ms)[0m  [1m[32mINSERT INTO "schema_migrations" ("version") VALUES (?)[0m  [["version", "20230912052327"]]
  [1m[36mTRANSACTION (3.0ms)[0m  [1m[36mcommit transaction[0m
Migrating to CreateCategories (20230912053209)
  [1m[36mTRANSACTION (0.1ms)[0m  [1m[36mbegin transaction[0m
  [1m[35m (2.5ms)[0m  [1m[35mCREATE TABLE "categories" ("id" integer PRIMARY KEY AUTOINCREMENT NOT NULL, "catname" varchar NOT NULL, "created_at" datetime(6) NOT NULL, "updated_at" datetime(6) NOT NULL)[0m
  [1m[36mActiveRecord::SchemaMigration Create (0.6ms)[0m  [1m[32mINSERT INTO "schema_migrations" ("version") VALUES (?)[0m  [["version", "20230912053209"]]
  [1m[36mTRANSACTION (3.4ms)[0m  [1m[36mcommit transaction[0m
Migrating to CreateQuotes (20230912054258)
  [1m[36mTRANSACTION (0.2ms)[0m  [1m[36mbegin transaction[0m
  [1m[35m (2.9ms)[0m  [1m[35mCREATE TABLE "quotes" ("id" integer PRIMARY KEY AUTOINCREMENT NOT NULL, "qtext" text NOT NULL, "qyear" varchar, "qcom" text, "ispublic" boolean DEFAULT 1 NOT NULL, "user_id" integer NOT NULL, "source_id" integer NOT NULL, "created_at" datetime(6) NOT NULL, "updated_at" datetime(6) NOT NULL, CONSTRAINT "fk_rails_02b555fb4d"
FOREIGN KEY ("user_id")
  REFERENCES "users" ("id")
, CONSTRAINT "fk_rails_7a6cffb978"
FOREIGN KEY ("source_id")
  REFERENCES "sources" ("id")
)[0m
  [1m[35m (0.4ms)[0m  [1m[35mCREATE INDEX "index_quotes_on_user_id" ON "quotes" ("user_id")[0m
  [1m[35m (0.2ms)[0m  [1m[35mCREATE INDEX "index_quotes_on_source_id" ON "quotes" ("source_id")[0m
  [1m[36mActiveRecord::SchemaMigration Create (0.5ms)[0m  [1m[32mINSERT INTO "schema_migrations" ("version") VALUES (?)[0m  [["version", "20230912054258"]]
  [1m[36mTRANSACTION (5.8ms)[0m  [1m[36mcommit transaction[0m
Migrating to CreateQuoteCategories (20230912055141)
  [1m[36mTRANSACTION (0.1ms)[0m  [1m[36mbegin transaction[0m
  [1m[35m (2.9ms)[0m  [1m[35mCREATE TABLE "quote_categories" ("id" integer PRIMARY KEY AUTOINCREMENT NOT NULL, "quote_id" integer NOT NULL, "category_id" integer NOT NULL, "created_at" datetime(6) NOT NULL, "updated_at" datetime(6) NOT NULL, CONSTRAINT "fk_rails_c34a150410"
FOREIGN KEY ("quote_id")
  REFERENCES "quotes" ("id")
, CONSTRAINT "fk_rails_2f1b48a620"
FOREIGN KEY ("category_id")
  REFERENCES "categories" ("id")
)[0m
  [1m[35m (0.4ms)[0m  [1m[35mCREATE INDEX "index_quote_categories_on_quote_id" ON "quote_categories" ("quote_id")[0m
  [1m[35m (0.6ms)[0m  [1m[35mCREATE INDEX "index_quote_categories_on_category_id" ON "quote_categories" ("category_id")[0m
  [1m[36mActiveRecord::SchemaMigration Create (0.7ms)[0m  [1m[32mINSERT INTO "schema_migrations" ("version") VALUES (?)[0m  [["version", "20230912055141"]]
  [1m[36mTRANSACTION (5.4ms)[0m  [1m[36mcommit transaction[0m
  [1m[36mActiveRecord::InternalMetadata Load (0.4ms)[0m  [1m[34mSELECT "ar_internal_metadata".* FROM "ar_internal_metadata" WHERE "ar_internal_metadata"."key" = ? LIMIT ?[0m  [["key", "environment"], ["LIMIT", 1]]
  [1m[36mTRANSACTION (0.2ms)[0m  [1m[36mbegin transaction[0m
  [1m[36mActiveRecord::InternalMetadata Create (3.1ms)[0m  [1m[32mINSERT INTO "ar_internal_metadata" ("key", "value", "created_at", "updated_at") VALUES (?, ?, ?, ?)[0m  [["key", "environment"], ["value", "development"], ["created_at", "2026-05-22 18:46:42.899154"], ["updated_at", "2026-05-22 18:46:42.899154"]]
  [1m[36mTRANSACTION (3.0ms)[0m  [1m[36mcommit transaction[0m
  [1m[36mActiveRecord::SchemaMigration Pluck (0.3ms)[0m  [1m[34mSELECT "schema_migrations"."version" FROM "schema_migrations" ORDER BY "schema_migrations"."version" ASC[0m
  [1m[36mActiveRecord::SchemaMigration Pluck (0.2ms)[0m  [1m[34mSELECT "schema_migrations"."version" FROM "schema_migrations" ORDER BY "schema_migrations"."version" ASC[0m
  [1m[36mUser Load (0.7ms)[0m  [1m[34mSELECT "users".* FROM "users" WHERE "users"."email" = ? LIMIT ?[0m  [["email", "admin@myquotes.com"], ["LIMIT", 1]]
  [1m[36mTRANSACTION (0.1ms)[0m  [1m[36mbegin transaction[0m
  [1m[36mUser Exists? (0.3ms)[0m  [1m[34mSELECT 1 AS one FROM "users" WHERE LOWER("users"."email") = LOWER(?) LIMIT ?[0m  [["email", "admin@myquotes.com"], ["LIMIT", 1]]
  [1m[36mUser Create (6.2ms)[0m  [1m[32mINSERT INTO "users" ("fname", "lname", "email", "password_digest", "is_admin", "status", "created_at", "updated_at") VALUES (?, ?, ?, ?, ?, ?, ?, ?)[0m  [["fname", "John"], ["lname", "Jones"], ["email", "admin@myquotes.com"], ["password_digest", "[FILTERED]"], ["is_admin", 1], ["status", "Active"], ["created_at", "2026-05-22 18:46:54.609828"], ["updated_at", "2026-05-22 18:46:54.609828"]]
  [1m[36mTRANSACTION (3.6ms)[0m  [1m[36mcommit transaction[0m
  [1m[36mUser Load (0.3ms)[0m  [1m[34mSELECT "users".* FROM "users" WHERE "users"."email" = ? LIMIT ?[0m  [["email", "vinceb@myemail.com"], ["LIMIT", 1]]
  [1m[36mTRANSACTION (0.0ms)[0m  [1m[36mbegin transaction[0m
  [1m[36mUser Exists? (0.2ms)[0m  [1m[34mSELECT 1 AS one FROM "users" WHERE LOWER("users"."email") = LOWER(?) LIMIT ?[0m  [["email", "vinceb@myemail.com"], ["LIMIT", 1]]
  [1m[36mUser Create (3.7ms)[0m  [1m[32mINSERT INTO "users" ("fname", "lname", "email", "password_digest", "is_admin", "status", "created_at", "updated_at") VALUES (?, ?, ?, ?, ?, ?, ?, ?)[0m  [["fname", "Vincent"], ["lname", "Brown"], ["email", "vinceb@myemail.com"], ["password_digest", "[FILTERED]"], ["is_admin", 0], ["status", "Active"], ["created_at", "2026-05-22 18:46:54.913388"], ["updated_at", "2026-05-22 18:46:54.913388"]]
  [1m[36mTRANSACTION (5.6ms)[0m  [1m[36mcommit transaction[0m
  [1m[36mUser Load (0.2ms)[0m  [1m[34mSELECT "users".* FROM "users" WHERE "users"."email" = ? LIMIT ?[0m  [["email", "suspended@example.com"], ["LIMIT", 1]]
  [1m[36mTRANSACTION (0.1ms)[0m  [1m[36mbegin transaction[0m
  [1m[36mUser Exists? (1.3ms)[0m  [1m[34mSELECT 1 AS one FROM "users" WHERE LOWER("users"."email") = LOWER(?) LIMIT ?[0m  [["email", "suspended@example.com"], ["LIMIT", 1]]
  [1m[36mUser Create (3.7ms)[0m  [1m[32mINSERT INTO "users" ("fname", "lname", "email", "password_digest", "is_admin", "status", "created_at", "updated_at") VALUES (?, ?, ?, ?, ?, ?, ?, ?)[0m  [["fname", "Sam"], ["lname", "Demo"], ["email", "suspended@example.com"], ["password_digest", "[FILTERED]"], ["is_admin", 0], ["status", "Suspended"], ["created_at", "2026-05-22 18:46:55.202058"], ["updated_at", "2026-05-22 18:46:55.202058"]]
  [1m[36mTRANSACTION (5.0ms)[0m  [1m[36mcommit transaction[0m
  [1m[36mCategory Load (0.3ms)[0m  [1m[34mSELECT "categories".* FROM "categories" WHERE "categories"."catname" = ? LIMIT ?[0m  [["catname", "Ethics"], ["LIMIT", 1]]
  [1m[36mTRANSACTION (0.1ms)[0m  [1m[36mbegin transaction[0m
  [1m[36mCategory Exists? (0.3ms)[0m  [1m[34mSELECT 1 AS one FROM "categories" WHERE LOWER("categories"."catname") = LOWER(?) LIMIT ?[0m  [["catname", "Ethics"], ["LIMIT", 1]]
  [1m[36mCategory Create (2.8ms)[0m  [1m[32mINSERT INTO "categories" ("catname", "created_at", "updated_at") VALUES (?, ?, ?)[0m  [["catname", "Ethics"], ["created_at", "2026-05-22 18:46:55.243038"], ["updated_at", "2026-05-22 18:46:55.243038"]]
  [1m[36mTRANSACTION (3.6ms)[0m  [1m[36mcommit transaction[0m
  [1m[36mCategory Load (0.2ms)[0m  [1m[34mSELECT "categories".* FROM "categories" WHERE "categories"."catname" = ? LIMIT ?[0m  [["catname", "Logic"], ["LIMIT", 1]]
  [1m[36mTRANSACTION (0.1ms)[0m  [1m[36mbegin transaction[0m
  [1m[36mCategory Exists? (0.2ms)[0m  [1m[34mSELECT 1 AS one FROM "categories" WHERE LOWER("categories"."catname") = LOWER(?) LIMIT ?[0m  [["catname", "Logic"], ["LIMIT", 1]]
  [1m[36mCategory Create (1.0ms)[0m  [1m[32mINSERT INTO "categories" ("catname", "created_at", "updated_at") VALUES (?, ?, ?)[0m  [["catname", "Logic"], ["created_at", "2026-05-22 18:46:55.257202"], ["updated_at", "2026-05-22 18:46:55.257202"]]
  [1m[36mTRANSACTION (3.2ms)[0m  [1m[36mcommit transaction[0m
  [1m[36mCategory Load (0.2ms)[0m  [1m[34mSELECT "categories".* FROM "categories" WHERE "categories"."catname" = ? LIMIT ?[0m  [["catname", "Metaphysics"], ["LIMIT", 1]]
  [1m[36mTRANSACTION (0.0ms)[0m  [1m[36mbegin transaction[0m
  [1m[36mCategory Exists? (0.2ms)[0m  [1m[34mSELECT 1 AS one FROM "categories" WHERE LOWER("categories"."catname") = LOWER(?) LIMIT ?[0m  [["catname", "Metaphysics"], ["LIMIT", 1]]
  [1m[36mCategory Create (2.2ms)[0m  [1m[32mINSERT INTO "categories" ("catname", "created_at", "updated_at") VALUES (?, ?, ?)[0m  [["catname", "Metaphysics"], ["created_at", "2026-05-22 18:46:55.273874"], ["updated_at", "2026-05-22 18:46:55.273874"]]
  [1m[36mTRANSACTION (3.1ms)[0m  [1m[36mcommit transaction[0m
  [1m[36mCategory Load (0.2ms)[0m  [1m[34mSELECT "categories".* FROM "categories" WHERE "categories"."catname" = ? LIMIT ?[0m  [["catname", "Epistemology"], ["LIMIT", 1]]
  [1m[36mTRANSACTION (0.1ms)[0m  [1m[36mbegin transaction[0m
  [1m[36mCategory Exists? (0.3ms)[0m  [1m[34mSELECT 1 AS one FROM "categories" WHERE LOWER("categories"."catname") = LOWER(?) LIMIT ?[0m  [["catname", "Epistemology"], ["LIMIT", 1]]
  [1m[36mCategory Create (2.6ms)[0m  [1m[32mINSERT INTO "categories" ("catname", "created_at", "updated_at") VALUES (?, ?, ?)[0m  [["catname", "Epistemology"], ["created_at", "2026-05-22 18:46:55.295125"], ["updated_at", "2026-05-22 18:46:55.295125"]]
  [1m[36mTRANSACTION (3.4ms)[0m  [1m[36mcommit transaction[0m
  [1m[36mCategory Load (0.2ms)[0m  [1m[34mSELECT "categories".* FROM "categories" WHERE "categories"."catname" = ? LIMIT ?[0m  [["catname", "Aesthetics"], ["LIMIT", 1]]
  [1m[36mTRANSACTION (0.1ms)[0m  [1m[36mbegin transaction[0m
  [1m[36mCategory Exists? (0.4ms)[0m  [1m[34mSELECT 1 AS one FROM "categories" WHERE LOWER("categories"."catname") = LOWER(?) LIMIT ?[0m  [["catname", "Aesthetics"], ["LIMIT", 1]]
  [1m[36mCategory Create (2.5ms)[0m  [1m[32mINSERT INTO "categories" ("catname", "created_at", "updated_at") VALUES (?, ?, ?)[0m  [["catname", "Aesthetics"], ["created_at", "2026-05-22 18:46:55.337057"], ["updated_at", "2026-05-22 18:46:55.337057"]]
  [1m[36mTRANSACTION (3.5ms)[0m  [1m[36mcommit transaction[0m
  [1m[36mCategory Load (0.2ms)[0m  [1m[34mSELECT "categories".* FROM "categories" WHERE "categories"."catname" = ? LIMIT ?[0m  [["catname", "Axiology"], ["LIMIT", 1]]
  [1m[36mTRANSACTION (0.1ms)[0m  [1m[36mbegin transaction[0m
  [1m[36mCategory Exists? (0.2ms)[0m  [1m[34mSELECT 1 AS one FROM "categories" WHERE LOWER("categories"."catname") = LOWER(?) LIMIT ?[0m  [["catname", "Axiology"], ["LIMIT", 1]]
  [1m[36mCategory Create (1.1ms)[0m  [1m[32mINSERT INTO "categories" ("catname", "created_at", "updated_at") VALUES (?, ?, ?)[0m  [["catname", "Axiology"], ["created_at", "2026-05-22 18:46:55.351289"], ["updated_at", "2026-05-22 18:46:55.351289"]]
  [1m[36mTRANSACTION (3.5ms)[0m  [1m[36mcommit transaction[0m
  [1m[36mCategory Load (0.2ms)[0m  [1m[34mSELECT "categories".* FROM "categories" WHERE "categories"."catname" = ? LIMIT ?[0m  [["catname", "Political Philosophy"], ["LIMIT", 1]]
  [1m[36mTRANSACTION (0.0ms)[0m  [1m[36mbegin transaction[0m
  [1m[36mCategory Exists? (0.8ms)[0m  [1m[34mSELECT 1 AS one FROM "categories" WHERE LOWER("categories"."catname") = LOWER(?) LIMIT ?[0m  [["catname", "Political Philosophy"], ["LIMIT", 1]]
  [1m[36mCategory Create (1.2ms)[0m  [1m[32mINSERT INTO "categories" ("catname", "created_at", "updated_at") VALUES (?, ?, ?)[0m  [["catname", "Political Philosophy"], ["created_at", "2026-05-22 18:46:55.362127"], ["updated_at", "2026-05-22 18:46:55.362127"]]
  [1m[36mTRANSACTION (3.6ms)[0m  [1m[36mcommit transaction[0m
  [1m[36mCategory Load (0.3ms)[0m  [1m[34mSELECT "categories".* FROM "categories" WHERE "categories"."catname" = ? LIMIT ?[0m  [["catname", "Philosophy of Mind"], ["LIMIT", 1]]
  [1m[36mTRANSACTION (0.1ms)[0m  [1m[36mbegin transaction[0m
  [1m[36mCategory Exists? (0.3ms)[0m  [1m[34mSELECT 1 AS one FROM "categories" WHERE LOWER("categories"."catname") = LOWER(?) LIMIT ?[0m  [["catname", "Philosophy of Mind"], ["LIMIT", 1]]
  [1m[36mCategory Create (1.4ms)[0m  [1m[32mINSERT INTO "categories" ("catname", "created_at", "updated_at") VALUES (?, ?, ?)[0m  [["catname", "Philosophy of Mind"], ["created_at", "2026-05-22 18:46:55.374710"], ["updated_at", "2026-05-22 18:46:55.374710"]]
  [1m[36mTRANSACTION (3.9ms)[0m  [1m[36mcommit transaction[0m
  [1m[36mCategory Load (0.2ms)[0m  [1m[34mSELECT "categories".* FROM "categories" WHERE "categories"."catname" = ? LIMIT ?[0m  [["catname", "Philosophy of Religion"], ["LIMIT", 1]]
  [1m[36mTRANSACTION (0.1ms)[0m  [1m[36mbegin transaction[0m
  [1m[36mCategory Exists? (0.3ms)[0m  [1m[34mSELECT 1 AS one FROM "categories" WHERE LOWER("categories"."catname") = LOWER(?) LIMIT ?[0m  [["catname", "Philosophy of Religion"], ["LIMIT", 1]]
  [1m[36mCategory Create (1.4ms)[0m  [1m[32mINSERT INTO "categories" ("catname", "created_at", "updated_at") VALUES (?, ?, ?)[0m  [["catname", "Philosophy of Religion"], ["created_at", "2026-05-22 18:46:55.387385"], ["updated_at", "2026-05-22 18:46:55.387385"]]
  [1m[36mTRANSACTION (4.0ms)[0m  [1m[36mcommit transaction[0m
  [1m[36mCategory Load (0.3ms)[0m  [1m[34mSELECT "categories".* FROM "categories" WHERE "categories"."catname" = ? LIMIT ?[0m  [["catname", "Existentialism"], ["LIMIT", 1]]
  [1m[36mTRANSACTION (0.1ms)[0m  [1m[36mbegin transaction[0m
  [1m[36mCategory Exists? (0.3ms)[0m  [1m[34mSELECT 1 AS one FROM "categories" WHERE LOWER("categories"."catname") = LOWER(?) LIMIT ?[0m  [["catname", "Existentialism"], ["LIMIT", 1]]
  [1m[36mCategory Create (1.3ms)[0m  [1m[32mINSERT INTO "categories" ("catname", "created_at", "updated_at") VALUES (?, ?, ?)[0m  [["catname", "Existentialism"], ["created_at", "2026-05-22 18:46:55.402407"], ["updated_at", "2026-05-22 18:46:55.402407"]]
  [1m[36mTRANSACTION (3.4ms)[0m  [1m[36mcommit transaction[0m
  [1m[36mCategory Count (0.3ms)[0m  [1m[34mSELECT COUNT(*) FROM "categories"[0m
  [1m[36mSource Load (0.3ms)[0m  [1m[34mSELECT "sources".* FROM "sources" WHERE "sources"."fname" = ? LIMIT ?[0m  [["fname", "Socrates"], ["LIMIT", 1]]
  [1m[36mTRANSACTION (0.1ms)[0m  [1m[36mbegin transaction[0m
  [1m[36mSource Create (4.0ms)[0m  [1m[32mINSERT INTO "sources" ("fname", "lname", "byear", "dyear", "bio", "created_at", "updated_at") VALUES (?, ?, ?, ?, ?, ?, ?)[0m  [["fname", "Socrates"], ["lname", nil], ["byear", "470 BCE"], ["dyear", "399 BCE"], ["bio", "Greek philosopher credited as a founder of Western philosophy."], ["created_at", "2026-05-22 18:46:55.436982"], ["updated_at", "2026-05-22 18:46:55.436982"]]
  [1m[36mTRANSACTION (5.0ms)[0m  [1m[36mcommit transaction[0m
  [1m[36mSource Load (0.3ms)[0m  [1m[34mSELECT "sources".* FROM "sources" WHERE "sources"."fname" = ? LIMIT ?[0m  [["fname", "Aristotle"], ["LIMIT", 1]]
  [1m[36mTRANSACTION (0.1ms)[0m  [1m[36mbegin transaction[0m
  [1m[36mSource Create (1.5ms)[0m  [1m[32mINSERT INTO "sources" ("fname", "lname", "byear", "dyear", "bio", "created_at", "updated_at") VALUES (?, ?, ?, ?, ?, ?, ?)[0m  [["fname", "Aristotle"], ["lname", nil], ["byear", "384 BCE"], ["dyear", "322 BCE"], ["bio", "Student of Plato, teacher of Alexander the Great."], ["created_at", "2026-05-22 18:46:55.455668"], ["updated_at", "2026-05-22 18:46:55.455668"]]
  [1m[36mTRANSACTION (4.2ms)[0m  [1m[36mcommit transaction[0m
  [1m[36mSource Load (0.3ms)[0m  [1m[34mSELECT "sources".* FROM "sources" WHERE "sources"."fname" = ? AND "sources"."lname" = ? LIMIT ?[0m  [["fname", "Immanuel"], ["lname", "Kant"], ["LIMIT", 1]]
  [1m[36mTRANSACTION (0.1ms)[0m  [1m[36mbegin transaction[0m
  [1m[36mSource Create (2.4ms)[0m  [1m[32mINSERT INTO "sources" ("fname", "lname", "byear", "dyear", "bio", "created_at", "updated_at") VALUES (?, ?, ?, ?, ?, ?, ?)[0m  [["fname", "Immanuel"], ["lname", "Kant"], ["byear", "1724"], ["dyear", "1804"], ["bio", "Central figure in modern philosophy; synthesised rationalism and empiricism."], ["created_at", "2026-05-22 18:46:55.480683"], ["updated_at", "2026-05-22 18:46:55.480683"]]
  [1m[36mTRANSACTION (3.2ms)[0m  [1m[36mcommit transaction[0m
  [1m[36mSource Load (0.2ms)[0m  [1m[34mSELECT "sources".* FROM "sources" WHERE "sources"."fname" = ? AND "sources"."lname" = ? LIMIT ?[0m  [["fname", "Friedrich"], ["lname", "Nietzsche"], ["LIMIT", 1]]
  [1m[36mTRANSACTION (0.0ms)[0m  [1m[36mbegin transaction[0m
  [1m[36mSource Create (2.0ms)[0m  [1m[32mINSERT INTO "sources" ("fname", "lname", "byear", "dyear", "bio", "created_at", "updated_at") VALUES (?, ?, ?, ?, ?, ?, ?)[0m  [["fname", "Friedrich"], ["lname", "Nietzsche"], ["byear", "1844"], ["dyear", "1900"], ["bio", "German philosopher with profound influence on modern intellectual history."], ["created_at", "2026-05-22 18:46:55.491031"], ["updated_at", "2026-05-22 18:46:55.491031"]]
  [1m[36mTRANSACTION (3.4ms)[0m  [1m[36mcommit transaction[0m
  [1m[36mSource Load (0.1ms)[0m  [1m[34mSELECT "sources".* FROM "sources" WHERE "sources"."fname" = ? LIMIT ?[0m  [["fname", "Plato"], ["LIMIT", 1]]
  [1m[36mTRANSACTION (0.0ms)[0m  [1m[36mbegin transaction[0m
  [1m[36mSource Create (0.7ms)[0m  [1m[32mINSERT INTO "sources" ("fname", "lname", "byear", "dyear", "bio", "created_at", "updated_at") VALUES (?, ?, ?, ?, ?, ?, ?)[0m  [["fname", "Plato"], ["lname", nil], ["byear", "428 BCE"], ["dyear", "348 BCE"], ["bio", "Student of Socrates, founder of the Academy."], ["created_at", "2026-05-22 18:46:55.500677"], ["updated_at", "2026-05-22 18:46:55.500677"]]
  [1m[36mTRANSACTION (3.1ms)[0m  [1m[36mcommit transaction[0m
  [1m[36mSource Load (0.1ms)[0m  [1m[34mSELECT "sources".* FROM "sources" WHERE "sources"."fname" = ? AND "sources"."lname" = ? LIMIT ?[0m  [["fname", "René"], ["lname", "Descartes"], ["LIMIT", 1]]
  [1m[36mTRANSACTION (0.0ms)[0m  [1m[36mbegin transaction[0m
  [1m[36mSource Create (1.6ms)[0m  [1m[32mINSERT INTO "sources" ("fname", "lname", "byear", "dyear", "bio", "created_at", "updated_at") VALUES (?, ?, ?, ?, ?, ?, ?)[0m  [["fname", "René"], ["lname", "Descartes"], ["byear", "1596"], ["dyear", "1650"], ["bio", "Often called the father of modern philosophy."], ["created_at", "2026-05-22 18:46:55.508245"], ["updated_at", "2026-05-22 18:46:55.508245"]]
  [1m[36mTRANSACTION (3.6ms)[0m  [1m[36mcommit transaction[0m
  [1m[36mSource Load (0.2ms)[0m  [1m[34mSELECT "sources".* FROM "sources" WHERE "sources"."fname" = ? LIMIT ?[0m  [["fname", "Anonymous"], ["LIMIT", 1]]
  [1m[36mTRANSACTION (0.0ms)[0m  [1m[36mbegin transaction[0m
  [1m[36mSource Create (0.8ms)[0m  [1m[32mINSERT INTO "sources" ("fname", "lname", "byear", "dyear", "bio", "created_at", "updated_at") VALUES (?, ?, ?, ?, ?, ?, ?)[0m  [["fname", "Anonymous"], ["lname", nil], ["byear", nil], ["dyear", nil], ["bio", "Source unknown or unattributed."], ["created_at", "2026-05-22 18:46:55.518442"], ["updated_at", "2026-05-22 18:46:55.518442"]]
  [1m[36mTRANSACTION (2.2ms)[0m  [1m[36mcommit transaction[0m
  [1m[36mSource Count (0.2ms)[0m  [1m[34mSELECT COUNT(*) FROM "sources"[0m
  [1m[36mQuote Load (0.4ms)[0m  [1m[34mSELECT "quotes".* FROM "quotes" WHERE "quotes"."qtext" = ? AND "quotes"."user_id" = ? LIMIT ?[0m  [["qtext", "The unexamined life is not worth living."], ["user_id", 2], ["LIMIT", 1]]
  [1m[36mTRANSACTION (0.1ms)[0m  [1m[36mbegin transaction[0m
  [1m[36mQuote Create (2.3ms)[0m  [1m[32mINSERT INTO "quotes" ("qtext", "qyear", "qcom", "ispublic", "user_id", "source_id", "created_at", "updated_at") VALUES (?, ?, ?, ?, ?, ?, ?, ?)[0m  [["qtext", "The unexamined life is not worth living."], ["qyear", "399 BCE"], ["qcom", "Said at his trial — one of the most famous statements in philosophy."], ["ispublic", 1], ["user_id", 2], ["source_id", 1], ["created_at", "2026-05-22 18:46:55.634949"], ["updated_at", "2026-05-22 18:46:55.634949"]]
  [1m[36mTRANSACTION (4.3ms)[0m  [1m[36mcommit transaction[0m
  [1m[36mCategory Load (0.3ms)[0m  [1m[34mSELECT "categories".* FROM "categories" WHERE "categories"."catname" = ? LIMIT ?[0m  [["catname", "Ethics"], ["LIMIT", 1]]
  [1m[36mQuoteCategory Load (0.3ms)[0m  [1m[34mSELECT "quote_categories".* FROM "quote_categories" WHERE "quote_categories"."quote_id" = ? AND "quote_categories"."category_id" = ? LIMIT ?[0m  [["quote_id", 1], ["category_id", 1], ["LIMIT", 1]]
  [1m[36mTRANSACTION (0.1ms)[0m  [1m[36mbegin transaction[0m
  [1m[36mQuoteCategory Create (2.9ms)[0m  [1m[32mINSERT INTO "quote_categories" ("quote_id", "category_id", "created_at", "updated_at") VALUES (?, ?, ?, ?)[0m  [["quote_id", 1], ["category_id", 1], ["created_at", "2026-05-22 18:46:55.674482"], ["updated_at", "2026-05-22 18:46:55.674482"]]
  [1m[36mTRANSACTION (4.1ms)[0m  [1m[36mcommit transaction[0m
  [1m[36mCategory Load (0.2ms)[0m  [1m[34mSELECT "categories".* FROM "categories" WHERE "categories"."catname" = ? LIMIT ?[0m  [["catname", "Existentialism"], ["LIMIT", 1]]
  [1m[36mQuoteCategory Load (0.2ms)[0m  [1m[34mSELECT "quote_categories".* FROM "quote_categories" WHERE "quote_categories"."quote_id" = ? AND "quote_categories"."category_id" = ? LIMIT ?[0m  [["quote_id", 1], ["category_id", 10], ["LIMIT", 1]]
  [1m[36mTRANSACTION (0.1ms)[0m  [1m[36mbegin transaction[0m
  [1m[36mQuoteCategory Create (1.6ms)[0m  [1m[32mINSERT INTO "quote_categories" ("quote_id", "category_id", "created_at", "updated_at") VALUES (?, ?, ?, ?)[0m  [["quote_id", 1], ["category_id", 10], ["created_at", "2026-05-22 18:46:55.688637"], ["updated_at", "2026-05-22 18:46:55.688637"]]
  [1m[36mTRANSACTION (3.5ms)[0m  [1m[36mcommit transaction[0m
  [1m[36mQuote Load (0.2ms)[0m  [1m[34mSELECT "quotes".* FROM "quotes" WHERE "quotes"."qtext" = ? AND "quotes"."user_id" = ? LIMIT ?[0m  [["qtext", "We are what we repeatedly do. Excellence, then, is not an act, but a habit."], ["user_id", 2], ["LIMIT", 1]]
  [1m[36mTRANSACTION (0.1ms)[0m  [1m[36mbegin transaction[0m
  [1m[36mQuote Create (3.3ms)[0m  [1m[32mINSERT INTO "quotes" ("qtext", "qyear", "qcom", "ispublic", "user_id", "source_id", "created_at", "updated_at") VALUES (?, ?, ?, ?, ?, ?, ?, ?)[0m  [["qtext", "We are what we repeatedly do. Excellence, then, is not an act, but a habit."], ["qyear", "350 BCE"], ["qcom", "Character is built through consistent action."], ["ispublic", 1], ["user_id", 2], ["source_id", 2], ["created_at", "2026-05-22 18:46:55.699432"], ["updated_at", "2026-05-22 18:46:55.699432"]]
  [1m[36mTRANSACTION (3.8ms)[0m  [1m[36mcommit transaction[0m
  [1m[36mCategory Load (0.2ms)[0m  [1m[34mSELECT "categories".* FROM "categories" WHERE "categories"."catname" = ? LIMIT ?[0m  [["catname", "Ethics"], ["LIMIT", 1]]
  [1m[36mQuoteCategory Load (0.2ms)[0m  [1m[34mSELECT "quote_categories".* FROM "quote_categories" WHERE "quote_categories"."quote_id" = ? AND "quote_categories"."category_id" = ? LIMIT ?[0m  [["quote_id", 2], ["category_id", 1], ["LIMIT", 1]]
  [1m[36mTRANSACTION (0.1ms)[0m  [1m[36mbegin transaction[0m
  [1m[36mQuoteCategory Create (1.8ms)[0m  [1m[32mINSERT INTO "quote_categories" ("quote_id", "category_id", "created_at", "updated_at") VALUES (?, ?, ?, ?)[0m  [["quote_id", 2], ["category_id", 1], ["created_at", "2026-05-22 18:46:55.724454"], ["updated_at", "2026-05-22 18:46:55.724454"]]
  [1m[36mTRANSACTION (3.8ms)[0m  [1m[36mcommit transaction[0m
  [1m[36mQuote Load (0.2ms)[0m  [1m[34mSELECT "quotes".* FROM "quotes" WHERE "quotes"."qtext" = ? AND "quotes"."user_id" = ? LIMIT ?[0m  [["qtext", "Act only according to that maxim whereby you can at the same time will that it should become a universal law."], ["user_id", 2], ["LIMIT", 1]]
  [1m[36mTRANSACTION (0.1ms)[0m  [1m[36mbegin transaction[0m
  [1m[36mQuote Create (1.4ms)[0m  [1m[32mINSERT INTO "quotes" ("qtext", "qyear", "qcom", "ispublic", "user_id", "source_id", "created_at", "updated_at") VALUES (?, ?, ?, ?, ?, ?, ?, ?)[0m  [["qtext", "Act only according to that maxim whereby you can at the same time will that it should become a universal law."], ["qyear", "1785"], ["qcom", "The Categorical Imperative."], ["ispublic", 1], ["user_id", 2], ["source_id", 3], ["created_at", "2026-05-22 18:46:55.737105"], ["updated_at", "2026-05-22 18:46:55.737105"]]
  [1m[36mTRANSACTION (3.9ms)[0m  [1m[36mcommit transaction[0m
  [1m[36mCategory Load (0.2ms)[0m  [1m[34mSELECT "categories".* FROM "categories" WHERE "categories"."catname" = ? LIMIT ?[0m  [["catname", "Ethics"], ["LIMIT", 1]]
  [1m[36mQuoteCategory Load (0.2ms)[0m  [1m[34mSELECT "quote_categories".* FROM "quote_categories" WHERE "quote_categories"."quote_id" = ? AND "quote_categories"."category_id" = ? LIMIT ?[0m  [["quote_id", 3], ["category_id", 1], ["LIMIT", 1]]
  [1m[36mTRANSACTION (0.1ms)[0m  [1m[36mbegin transaction[0m
  [1m[36mQuoteCategory Create (1.6ms)[0m  [1m[32mINSERT INTO "quote_categories" ("quote_id", "category_id", "created_at", "updated_at") VALUES (?, ?, ?, ?)[0m  [["quote_id", 3], ["category_id", 1], ["created_at", "2026-05-22 18:46:55.750611"], ["updated_at", "2026-05-22 18:46:55.750611"]]
  [1m[36mTRANSACTION (3.7ms)[0m  [1m[36mcommit transaction[0m
  [1m[36mCategory Load (0.2ms)[0m  [1m[34mSELECT "categories".* FROM "categories" WHERE "categories"."catname" = ? LIMIT ?[0m  [["catname", "Logic"], ["LIMIT", 1]]
  [1m[36mQuoteCategory Load (0.2ms)[0m  [1m[34mSELECT "quote_categories".* FROM "quote_categories" WHERE "quote_categories"."quote_id" = ? AND "quote_categories"."category_id" = ? LIMIT ?[0m  [["quote_id", 3], ["category_id", 2], ["LIMIT", 1]]
  [1m[36mTRANSACTION (0.1ms)[0m  [1m[36mbegin transaction[0m
  [1m[36mQuoteCategory Create (1.2ms)[0m  [1m[32mINSERT INTO "quote_categories" ("quote_id", "category_id", "created_at", "updated_at") VALUES (?, ?, ?, ?)[0m  [["quote_id", 3], ["category_id", 2], ["created_at", "2026-05-22 18:46:55.762388"], ["updated_at", "2026-05-22 18:46:55.762388"]]
  [1m[36mTRANSACTION (3.0ms)[0m  [1m[36mcommit transaction[0m
  [1m[36mQuote Load (0.2ms)[0m  [1m[34mSELECT "quotes".* FROM "quotes" WHERE "quotes"."qtext" = ? AND "quotes"."user_id" = ? LIMIT ?[0m  [["qtext", "Without music, life would be a mistake."], ["user_id", 2], ["LIMIT", 1]]
  [1m[36mTRANSACTION (0.0ms)[0m  [1m[36mbegin transaction[0m
  [1m[36mQuote Create (1.4ms)[0m  [1m[32mINSERT INTO "quotes" ("qtext", "qyear", "qcom", "ispublic", "user_id", "source_id", "created_at", "updated_at") VALUES (?, ?, ?, ?, ?, ?, ?, ?)[0m  [["qtext", "Without music, life would be a mistake."], ["qyear", "1888"], ["qcom", "From Twilight of the Idols."], ["ispublic", 1], ["user_id", 2], ["source_id", 4], ["created_at", "2026-05-22 18:46:55.771725"], ["updated_at", "2026-05-22 18:46:55.771725"]]
  [1m[36mTRANSACTION (2.8ms)[0m  [1m[36mcommit transaction[0m
  [1m[36mCategory Load (0.2ms)[0m  [1m[34mSELECT "categories".* FROM "categories" WHERE "categories"."catname" = ? LIMIT ?[0m  [["catname", "Aesthetics"], ["LIMIT", 1]]
  [1m[36mQuoteCategory Load (0.2ms)[0m  [1m[34mSELECT "quote_categories".* FROM "quote_categories" WHERE "quote_categories"."quote_id" = ? AND "quote_categories"."category_id" = ? LIMIT ?[0m  [["quote_id", 4], ["category_id", 5], ["LIMIT", 1]]
  [1m[36mTRANSACTION (0.0ms)[0m  [1m[36mbegin transaction[0m
  [1m[36mQuoteCategory Create (1.0ms)[0m  [1m[32mINSERT INTO "quote_categories" ("quote_id", "category_id", "created_at", "updated_at") VALUES (?, ?, ?, ?)[0m  [["quote_id", 4], ["category_id", 5], ["created_at", "2026-05-22 18:46:55.783274"], ["updated_at", "2026-05-22 18:46:55.783274"]]
  [1m[36mTRANSACTION (2.4ms)[0m  [1m[36mcommit transaction[0m
  [1m[36mCategory Load (0.2ms)[0m  [1m[34mSELECT "categories".* FROM "categories" WHERE "categories"."catname" = ? LIMIT ?[0m  [["catname", "Existentialism"], ["LIMIT", 1]]
  [1m[36mQuoteCategory Load (0.1ms)[0m  [1m[34mSELECT "quote_categories".* FROM "quote_categories" WHERE "quote_categories"."quote_id" = ? AND "quote_categories"."category_id" = ? LIMIT ?[0m  [["quote_id", 4], ["category_id", 10], ["LIMIT", 1]]
  [1m[36mTRANSACTION (0.0ms)[0m  [1m[36mbegin transaction[0m
  [1m[36mQuoteCategory Create (1.1ms)[0m  [1m[32mINSERT INTO "quote_categories" ("quote_id", "category_id", "created_at", "updated_at") VALUES (?, ?, ?, ?)[0m  [["quote_id", 4], ["category_id", 10], ["created_at", "2026-05-22 18:46:55.791346"], ["updated_at", "2026-05-22 18:46:55.791346"]]
  [1m[36mTRANSACTION (2.7ms)[0m  [1m[36mcommit transaction[0m
  [1m[36mQuote Load (0.2ms)[0m  [1m[34mSELECT "quotes".* FROM "quotes" WHERE "quotes"."qtext" = ? AND "quotes"."user_id" = ? LIMIT ?[0m  [["qtext", "Knowledge is the food of the soul."], ["user_id", 2], ["LIMIT", 1]]
  [1m[36mTRANSACTION (0.1ms)[0m  [1m[36mbegin transaction[0m
  [1m[36mQuote Create (1.6ms)[0m  [1m[32mINSERT INTO "quotes" ("qtext", "qyear", "qcom", "ispublic", "user_id", "source_id", "created_at", "updated_at") VALUES (?, ?, ?, ?, ?, ?, ?, ?)[0m  [["qtext", "Knowledge is the food of the soul."], ["qyear", "380 BCE"], ["qcom", nil], ["ispublic", 1], ["user_id", 2], ["source_id", 5], ["created_at", "2026-05-22 18:46:55.800021"], ["updated_at", "2026-05-22 18:46:55.800021"]]
  [1m[36mTRANSACTION (3.0ms)[0m  [1m[36mcommit transaction[0m
  [1m[36mCategory Load (0.3ms)[0m  [1m[34mSELECT "categories".* FROM "categories" WHERE "categories"."catname" = ? LIMIT ?[0m  [["catname", "Epistemology"], ["LIMIT", 1]]
  [1m[36mQuoteCategory Load (0.2ms)[0m  [1m[34mSELECT "quote_categories".* FROM "quote_categories" WHERE "quote_categories"."quote_id" = ? AND "quote_categories"."category_id" = ? LIMIT ?[0m  [["quote_id", 5], ["category_id", 4], ["LIMIT", 1]]
  [1m[36mTRANSACTION (0.1ms)[0m  [1m[36mbegin transaction[0m
  [1m[36mQuoteCategory Create (1.3ms)[0m  [1m[32mINSERT INTO "quote_categories" ("quote_id", "category_id", "created_at", "updated_at") VALUES (?, ?, ?, ?)[0m  [["quote_id", 5], ["category_id", 4], ["created_at", "2026-05-22 18:46:55.814885"], ["updated_at", "2026-05-22 18:46:55.814885"]]
  [1m[36mTRANSACTION (3.4ms)[0m  [1m[36mcommit transaction[0m
  [1m[36mCategory Load (0.2ms)[0m  [1m[34mSELECT "categories".* FROM "categories" WHERE "categories"."catname" = ? LIMIT ?[0m  [["catname", "Ethics"], ["LIMIT", 1]]
  [1m[36mQuoteCategory Load (0.1ms)[0m  [1m[34mSELECT "quote_categories".* FROM "quote_categories" WHERE "quote_categories"."quote_id" = ? AND "quote_categories"."category_id" = ? LIMIT ?[0m  [["quote_id", 5], ["category_id", 1], ["LIMIT", 1]]
  [1m[36mTRANSACTION (0.0ms)[0m  [1m[36mbegin transaction[0m
  [1m[36mQuoteCategory Create (1.2ms)[0m  [1m[32mINSERT INTO "quote_categories" ("quote_id", "category_id", "created_at", "updated_at") VALUES (?, ?, ?, ?)[0m  [["quote_id", 5], ["category_id", 1], ["created_at", "2026-05-22 18:46:55.825710"], ["updated_at", "2026-05-22 18:46:55.825710"]]
  [1m[36mTRANSACTION (2.6ms)[0m  [1m[36mcommit transaction[0m
  [1m[36mQuote Load (0.1ms)[0m  [1m[34mSELECT "quotes".* FROM "quotes" WHERE "quotes"."qtext" = ? AND "quotes"."user_id" = ? LIMIT ?[0m  [["qtext", "I think, therefore I am."], ["user_id", 2], ["LIMIT", 1]]
  [1m[36mTRANSACTION (0.0ms)[0m  [1m[36mbegin transaction[0m
  [1m[36mQuote Create (0.9ms)[0m  [1m[32mINSERT INTO "quotes" ("qtext", "qyear", "qcom", "ispublic", "user_id", "source_id", "created_at", "updated_at") VALUES (?, ?, ?, ?, ?, ?, ?, ?)[0m  [["qtext", "I think, therefore I am."], ["qyear", "1637"], ["qcom", "Cogito, ergo sum — the starting point of Descartes' system."], ["ispublic", 1], ["user_id", 2], ["source_id", 6], ["created_at", "2026-05-22 18:46:55.834167"], ["updated_at", "2026-05-22 18:46:55.834167"]]
  [1m[36mTRANSACTION (2.4ms)[0m  [1m[36mcommit transaction[0m
  [1m[36mCategory Load (0.6ms)[0m  [1m[34mSELECT "categories".* FROM "categories" WHERE "categories"."catname" = ? LIMIT ?[0m  [["catname", "Metaphysics"], ["LIMIT", 1]]
  [1m[36mQuoteCategory Load (0.1ms)[0m  [1m[34mSELECT "quote_categories".* FROM "quote_categories" WHERE "quote_categories"."quote_id" = ? AND "quote_categories"."category_id" = ? LIMIT ?[0m  [["quote_id", 6], ["category_id", 3], ["LIMIT", 1]]
  [1m[36mTRANSACTION (0.0ms)[0m  [1m[36mbegin transaction[0m
  [1m[36mQuoteCategory Create (0.9ms)[0m  [1m[32mINSERT INTO "quote_categories" ("quote_id", "category_id", "created_at", "updated_at") VALUES (?, ?, ?, ?)[0m  [["quote_id", 6], ["category_id", 3], ["created_at", "2026-05-22 18:46:55.842150"], ["updated_at", "2026-05-22 18:46:55.842150"]]
  [1m[36mTRANSACTION (2.4ms)[0m  [1m[36mcommit transaction[0m
  [1m[36mCategory Load (0.1ms)[0m  [1m[34mSELECT "categories".* FROM "categories" WHERE "categories"."catname" = ? LIMIT ?[0m  [["catname", "Epistemology"], ["LIMIT", 1]]
  [1m[36mQuoteCategory Load (0.1ms)[0m  [1m[34mSELECT "quote_categories".* FROM "quote_categories" WHERE "quote_categories"."quote_id" = ? AND "quote_categories"."category_id" = ? LIMIT ?[0m  [["quote_id", 6], ["category_id", 4], ["LIMIT", 1]]
  [1m[36mTRANSACTION (0.0ms)[0m  [1m[36mbegin transaction[0m
  [1m[36mQuoteCategory Create (1.0ms)[0m  [1m[32mINSERT INTO "quote_categories" ("quote_id", "category_id", "created_at", "updated_at") VALUES (?, ?, ?, ?)[0m  [["quote_id", 6], ["category_id", 4], ["created_at", "2026-05-22 18:46:55.849699"], ["updated_at", "2026-05-22 18:46:55.849699"]]
  [1m[36mTRANSACTION (2.9ms)[0m  [1m[36mcommit transaction[0m
  [1m[36mQuote Load (0.2ms)[0m  [1m[34mSELECT "quotes".* FROM "quotes" WHERE "quotes"."qtext" = ? AND "quotes"."user_id" = ? LIMIT ?[0m  [["qtext", "That which does not kill us makes us stronger."], ["user_id", 1], ["LIMIT", 1]]
  [1m[36mTRANSACTION (0.0ms)[0m  [1m[36mbegin transaction[0m
  [1m[36mQuote Create (0.9ms)[0m  [1m[32mINSERT INTO "quotes" ("qtext", "qyear", "qcom", "ispublic", "user_id", "source_id", "created_at", "updated_at") VALUES (?, ?, ?, ?, ?, ?, ?, ?)[0m  [["qtext", "That which does not kill us makes us stronger."], ["qyear", "1888"], ["qcom", nil], ["ispublic", 1], ["user_id", 1], ["source_id", 4], ["created_at", "2026-05-22 18:46:55.857791"], ["updated_at", "2026-05-22 18:46:55.857791"]]
  [1m[36mTRANSACTION (2.4ms)[0m  [1m[36mcommit transaction[0m
  [1m[36mCategory Load (0.1ms)[0m  [1m[34mSELECT "categories".* FROM "categories" WHERE "categories"."catname" = ? LIMIT ?[0m  [["catname", "Existentialism"], ["LIMIT", 1]]
  [1m[36mQuoteCategory Load (0.1ms)[0m  [1m[34mSELECT "quote_categories".* FROM "quote_categories" WHERE "quote_categories"."quote_id" = ? AND "quote_categories"."category_id" = ? LIMIT ?[0m  [["quote_id", 7], ["category_id", 10], ["LIMIT", 1]]
  [1m[36mTRANSACTION (0.0ms)[0m  [1m[36mbegin transaction[0m
  [1m[36mQuoteCategory Create (1.1ms)[0m  [1m[32mINSERT INTO "quote_categories" ("quote_id", "category_id", "created_at", "updated_at") VALUES (?, ?, ?, ?)[0m  [["quote_id", 7], ["category_id", 10], ["created_at", "2026-05-22 18:46:55.866530"], ["updated_at", "2026-05-22 18:46:55.866530"]]
  [1m[36mTRANSACTION (2.8ms)[0m  [1m[36mcommit transaction[0m
  [1m[36mCategory Load (0.2ms)[0m  [1m[34mSELECT "categories".* FROM "categories" WHERE "categories"."catname" = ? LIMIT ?[0m  [["catname", "Ethics"], ["LIMIT", 1]]
  [1m[36mQuoteCategory Load (0.2ms)[0m  [1m[34mSELECT "quote_categories".* FROM "quote_categories" WHERE "quote_categories"."quote_id" = ? AND "quote_categories"."category_id" = ? LIMIT ?[0m  [["quote_id", 7], ["category_id", 1], ["LIMIT", 1]]
  [1m[36mTRANSACTION (0.1ms)[0m  [1m[36mbegin transaction[0m
  [1m[36mQuoteCategory Create (1.6ms)[0m  [1m[32mINSERT INTO "quote_categories" ("quote_id", "category_id", "created_at", "updated_at") VALUES (?, ?, ?, ?)[0m  [["quote_id", 7], ["category_id", 1], ["created_at", "2026-05-22 18:46:55.876187"], ["updated_at", "2026-05-22 18:46:55.876187"]]
  [1m[36mTRANSACTION (3.4ms)[0m  [1m[36mcommit transaction[0m
  [1m[36mQuote Load (0.2ms)[0m  [1m[34mSELECT "quotes".* FROM "quotes" WHERE "quotes"."qtext" = ? AND "quotes"."user_id" = ? LIMIT ?[0m  [["qtext", "Science is organised knowledge. Wisdom is organised life."], ["user_id", 1], ["LIMIT", 1]]
  [1m[36mTRANSACTION (0.1ms)[0m  [1m[36mbegin transaction[0m
  [1m[36mQuote Create (1.5ms)[0m  [1m[32mINSERT INTO "quotes" ("qtext", "qyear", "qcom", "ispublic", "user_id", "source_id", "created_at", "updated_at") VALUES (?, ?, ?, ?, ?, ?, ?, ?)[0m  [["qtext", "Science is organised knowledge. Wisdom is organised life."], ["qyear", nil], ["qcom", nil], ["ispublic", 1], ["user_id", 1], ["source_id", 3], ["created_at", "2026-05-22 18:46:55.886805"], ["updated_at", "2026-05-22 18:46:55.886805"]]
  [1m[36mTRANSACTION (3.7ms)[0m  [1m[36mcommit transaction[0m
  [1m[36mCategory Load (0.2ms)[0m  [1m[34mSELECT "categories".* FROM "categories" WHERE "categories"."catname" = ? LIMIT ?[0m  [["catname", "Epistemology"], ["LIMIT", 1]]
  [1m[36mQuoteCategory Load (3.5ms)[0m  [1m[34mSELECT "quote_categories".* FROM "quote_categories" WHERE "quote_categories"."quote_id" = ? AND "quote_categories"."category_id" = ? LIMIT ?[0m  [["quote_id", 8], ["category_id", 4], ["LIMIT", 1]]
  [1m[36mTRANSACTION (0.1ms)[0m  [1m[36mbegin transaction[0m
  [1m[36mQuoteCategory Create (1.5ms)[0m  [1m[32mINSERT INTO "quote_categories" ("quote_id", "category_id", "created_at", "updated_at") VALUES (?, ?, ?, ?)[0m  [["quote_id", 8], ["category_id", 4], ["created_at", "2026-05-22 18:46:55.902612"], ["updated_at", "2026-05-22 18:46:55.902612"]]
  [1m[36mTRANSACTION (5.0ms)[0m  [1m[36mcommit transaction[0m
  [1m[36mQuote Load (0.3ms)[0m  [1m[34mSELECT "quotes".* FROM "quotes" WHERE "quotes"."qtext" = ? AND "quotes"."user_id" = ? LIMIT ?[0m  [["qtext", "The more I know, the more I realise I know nothing."], ["user_id", 1], ["LIMIT", 1]]
  [1m[36mTRANSACTION (0.1ms)[0m  [1m[36mbegin transaction[0m
  [1m[36mQuote Create (1.5ms)[0m  [1m[32mINSERT INTO "quotes" ("qtext", "qyear", "qcom", "ispublic", "user_id", "source_id", "created_at", "updated_at") VALUES (?, ?, ?, ?, ?, ?, ?, ?)[0m  [["qtext", "The more I know, the more I realise I know nothing."], ["qyear", nil], ["qcom", "Often attributed to Socrates but no direct source exists."], ["ispublic", 1], ["user_id", 1], ["source_id", 7], ["created_at", "2026-05-22 18:46:55.915469"], ["updated_at", "2026-05-22 18:46:55.915469"]]
  [1m[36mTRANSACTION (3.6ms)[0m  [1m[36mcommit transaction[0m
  [1m[36mCategory Load (0.3ms)[0m  [1m[34mSELECT "categories".* FROM "categories" WHERE "categories"."catname" = ? LIMIT ?[0m  [["catname", "Epistemology"], ["LIMIT", 1]]
  [1m[36mQuoteCategory Load (0.2ms)[0m  [1m[34mSELECT "quote_categories".* FROM "quote_categories" WHERE "quote_categories"."quote_id" = ? AND "quote_categories"."category_id" = ? LIMIT ?[0m  [["quote_id", 9], ["category_id", 4], ["LIMIT", 1]]
  [1m[36mTRANSACTION (0.1ms)[0m  [1m[36mbegin transaction[0m
  [1m[36mQuoteCategory Create (1.5ms)[0m  [1m[32mINSERT INTO "quote_categories" ("quote_id", "category_id", "created_at", "updated_at") VALUES (?, ?, ?, ?)[0m  [["quote_id", 9], ["category_id", 4], ["created_at", "2026-05-22 18:46:55.928757"], ["updated_at", "2026-05-22 18:46:55.928757"]]
  [1m[36mTRANSACTION (3.5ms)[0m  [1m[36mcommit transaction[0m
  [1m[36mCategory Load (0.3ms)[0m  [1m[34mSELECT "categories".* FROM "categories" WHERE "categories"."catname" = ? LIMIT ?[0m  [["catname", "Metaphysics"], ["LIMIT", 1]]
  [1m[36mQuoteCategory Load (0.2ms)[0m  [1m[34mSELECT "quote_categories".* FROM "quote_categories" WHERE "quote_categories"."quote_id" = ? AND "quote_categories"."category_id" = ? LIMIT ?[0m  [["quote_id", 9], ["category_id", 3], ["LIMIT", 1]]
  [1m[36mTRANSACTION (0.1ms)[0m  [1m[36mbegin transaction[0m
  [1m[36mQuoteCategory Create (2.0ms)[0m  [1m[32mINSERT INTO "quote_categories" ("quote_id", "category_id", "created_at", "updated_at") VALUES (?, ?, ?, ?)[0m  [["quote_id", 9], ["category_id", 3], ["created_at", "2026-05-22 18:46:55.942072"], ["updated_at", "2026-05-22 18:46:55.942072"]]
  [1m[36mTRANSACTION (3.3ms)[0m  [1m[36mcommit transaction[0m
  [1m[36mQuote Load (0.2ms)[0m  [1m[34mSELECT "quotes".* FROM "quotes" WHERE "quotes"."qtext" = ? AND "quotes"."user_id" = ? LIMIT ?[0m  [["qtext", "The worst form of inequality is to try to make unequal things equal."], ["user_id", 2], ["LIMIT", 1]]
  [1m[36mTRANSACTION (0.1ms)[0m  [1m[36mbegin transaction[0m
  [1m[36mQuote Create (1.3ms)[0m  [1m[32mINSERT INTO "quotes" ("qtext", "qyear", "qcom", "ispublic", "user_id", "source_id", "created_at", "updated_at") VALUES (?, ?, ?, ?, ?, ?, ?, ?)[0m  [["qtext", "The worst form of inequality is to try to make unequal things equal."], ["qyear", "350 BCE"], ["qcom", "Kept private — still thinking through the implications."], ["ispublic", 0], ["user_id", 2], ["source_id", 2], ["created_at", "2026-05-22 18:46:55.954017"], ["updated_at", "2026-05-22 18:46:55.954017"]]
  [1m[36mTRANSACTION (3.6ms)[0m  [1m[36mcommit transaction[0m
  [1m[36mCategory Load (0.2ms)[0m  [1m[34mSELECT "categories".* FROM "categories" WHERE "categories"."catname" = ? LIMIT ?[0m  [["catname", "Political Philosophy"], ["LIMIT", 1]]
  [1m[36mQuoteCategory Load (0.2ms)[0m  [1m[34mSELECT "quote_categories".* FROM "quote_categories" WHERE "quote_categories"."quote_id" = ? AND "quote_categories"."category_id" = ? LIMIT ?[0m  [["quote_id", 10], ["category_id", 7], ["LIMIT", 1]]
  [1m[36mTRANSACTION (0.1ms)[0m  [1m[36mbegin transaction[0m
  [1m[36mQuoteCategory Create (1.3ms)[0m  [1m[32mINSERT INTO "quote_categories" ("quote_id", "category_id", "created_at", "updated_at") VALUES (?, ?, ?, ?)[0m  [["quote_id", 10], ["category_id", 7], ["created_at", "2026-05-22 18:46:55.965699"], ["updated_at", "2026-05-22 18:46:55.965699"]]
  [1m[36mTRANSACTION (3.0ms)[0m  [1m[36mcommit transaction[0m
  [1m[36mCategory Load (0.2ms)[0m  [1m[34mSELECT "categories".* FROM "categories" WHERE "categories"."catname" = ? LIMIT ?[0m  [["catname", "Ethics"], ["LIMIT", 1]]
  [1m[36mQuoteCategory Load (0.3ms)[0m  [1m[34mSELECT "quote_categories".* FROM "quote_categories" WHERE "quote_categories"."quote_id" = ? AND "quote_categories"."category_id" = ? LIMIT ?[0m  [["quote_id", 10], ["category_id", 1], ["LIMIT", 1]]
  [1m[36mTRANSACTION (0.1ms)[0m  [1m[36mbegin transaction[0m
  [1m[36mQuoteCategory Create (1.5ms)[0m  [1m[32mINSERT INTO "quote_categories" ("quote_id", "category_id", "created_at", "updated_at") VALUES (?, ?, ?, ?)[0m  [["quote_id", 10], ["category_id", 1], ["created_at", "2026-05-22 18:46:55.978364"], ["updated_at", "2026-05-22 18:46:55.978364"]]
  [1m[36mTRANSACTION (3.9ms)[0m  [1m[36mcommit transaction[0m
  [1m[36mQuote Count (0.3ms)[0m  [1m[34mSELECT COUNT(*) FROM "quotes"[0m
Started GET "/" for 127.0.0.1 at 2026-05-23 00:17:21 +0530
  [1m[36mActiveRecord::SchemaMigration Pluck (0.4ms)[0m  [1m[34mSELECT "schema_migrations"."version" FROM "schema_migrations" ORDER BY "schema_migrations"."version" ASC[0m
Processing by PagesController#home as HTML
  Rendering layout layouts/application.html.erb
  Rendering pages/home.html.erb within layouts/application
  [1m[36mCategory Load (0.9ms)[0m  [1m[34mSELECT "categories".* FROM "categories" ORDER BY "categories"."catname" ASC[0m
  ↳ app/views/pages/home.html.erb:16:in 'block in _app_views_pages_home_html_erb___53781707_10472'
  [1m[36mQuote Exists? (0.5ms)[0m  [1m[34mSELECT 1 AS one FROM "quotes" WHERE "quotes"."ispublic" = ? LIMIT ?[0m  [["ispublic", 1], ["LIMIT", 1]]
  ↳ app/views/pages/home.html.erb:24:in '_app_views_pages_home_html_erb___53781707_10472'
  [1m[36mQuote Load (0.8ms)[0m  [1m[34mSELECT "quotes".* FROM "quotes" WHERE "quotes"."ispublic" = ? ORDER BY "quotes"."created_at" DESC LIMIT ?[0m  [["ispublic", 1], ["LIMIT", 10]]
  ↳ app/views/pages/home.html.erb:25:in '_app_views_pages_home_html_erb___53781707_10472'
  [1m[36mUser Load (0.4ms)[0m  [1m[34mSELECT "users".* FROM "users" WHERE "users"."id" IN (?, ?)[0m  [["id", 1], ["id", 2]]
  ↳ app/views/pages/home.html.erb:25:in '_app_views_pages_home_html_erb___53781707_10472'
  [1m[36mSource Load (2.9ms)[0m  [1m[34mSELECT "sources".* FROM "sources" WHERE "sources"."id" IN (?, ?, ?, ?, ?, ?, ?)[0m  [["id", 7], ["id", 3], ["id", 4], ["id", 6], ["id", 5], ["id", 2], ["id", 1]]
  ↳ app/views/pages/home.html.erb:25:in '_app_views_pages_home_html_erb___53781707_10472'
  [1m[36mQuoteCategory Load (0.4ms)[0m  [1m[34mSELECT "quote_categories".* FROM "quote_categories" WHERE "quote_categories"."quote_id" IN (?, ?, ?, ?, ?, ?, ?, ?, ?)[0m  [["quote_id", 9], ["quote_id", 8], ["quote_id", 7], ["quote_id", 6], ["quote_id", 5], ["quote_id", 4], ["quote_id", 3], ["quote_id", 2], ["quote_id", 1]]
  ↳ app/views/pages/home.html.erb:25:in '_app_views_pages_home_html_erb___53781707_10472'
  [1m[36mCategory Load (4.9ms)[0m  [1m[34mSELECT "categories".* FROM "categories" WHERE "categories"."id" IN (?, ?, ?, ?, ?, ?)[0m  [["id", 1], ["id", 10], ["id", 2], ["id", 5], ["id", 4], ["id", 3]]
  ↳ app/views/pages/home.html.erb:25:in '_app_views_pages_home_html_erb___53781707_10472'
  Rendered pages/home.html.erb within layouts/application (Duration: 509.7ms | Allocations: 46129)
  Rendered layout layouts/application.html.erb (Duration: 2199.5ms | Allocations: 115659)
Completed 500 Internal Server Error in 2491ms (ActiveRecord: 18.4ms | Allocations: 128697)


  
ActionView::Template::Error (Multiple files with the same output path cannot be linked ("application.js")
In "C:/Users/ASUS/Documents/myquote_category_fix/myquote/app/assets/config/manifest.js" these files were linked:
  - C:/Users/ASUS/Documents/myquote_category_fix/myquote/app/assets/javascripts/application.js
  - C:/Users/ASUS/Documents/myquote_category_fix/myquote/app/javascript/application.js
):
  
sprockets (4.2.2) lib/sprockets/base.rb:100:in 'Sprockets::Base#find_all_linked_assets'
sprockets (4.2.2) lib/sprockets/manifest.rb:125:in 'Enumerator#each'
sprockets (4.2.2) lib/sprockets/manifest.rb:125:in 'Enumerable#to_a'
sprockets (4.2.2) lib/sprockets/manifest.rb:125:in 'block (2 levels) in Sprockets::Manifest#find'
concurrent-ruby (1.3.6) lib/concurrent-ruby/concurrent/executor/safe_task_executor.rb:24:in 'block in Concurrent::SafeTaskExecutor#execute'
concurrent-ruby (1.3.6) lib/concurrent-ruby/concurrent/synchronization/mutex_lockable_object.rb:48:in 'block in Concurrent::Synchronization::MutexLockableObject#synchronize'
concurrent-ruby (1.3.6) lib/concurrent-ruby/concurrent/synchronization/mutex_lockable_object.rb:48:in 'Thread::Mutex#synchronize'
concurrent-ruby (1.3.6) lib/concurrent-ruby/concurrent/synchronization/mutex_lockable_object.rb:48:in 'Concurrent::Synchronization::MutexLockableObject#synchronize'
concurrent-ruby (1.3.6) lib/concurrent-ruby/concurrent/executor/safe_task_executor.rb:22:in 'Concurrent::SafeTaskExecutor#execute'
concurrent-ruby (1.3.6) lib/concurrent-ruby/concurrent/promise.rb:564:in 'block in Concurrent::Promise#realize'
concurrent-ruby (1.3.6) lib/concurrent-ruby/concurrent/executor/ruby_thread_pool_executor.rb:382:in 'Concurrent::RubyThreadPoolExecutor::Worker#run_task'
concurrent-ruby (1.3.6) lib/concurrent-ruby/concurrent/executor/ruby_thread_pool_executor.rb:372:in 'block (3 levels) in Concurrent::RubyThreadPoolExecutor::Worker#create_worker'
<internal:kernel>:168:in 'Kernel#loop'
concurrent-ruby (1.3.6) lib/concurrent-ruby/concurrent/executor/ruby_thread_pool_executor.rb:361:in 'block (2 levels) in Concurrent::RubyThreadPoolExecutor::Worker#create_worker'
concurrent-ruby (1.3.6) lib/concurrent-ruby/concurrent/executor/ruby_thread_pool_executor.rb:358:in 'Kernel#catch'
concurrent-ruby (1.3.6) lib/concurrent-ruby/concurrent/executor/ruby_thread_pool_executor.rb:358:in 'block in Concurrent::RubyThreadPoolExecutor::Worker#create_worker'
Started GET "/favicon.ico" for 127.0.0.1 at 2026-05-23 00:17:25 +0530
  
ActionController::RoutingError (No route matches [GET] "/favicon.ico"):
  
Started GET "/" for 127.0.0.1 at 2026-05-23 00:20:34 +0530
Processing by PagesController#home as HTML
  Rendering layout layouts/application.html.erb
  Rendering pages/home.html.erb within layouts/application
  [1m[36mCategory Load (0.6ms)[0m  [1m[34mSELECT "categories".* FROM "categories" ORDER BY "categories"."catname" ASC[0m
  ↳ app/views/pages/home.html.erb:16:in 'block in _app_views_pages_home_html_erb___53781707_10472'
  [1m[36mQuote Exists? (0.5ms)[0m  [1m[34mSELECT 1 AS one FROM "quotes" WHERE "quotes"."ispublic" = ? LIMIT ?[0m  [["ispublic", 1], ["LIMIT", 1]]
  ↳ app/views/pages/home.html.erb:24:in '_app_views_pages_home_html_erb___53781707_10472'
  [1m[36mQuote Load (0.9ms)[0m  [1m[34mSELECT "quotes".* FROM "quotes" WHERE "quotes"."ispublic" = ? ORDER BY "quotes"."created_at" DESC LIMIT ?[0m  [["ispublic", 1], ["LIMIT", 10]]
  ↳ app/views/pages/home.html.erb:25:in '_app_views_pages_home_html_erb___53781707_10472'
  [1m[36mUser Load (0.8ms)[0m  [1m[34mSELECT "users".* FROM "users" WHERE "users"."id" IN (?, ?)[0m  [["id", 1], ["id", 2]]
  ↳ app/views/pages/home.html.erb:25:in '_app_views_pages_home_html_erb___53781707_10472'
  [1m[36mSource Load (0.7ms)[0m  [1m[34mSELECT "sources".* FROM "sources" WHERE "sources"."id" IN (?, ?, ?, ?, ?, ?, ?)[0m  [["id", 7], ["id", 3], ["id", 4], ["id", 6], ["id", 5], ["id", 2], ["id", 1]]
  ↳ app/views/pages/home.html.erb:25:in '_app_views_pages_home_html_erb___53781707_10472'
  [1m[36mQuoteCategory Load (1.4ms)[0m  [1m[34mSELECT "quote_categories".* FROM "quote_categories" WHERE "quote_categories"."quote_id" IN (?, ?, ?, ?, ?, ?, ?, ?, ?)[0m  [["quote_id", 9], ["quote_id", 8], ["quote_id", 7], ["quote_id", 6], ["quote_id", 5], ["quote_id", 4], ["quote_id", 3], ["quote_id", 2], ["quote_id", 1]]
  ↳ app/views/pages/home.html.erb:25:in '_app_views_pages_home_html_erb___53781707_10472'
  [1m[36mCategory Load (1.0ms)[0m  [1m[34mSELECT "categories".* FROM "categories" WHERE "categories"."id" IN (?, ?, ?, ?, ?, ?)[0m  [["id", 1], ["id", 10], ["id", 2], ["id", 5], ["id", 4], ["id", 3]]
  ↳ app/views/pages/home.html.erb:25:in '_app_views_pages_home_html_erb___53781707_10472'
  Rendered pages/home.html.erb within layouts/application (Duration: 71.6ms | Allocations: 14419)
  Rendered layout layouts/application.html.erb (Duration: 344.5ms | Allocations: 48096)
Completed 500 Internal Server Error in 354ms (ActiveRecord: 6.1ms | Allocations: 48446)


  
ActionView::Template::Error (Asset `application.js` was not declared to be precompiled in production.
Declare links to your assets in `app/assets/config/manifest.js`.

  //= link application.js

and restart your server):
     6:     <%= csrf_meta_tags %>
     7:     <%= csp_meta_tag %>
     8:     <%= stylesheet_link_tag "application", "data-turbo-track": "reload" %>
     9:     <%= javascript_importmap_tags %>
    10:   </head>
    11:   <body>
    12: 
  
app/views/layouts/application.html.erb:9:in '_app_views_layouts_application_html_erb__687071678_10824'
Started GET "/" for 127.0.0.1 at 2026-05-23 00:22:20 +0530
Processing by PagesController#home as HTML
  Rendering layout layouts/application.html.erb
  Rendering pages/home.html.erb within layouts/application
  [1m[36mCategory Load (0.5ms)[0m  [1m[34mSELECT "categories".* FROM "categories" ORDER BY "categories"."catname" ASC[0m
  ↳ app/views/pages/home.html.erb:16:in 'block in _app_views_pages_home_html_erb___53781707_10472'
  [1m[36mQuote Exists? (0.4ms)[0m  [1m[34mSELECT 1 AS one FROM "quotes" WHERE "quotes"."ispublic" = ? LIMIT ?[0m  [["ispublic", 1], ["LIMIT", 1]]
  ↳ app/views/pages/home.html.erb:24:in '_app_views_pages_home_html_erb___53781707_10472'
  [1m[36mQuote Load (0.6ms)[0m  [1m[34mSELECT "quotes".* FROM "quotes" WHERE "quotes"."ispublic" = ? ORDER BY "quotes"."created_at" DESC LIMIT ?[0m  [["ispublic", 1], ["LIMIT", 10]]
  ↳ app/views/pages/home.html.erb:25:in '_app_views_pages_home_html_erb___53781707_10472'
  [1m[36mUser Load (0.7ms)[0m  [1m[34mSELECT "users".* FROM "users" WHERE "users"."id" IN (?, ?)[0m  [["id", 1], ["id", 2]]
  ↳ app/views/pages/home.html.erb:25:in '_app_views_pages_home_html_erb___53781707_10472'
  [1m[36mSource Load (1.2ms)[0m  [1m[34mSELECT "sources".* FROM "sources" WHERE "sources"."id" IN (?, ?, ?, ?, ?, ?, ?)[0m  [["id", 7], ["id", 3], ["id", 4], ["id", 6], ["id", 5], ["id", 2], ["id", 1]]
  ↳ app/views/pages/home.html.erb:25:in '_app_views_pages_home_html_erb___53781707_10472'
  [1m[36mQuoteCategory Load (0.6ms)[0m  [1m[34mSELECT "quote_categories".* FROM "quote_categories" WHERE "quote_categories"."quote_id" IN (?, ?, ?, ?, ?, ?, ?, ?, ?)[0m  [["quote_id", 9], ["quote_id", 8], ["quote_id", 7], ["quote_id", 6], ["quote_id", 5], ["quote_id", 4], ["quote_id", 3], ["quote_id", 2], ["quote_id", 1]]
  ↳ app/views/pages/home.html.erb:25:in '_app_views_pages_home_html_erb___53781707_10472'
  [1m[36mCategory Load (0.6ms)[0m  [1m[34mSELECT "categories".* FROM "categories" WHERE "categories"."id" IN (?, ?, ?, ?, ?, ?)[0m  [["id", 1], ["id", 10], ["id", 2], ["id", 5], ["id", 4], ["id", 3]]
  ↳ app/views/pages/home.html.erb:25:in '_app_views_pages_home_html_erb___53781707_10472'
  Rendered pages/home.html.erb within layouts/application (Duration: 40.8ms | Allocations: 14397)
  Rendered layout layouts/application.html.erb (Duration: 340.7ms | Allocations: 55971)
Completed 500 Internal Server Error in 348ms (ActiveRecord: 4.6ms | Allocations: 56313)


  
ActionView::Template::Error (Asset `controllers/application.js` was not declared to be precompiled in production.
Declare links to your assets in `app/assets/config/manifest.js`.

  //= link controllers/application.js

and restart your server):
     6:     <%= csrf_meta_tags %>
     7:     <%= csp_meta_tag %>
     8:     <%= stylesheet_link_tag "application", "data-turbo-track": "reload" %>
     9:     <%= javascript_importmap_tags %>
    10:   </head>
    11:   <body>
    12: 
  
app/views/layouts/application.html.erb:9:in '_app_views_layouts_application_html_erb__687071678_10824'
Started GET "/" for 127.0.0.1 at 2026-05-23 00:23:41 +0530
Processing by PagesController#home as HTML
  Rendering layout layouts/application.html.erb
  Rendering pages/home.html.erb within layouts/application
  [1m[36mCategory Load (0.3ms)[0m  [1m[34mSELECT "categories".* FROM "categories" ORDER BY "categories"."catname" ASC[0m
  ↳ app/views/pages/home.html.erb:16:in 'block in _app_views_pages_home_html_erb___53781707_10472'
  [1m[36mQuote Exists? (0.5ms)[0m  [1m[34mSELECT 1 AS one FROM "quotes" WHERE "quotes"."ispublic" = ? LIMIT ?[0m  [["ispublic", 1], ["LIMIT", 1]]
  ↳ app/views/pages/home.html.erb:24:in '_app_views_pages_home_html_erb___53781707_10472'
  [1m[36mQuote Load (0.6ms)[0m  [1m[34mSELECT "quotes".* FROM "quotes" WHERE "quotes"."ispublic" = ? ORDER BY "quotes"."created_at" DESC LIMIT ?[0m  [["ispublic", 1], ["LIMIT", 10]]
  ↳ app/views/pages/home.html.erb:25:in '_app_views_pages_home_html_erb___53781707_10472'
  [1m[36mUser Load (0.4ms)[0m  [1m[34mSELECT "users".* FROM "users" WHERE "users"."id" IN (?, ?)[0m  [["id", 1], ["id", 2]]
  ↳ app/views/pages/home.html.erb:25:in '_app_views_pages_home_html_erb___53781707_10472'
  [1m[36mSource Load (0.8ms)[0m  [1m[34mSELECT "sources".* FROM "sources" WHERE "sources"."id" IN (?, ?, ?, ?, ?, ?, ?)[0m  [["id", 7], ["id", 3], ["id", 4], ["id", 6], ["id", 5], ["id", 2], ["id", 1]]
  ↳ app/views/pages/home.html.erb:25:in '_app_views_pages_home_html_erb___53781707_10472'
  [1m[36mQuoteCategory Load (0.6ms)[0m  [1m[34mSELECT "quote_categories".* FROM "quote_categories" WHERE "quote_categories"."quote_id" IN (?, ?, ?, ?, ?, ?, ?, ?, ?)[0m  [["quote_id", 9], ["quote_id", 8], ["quote_id", 7], ["quote_id", 6], ["quote_id", 5], ["quote_id", 4], ["quote_id", 3], ["quote_id", 2], ["quote_id", 1]]
  ↳ app/views/pages/home.html.erb:25:in '_app_views_pages_home_html_erb___53781707_10472'
  [1m[36mCategory Load (0.6ms)[0m  [1m[34mSELECT "categories".* FROM "categories" WHERE "categories"."id" IN (?, ?, ?, ?, ?, ?)[0m  [["id", 1], ["id", 10], ["id", 2], ["id", 5], ["id", 4], ["id", 3]]
  ↳ app/views/pages/home.html.erb:25:in '_app_views_pages_home_html_erb___53781707_10472'
  Rendered pages/home.html.erb within layouts/application (Duration: 33.8ms | Allocations: 14391)
  Rendered layout layouts/application.html.erb (Duration: 189.4ms | Allocations: 40249)
Completed 500 Internal Server Error in 198ms (ActiveRecord: 3.8ms | Allocations: 40584)


  
ActionView::Template::Error (Asset `controllers/application.js` was not declared to be precompiled in production.
Declare links to your assets in `app/assets/config/manifest.js`.

  //= link controllers/application.js

and restart your server):
     6:     <%= csrf_meta_tags %>
     7:     <%= csp_meta_tag %>
     8:     <%= stylesheet_link_tag "application", "data-turbo-track": "reload" %>
     9:     <%= javascript_importmap_tags %>
    10:   </head>
    11:   <body>
    12: 
  
app/views/layouts/application.html.erb:9:in '_app_views_layouts_application_html_erb__687071678_10824'
Started GET "/" for 127.0.0.1 at 2026-05-23 00:25:12 +0530
Processing by PagesController#home as HTML
  Rendering layout layouts/application.html.erb
  Rendering pages/home.html.erb within layouts/application
  [1m[36mCategory Load (0.2ms)[0m  [1m[34mSELECT "categories".* FROM "categories" ORDER BY "categories"."catname" ASC[0m
  ↳ app/views/pages/home.html.erb:16:in 'block in _app_views_pages_home_html_erb___53781707_10472'
  [1m[36mQuote Exists? (0.2ms)[0m  [1m[34mSELECT 1 AS one FROM "quotes" WHERE "quotes"."ispublic" = ? LIMIT ?[0m  [["ispublic", 1], ["LIMIT", 1]]
  ↳ app/views/pages/home.html.erb:24:in '_app_views_pages_home_html_erb___53781707_10472'
  [1m[36mQuote Load (0.2ms)[0m  [1m[34mSELECT "quotes".* FROM "quotes" WHERE "quotes"."ispublic" = ? ORDER BY "quotes"."created_at" DESC LIMIT ?[0m  [["ispublic", 1], ["LIMIT", 10]]
  ↳ app/views/pages/home.html.erb:25:in '_app_views_pages_home_html_erb___53781707_10472'
  [1m[36mUser Load (0.3ms)[0m  [1m[34mSELECT "users".* FROM "users" WHERE "users"."id" IN (?, ?)[0m  [["id", 1], ["id", 2]]
  ↳ app/views/pages/home.html.erb:25:in '_app_views_pages_home_html_erb___53781707_10472'
  [1m[36mSource Load (0.3ms)[0m  [1m[34mSELECT "sources".* FROM "sources" WHERE "sources"."id" IN (?, ?, ?, ?, ?, ?, ?)[0m  [["id", 7], ["id", 3], ["id", 4], ["id", 6], ["id", 5], ["id", 2], ["id", 1]]
  ↳ app/views/pages/home.html.erb:25:in '_app_views_pages_home_html_erb___53781707_10472'
  [1m[36mQuoteCategory Load (0.3ms)[0m  [1m[34mSELECT "quote_categories".* FROM "quote_categories" WHERE "quote_categories"."quote_id" IN (?, ?, ?, ?, ?, ?, ?, ?, ?)[0m  [["quote_id", 9], ["quote_id", 8], ["quote_id", 7], ["quote_id", 6], ["quote_id", 5], ["quote_id", 4], ["quote_id", 3], ["quote_id", 2], ["quote_id", 1]]
  ↳ app/views/pages/home.html.erb:25:in '_app_views_pages_home_html_erb___53781707_10472'
  [1m[36mCategory Load (0.4ms)[0m  [1m[34mSELECT "categories".* FROM "categories" WHERE "categories"."id" IN (?, ?, ?, ?, ?, ?)[0m  [["id", 1], ["id", 10], ["id", 2], ["id", 5], ["id", 4], ["id", 3]]
  ↳ app/views/pages/home.html.erb:25:in '_app_views_pages_home_html_erb___53781707_10472'
  Rendered pages/home.html.erb within layouts/application (Duration: 21.6ms | Allocations: 14390)
  Rendered layout layouts/application.html.erb (Duration: 87.8ms | Allocations: 35510)
Completed 500 Internal Server Error in 91ms (ActiveRecord: 1.9ms | Allocations: 35845)


  
ActionView::Template::Error (Asset `controllers/application.js` was not declared to be precompiled in production.
Declare links to your assets in `app/assets/config/manifest.js`.

  //= link controllers/application.js

and restart your server):
     6:     <%= csrf_meta_tags %>
     7:     <%= csp_meta_tag %>
     8:     <%= stylesheet_link_tag "application", "data-turbo-track": "reload" %>
     9:     <%= javascript_importmap_tags %>
    10:   </head>
    11:   <body>
    12: 
  
app/views/layouts/application.html.erb:9:in '_app_views_layouts_application_html_erb__687071678_10824'
Started GET "/" for 127.0.0.1 at 2026-05-23 00:25:55 +0530
  [1m[36mActiveRecord::SchemaMigration Pluck (0.4ms)[0m  [1m[34mSELECT "schema_migrations"."version" FROM "schema_migrations" ORDER BY "schema_migrations"."version" ASC[0m
Processing by PagesController#home as HTML
  Rendering layout layouts/application.html.erb
  Rendering pages/home.html.erb within layouts/application
  [1m[36mCategory Load (0.7ms)[0m  [1m[34mSELECT "categories".* FROM "categories" ORDER BY "categories"."catname" ASC[0m
  ↳ app/views/pages/home.html.erb:16:in 'block in _app_views_pages_home_html_erb___625873694_10448'
  [1m[36mQuote Exists? (0.5ms)[0m  [1m[34mSELECT 1 AS one FROM "quotes" WHERE "quotes"."ispublic" = ? LIMIT ?[0m  [["ispublic", 1], ["LIMIT", 1]]
  ↳ app/views/pages/home.html.erb:24:in '_app_views_pages_home_html_erb___625873694_10448'
  [1m[36mQuote Load (0.5ms)[0m  [1m[34mSELECT "quotes".* FROM "quotes" WHERE "quotes"."ispublic" = ? ORDER BY "quotes"."created_at" DESC LIMIT ?[0m  [["ispublic", 1], ["LIMIT", 10]]
  ↳ app/views/pages/home.html.erb:25:in '_app_views_pages_home_html_erb___625873694_10448'
  [1m[36mUser Load (0.2ms)[0m  [1m[34mSELECT "users".* FROM "users" WHERE "users"."id" IN (?, ?)[0m  [["id", 1], ["id", 2]]
  ↳ app/views/pages/home.html.erb:25:in '_app_views_pages_home_html_erb___625873694_10448'
  [1m[36mSource Load (0.3ms)[0m  [1m[34mSELECT "sources".* FROM "sources" WHERE "sources"."id" IN (?, ?, ?, ?, ?, ?, ?)[0m  [["id", 7], ["id", 3], ["id", 4], ["id", 6], ["id", 5], ["id", 2], ["id", 1]]
  ↳ app/views/pages/home.html.erb:25:in '_app_views_pages_home_html_erb___625873694_10448'
  [1m[36mQuoteCategory Load (0.3ms)[0m  [1m[34mSELECT "quote_categories".* FROM "quote_categories" WHERE "quote_categories"."quote_id" IN (?, ?, ?, ?, ?, ?, ?, ?, ?)[0m  [["quote_id", 9], ["quote_id", 8], ["quote_id", 7], ["quote_id", 6], ["quote_id", 5], ["quote_id", 4], ["quote_id", 3], ["quote_id", 2], ["quote_id", 1]]
  ↳ app/views/pages/home.html.erb:25:in '_app_views_pages_home_html_erb___625873694_10448'
  [1m[36mCategory Load (0.4ms)[0m  [1m[34mSELECT "categories".* FROM "categories" WHERE "categories"."id" IN (?, ?, ?, ?, ?, ?)[0m  [["id", 1], ["id", 10], ["id", 2], ["id", 5], ["id", 4], ["id", 3]]
  ↳ app/views/pages/home.html.erb:25:in '_app_views_pages_home_html_erb___625873694_10448'
  Rendered pages/home.html.erb within layouts/application (Duration: 203.7ms | Allocations: 42342)
  Rendered layout layouts/application.html.erb (Duration: 377.4ms | Allocations: 83034)
Completed 500 Internal Server Error in 477ms (ActiveRecord: 9.4ms | Allocations: 93169)


  
ActionView::Template::Error (Asset `controllers/application.js` was not declared to be precompiled in production.
Declare links to your assets in `app/assets/config/manifest.js`.

  //= link controllers/application.js

and restart your server):
     6:     <%= csrf_meta_tags %>
     7:     <%= csp_meta_tag %>
     8:     <%= stylesheet_link_tag "application", "data-turbo-track": "reload" %>
     9:     <%= javascript_importmap_tags %>
    10:   </head>
    11:   <body>
    12: 
  
app/views/layouts/application.html.erb:9:in '_app_views_layouts_application_html_erb___421336021_10800'
Started GET "/favicon.ico" for 127.0.0.1 at 2026-05-23 00:25:57 +0530
  
ActionController::RoutingError (No route matches [GET] "/favicon.ico"):
  
Started GET "/" for 127.0.0.1 at 2026-05-23 00:26:53 +0530
Processing by PagesController#home as HTML
  Rendering layout layouts/application.html.erb
  Rendering pages/home.html.erb within layouts/application
  [1m[36mCategory Load (0.4ms)[0m  [1m[34mSELECT "categories".* FROM "categories" ORDER BY "categories"."catname" ASC[0m
  ↳ app/views/pages/home.html.erb:16:in 'block in _app_views_pages_home_html_erb___625873694_11280'
  [1m[36mQuote Exists? (0.7ms)[0m  [1m[34mSELECT 1 AS one FROM "quotes" WHERE "quotes"."ispublic" = ? LIMIT ?[0m  [["ispublic", 1], ["LIMIT", 1]]
  ↳ app/views/pages/home.html.erb:24:in '_app_views_pages_home_html_erb___625873694_11280'
  [1m[36mQuote Load (0.3ms)[0m  [1m[34mSELECT "quotes".* FROM "quotes" WHERE "quotes"."ispublic" = ? ORDER BY "quotes"."created_at" DESC LIMIT ?[0m  [["ispublic", 1], ["LIMIT", 10]]
  ↳ app/views/pages/home.html.erb:25:in '_app_views_pages_home_html_erb___625873694_11280'
  [1m[36mUser Load (0.3ms)[0m  [1m[34mSELECT "users".* FROM "users" WHERE "users"."id" IN (?, ?)[0m  [["id", 1], ["id", 2]]
  ↳ app/views/pages/home.html.erb:25:in '_app_views_pages_home_html_erb___625873694_11280'
  [1m[36mSource Load (0.3ms)[0m  [1m[34mSELECT "sources".* FROM "sources" WHERE "sources"."id" IN (?, ?, ?, ?, ?, ?, ?)[0m  [["id", 7], ["id", 3], ["id", 4], ["id", 6], ["id", 5], ["id", 2], ["id", 1]]
  ↳ app/views/pages/home.html.erb:25:in '_app_views_pages_home_html_erb___625873694_11280'
  [1m[36mQuoteCategory Load (0.4ms)[0m  [1m[34mSELECT "quote_categories".* FROM "quote_categories" WHERE "quote_categories"."quote_id" IN (?, ?, ?, ?, ?, ?, ?, ?, ?)[0m  [["quote_id", 9], ["quote_id", 8], ["quote_id", 7], ["quote_id", 6], ["quote_id", 5], ["quote_id", 4], ["quote_id", 3], ["quote_id", 2], ["quote_id", 1]]
  ↳ app/views/pages/home.html.erb:25:in '_app_views_pages_home_html_erb___625873694_11280'
  [1m[36mCategory Load (1.2ms)[0m  [1m[34mSELECT "categories".* FROM "categories" WHERE "categories"."id" IN (?, ?, ?, ?, ?, ?)[0m  [["id", 1], ["id", 10], ["id", 2], ["id", 5], ["id", 4], ["id", 3]]
  ↳ app/views/pages/home.html.erb:25:in '_app_views_pages_home_html_erb___625873694_11280'
  Rendered pages/home.html.erb within layouts/application (Duration: 32.7ms | Allocations: 14953)
  Rendered layout layouts/application.html.erb (Duration: 250.9ms | Allocations: 16769)
Completed 200 OK in 264ms (Views: 254.2ms | ActiveRecord: 3.5ms | Allocations: 17694)


Started GET "/assets/application-68a1e39325a12b6f2b98621d6e1804f6ba774016be070d44ed4c37dfab735caf.css" for 127.0.0.1 at 2026-05-23 00:26:53 +0530
Started GET "/" for 127.0.0.1 at 2026-05-23 00:26:59 +0530
Processing by PagesController#home as HTML
  Rendering layout layouts/application.html.erb
  Rendering pages/home.html.erb within layouts/application
  [1m[36mCategory Load (1.0ms)[0m  [1m[34mSELECT "categories".* FROM "categories" ORDER BY "categories"."catname" ASC[0m
  ↳ app/views/pages/home.html.erb:16:in 'block in _app_views_pages_home_html_erb___625873694_11280'
  [1m[36mQuote Exists? (0.6ms)[0m  [1m[34mSELECT 1 AS one FROM "quotes" WHERE "quotes"."ispublic" = ? LIMIT ?[0m  [["ispublic", 1], ["LIMIT", 1]]
  ↳ app/views/pages/home.html.erb:24:in '_app_views_pages_home_html_erb___625873694_11280'
  [1m[36mQuote Load (0.7ms)[0m  [1m[34mSELECT "quotes".* FROM "quotes" WHERE "quotes"."ispublic" = ? ORDER BY "quotes"."created_at" DESC LIMIT ?[0m  [["ispublic", 1], ["LIMIT", 10]]
  ↳ app/views/pages/home.html.erb:25:in '_app_views_pages_home_html_erb___625873694_11280'
  [1m[36mUser Load (0.4ms)[0m  [1m[34mSELECT "users".* FROM "users" WHERE "users"."id" IN (?, ?)[0m  [["id", 1], ["id", 2]]
  ↳ app/views/pages/home.html.erb:25:in '_app_views_pages_home_html_erb___625873694_11280'
  [1m[36mSource Load (0.7ms)[0m  [1m[34mSELECT "sources".* FROM "sources" WHERE "sources"."id" IN (?, ?, ?, ?, ?, ?, ?)[0m  [["id", 7], ["id", 3], ["id", 4], ["id", 6], ["id", 5], ["id", 2], ["id", 1]]
  ↳ app/views/pages/home.html.erb:25:in '_app_views_pages_home_html_erb___625873694_11280'
  [1m[36mQuoteCategory Load (0.9ms)[0m  [1m[34mSELECT "quote_categories".* FROM "quote_categories" WHERE "quote_categories"."quote_id" IN (?, ?, ?, ?, ?, ?, ?, ?, ?)[0m  [["quote_id", 9], ["quote_id", 8], ["quote_id", 7], ["quote_id", 6], ["quote_id", 5], ["quote_id", 4], ["quote_id", 3], ["quote_id", 2], ["quote_id", 1]]
  ↳ app/views/pages/home.html.erb:25:in '_app_views_pages_home_html_erb___625873694_11280'
  [1m[36mCategory Load (2.1ms)[0m  [1m[34mSELECT "categories".* FROM "categories" WHERE "categories"."id" IN (?, ?, ?, ?, ?, ?)[0m  [["id", 1], ["id", 10], ["id", 2], ["id", 5], ["id", 4], ["id", 3]]
  ↳ app/views/pages/home.html.erb:25:in '_app_views_pages_home_html_erb___625873694_11280'
  Rendered pages/home.html.erb within layouts/application (Duration: 45.4ms | Allocations: 14397)
  Rendered layout layouts/application.html.erb (Duration: 54.8ms | Allocations: 15702)
Completed 200 OK in 64ms (Views: 50.3ms | ActiveRecord: 6.4ms | Allocations: 16063)


Started GET "/assets/application-68a1e39325a12b6f2b98621d6e1804f6ba774016be070d44ed4c37dfab735caf.css" for 127.0.0.1 at 2026-05-23 00:26:59 +0530
Started GET "/login" for 127.0.0.1 at 2026-05-23 00:27:04 +0530
Processing by SessionsController#new as HTML
  Rendering layout layouts/application.html.erb
  Rendering sessions/new.html.erb within layouts/application
  Rendered sessions/new.html.erb within layouts/application (Duration: 99.2ms | Allocations: 748)
  Rendered layout layouts/application.html.erb (Duration: 107.9ms | Allocations: 2107)
Completed 200 OK in 134ms (Views: 121.3ms | ActiveRecord: 0.0ms | Allocations: 2898)


Started POST "/login" for 127.0.0.1 at 2026-05-23 00:27:15 +0530
Processing by SessionsController#create as HTML
  Parameters: {"authenticity_token" => "[FILTERED]", "email" => "admin@myquotes.com", "password" => "[FILTERED]", "commit" => "Log In"}
  [1m[36mUser Load (5.1ms)[0m  [1m[34mSELECT "users".* FROM "users" WHERE "users"."email" = ? LIMIT ?[0m  [["email", "admin@myquotes.com"], ["LIMIT", 1]]
  ↳ app/controllers/sessions_controller.rb:12:in 'SessionsController#create'
Redirected to http://127.0.0.1:3004/
Completed 302 Found in 415ms (ActiveRecord: 5.1ms | Allocations: 1311)


Started GET "/" for 127.0.0.1 at 2026-05-23 00:27:16 +0530
Processing by PagesController#home as HTML
  Rendering layout layouts/application.html.erb
  Rendering pages/home.html.erb within layouts/application
  [1m[36mUser Load (0.8ms)[0m  [1m[34mSELECT "users".* FROM "users" WHERE "users"."id" = ? LIMIT ?[0m  [["id", 1], ["LIMIT", 1]]
  ↳ app/controllers/application_controller.rb:10:in 'ApplicationController#current_user'
  [1m[36mCategory Load (0.8ms)[0m  [1m[34mSELECT "categories".* FROM "categories" ORDER BY "categories"."catname" ASC[0m
  ↳ app/views/pages/home.html.erb:16:in 'block in _app_views_pages_home_html_erb___625873694_11280'
  [1m[36mQuote Exists? (1.0ms)[0m  [1m[34mSELECT 1 AS one FROM "quotes" WHERE "quotes"."ispublic" = ? LIMIT ?[0m  [["ispublic", 1], ["LIMIT", 1]]
  ↳ app/views/pages/home.html.erb:24:in '_app_views_pages_home_html_erb___625873694_11280'
  [1m[36mQuote Load (0.6ms)[0m  [1m[34mSELECT "quotes".* FROM "quotes" WHERE "quotes"."ispublic" = ? ORDER BY "quotes"."created_at" DESC LIMIT ?[0m  [["ispublic", 1], ["LIMIT", 10]]
  ↳ app/views/pages/home.html.erb:25:in '_app_views_pages_home_html_erb___625873694_11280'
  [1m[36mUser Load (0.6ms)[0m  [1m[34mSELECT "users".* FROM "users" WHERE "users"."id" IN (?, ?)[0m  [["id", 1], ["id", 2]]
  ↳ app/views/pages/home.html.erb:25:in '_app_views_pages_home_html_erb___625873694_11280'
  [1m[36mSource Load (0.7ms)[0m  [1m[34mSELECT "sources".* FROM "sources" WHERE "sources"."id" IN (?, ?, ?, ?, ?, ?, ?)[0m  [["id", 7], ["id", 3], ["id", 4], ["id", 6], ["id", 5], ["id", 2], ["id", 1]]
  ↳ app/views/pages/home.html.erb:25:in '_app_views_pages_home_html_erb___625873694_11280'
  [1m[36mQuoteCategory Load (0.6ms)[0m  [1m[34mSELECT "quote_categories".* FROM "quote_categories" WHERE "quote_categories"."quote_id" IN (?, ?, ?, ?, ?, ?, ?, ?, ?)[0m  [["quote_id", 9], ["quote_id", 8], ["quote_id", 7], ["quote_id", 6], ["quote_id", 5], ["quote_id", 4], ["quote_id", 3], ["quote_id", 2], ["quote_id", 1]]
  ↳ app/views/pages/home.html.erb:25:in '_app_views_pages_home_html_erb___625873694_11280'
  [1m[36mCategory Load (0.7ms)[0m  [1m[34mSELECT "categories".* FROM "categories" WHERE "categories"."id" IN (?, ?, ?, ?, ?, ?)[0m  [["id", 1], ["id", 10], ["id", 2], ["id", 5], ["id", 4], ["id", 3]]
  ↳ app/views/pages/home.html.erb:25:in '_app_views_pages_home_html_erb___625873694_11280'
  Rendered pages/home.html.erb within layouts/application (Duration: 78.2ms | Allocations: 11646)
  Rendered layout layouts/application.html.erb (Duration: 93.0ms | Allocations: 13082)
Completed 200 OK in 100ms (Views: 88.9ms | ActiveRecord: 5.7ms | Allocations: 13438)


Started GET "/quotes/new" for 127.0.0.1 at 2026-05-23 00:27:20 +0530
Processing by QuotesController#new as HTML
  [1m[36mUser Load (0.4ms)[0m  [1m[34mSELECT "users".* FROM "users" WHERE "users"."id" = ? LIMIT ?[0m  [["id", 1], ["LIMIT", 1]]
  ↳ app/controllers/application_controller.rb:10:in 'ApplicationController#current_user'
  Rendering layout layouts/application.html.erb
  Rendering quotes/new.html.erb within layouts/application
  [1m[36mSource Load (0.5ms)[0m  [1m[34mSELECT "sources".* FROM "sources" ORDER BY "sources"."fname" ASC[0m
  ↳ app/views/quotes/new.html.erb:18:in 'block in _app_views_quotes_new_html_erb___450183732_12040'
  [1m[36mCategory Load (0.6ms)[0m  [1m[34mSELECT "categories".* FROM "categories" ORDER BY "categories"."catname" ASC[0m
  ↳ app/views/quotes/new.html.erb:36:in 'block in _app_views_quotes_new_html_erb___450183732_12040'
  Rendered quotes/new.html.erb within layouts/application (Duration: 189.4ms | Allocations: 8705)
  Rendered layout layouts/application.html.erb (Duration: 204.5ms | Allocations: 10193)
Completed 200 OK in 236ms (Views: 219.5ms | ActiveRecord: 1.5ms | Allocations: 11787)


Started POST "/quotes" for 127.0.0.1 at 2026-05-23 00:27:31 +0530
Processing by QuotesController#create as HTML
  Parameters: {"authenticity_token" => "[FILTERED]", "quote" => {"qtext" => "test", "source_id" => "7", "qyear" => "350 BCE", "qcom" => "test", "ispublic" => "true"}, "category_ids" => ["5"], "commit" => "Add Quote"}
  [1m[36mUser Load (0.3ms)[0m  [1m[34mSELECT "users".* FROM "users" WHERE "users"."id" = ? LIMIT ?[0m  [["id", 1], ["LIMIT", 1]]
  ↳ app/controllers/application_controller.rb:10:in 'ApplicationController#current_user'
  [1m[36mTRANSACTION (0.1ms)[0m  [1m[36mbegin transaction[0m
  ↳ app/controllers/quotes_controller.rb:46:in 'QuotesController#create'
  [1m[36mSource Load (0.9ms)[0m  [1m[34mSELECT "sources".* FROM "sources" WHERE "sources"."id" = ? LIMIT ?[0m  [["id", 7], ["LIMIT", 1]]
  ↳ app/controllers/quotes_controller.rb:46:in 'QuotesController#create'
  [1m[36mQuote Create (4.9ms)[0m  [1m[32mINSERT INTO "quotes" ("qtext", "qyear", "qcom", "ispublic", "user_id", "source_id", "created_at", "updated_at") VALUES (?, ?, ?, ?, ?, ?, ?, ?)[0m  [["qtext", "test"], ["qyear", "350 BCE"], ["qcom", "test"], ["ispublic", 1], ["user_id", 1], ["source_id", 7], ["created_at", "2026-05-22 18:57:31.446839"], ["updated_at", "2026-05-22 18:57:31.446839"]]
  ↳ app/controllers/quotes_controller.rb:46:in 'QuotesController#create'
  [1m[36mTRANSACTION (6.4ms)[0m  [1m[36mcommit transaction[0m
  ↳ app/controllers/quotes_controller.rb:46:in 'QuotesController#create'
  [1m[36mCategory Load (0.5ms)[0m  [1m[34mSELECT "categories".* FROM "categories" WHERE "categories"."id" = ? LIMIT ?[0m  [["id", 5], ["LIMIT", 1]]
  ↳ app/controllers/quotes_controller.rb:112:in 'block in QuotesController#assign_categories'
  [1m[36mTRANSACTION (0.1ms)[0m  [1m[36mbegin transaction[0m
  ↳ app/controllers/quotes_controller.rb:113:in 'block in QuotesController#assign_categories'
  [1m[36mQuoteCategory Create (7.5ms)[0m  [1m[32mINSERT INTO "quote_categories" ("quote_id", "category_id", "created_at", "updated_at") VALUES (?, ?, ?, ?)[0m  [["quote_id", 11], ["category_id", 5], ["created_at", "2026-05-22 18:57:31.483909"], ["updated_at", "2026-05-22 18:57:31.483909"]]
  ↳ app/controllers/quotes_controller.rb:113:in 'block in QuotesController#assign_categories'
  [1m[36mTRANSACTION (4.5ms)[0m  [1m[36mcommit transaction[0m
  ↳ app/controllers/quotes_controller.rb:113:in 'block in QuotesController#assign_categories'
Redirected to http://127.0.0.1:3004/quotes/11
Completed 302 Found in 108ms (ActiveRecord: 25.2ms | Allocations: 11484)


Started GET "/quotes/11" for 127.0.0.1 at 2026-05-23 00:27:31 +0530
Processing by QuotesController#show as HTML
  Parameters: {"id" => "11"}
  [1m[36mQuote Load (0.4ms)[0m  [1m[34mSELECT "quotes".* FROM "quotes" WHERE "quotes"."id" = ? LIMIT ?[0m  [["id", 11], ["LIMIT", 1]]
  ↳ app/controllers/quotes_controller.rb:95:in 'QuotesController#set_quote'
  Rendering layout layouts/application.html.erb
  Rendering quotes/show.html.erb within layouts/application
  [1m[36mSource Load (0.8ms)[0m  [1m[34mSELECT "sources".* FROM "sources" WHERE "sources"."id" = ? LIMIT ?[0m  [["id", 7], ["LIMIT", 1]]
  ↳ app/views/quotes/show.html.erb:7:in '_app_views_quotes_show_html_erb__111820937_12112'
  [1m[36mUser Load (0.4ms)[0m  [1m[34mSELECT "users".* FROM "users" WHERE "users"."id" = ? LIMIT ?[0m  [["id", 1], ["LIMIT", 1]]
  ↳ app/views/quotes/show.html.erb:18:in '_app_views_quotes_show_html_erb__111820937_12112'
  [1m[36mCategory Load (0.8ms)[0m  [1m[34mSELECT "categories".* FROM "categories" INNER JOIN "quote_categories" ON "categories"."id" = "quote_categories"."category_id" WHERE "quote_categories"."quote_id" = ?[0m  [["quote_id", 11]]
  ↳ app/views/quotes/show.html.erb:29:in '_app_views_quotes_show_html_erb__111820937_12112'
  [1m[36mCACHE User Load (0.0ms)[0m  [1m[34mSELECT "users".* FROM "users" WHERE "users"."id" = ? LIMIT ?[0m  [["id", 1], ["LIMIT", 1]]
  ↳ app/controllers/application_controller.rb:10:in 'ApplicationController#current_user'
  Rendered quotes/show.html.erb within layouts/application (Duration: 111.3ms | Allocations: 7224)
  Rendered layout layouts/application.html.erb (Duration: 125.9ms | Allocations: 8634)
Completed 200 OK in 141ms (Views: 125.5ms | ActiveRecord: 2.5ms | Allocations: 10155)


Started GET "/" for 127.0.0.1 at 2026-05-23 00:27:49 +0530
Processing by PagesController#home as HTML
  Rendering layout layouts/application.html.erb
  Rendering pages/home.html.erb within layouts/application
  [1m[36mUser Load (0.4ms)[0m  [1m[34mSELECT "users".* FROM "users" WHERE "users"."id" = ? LIMIT ?[0m  [["id", 1], ["LIMIT", 1]]
  ↳ app/controllers/application_controller.rb:10:in 'ApplicationController#current_user'
  [1m[36mCategory Load (0.4ms)[0m  [1m[34mSELECT "categories".* FROM "categories" ORDER BY "categories"."catname" ASC[0m
  ↳ app/views/pages/home.html.erb:16:in 'block in _app_views_pages_home_html_erb___625873694_11280'
  [1m[36mQuote Exists? (1.5ms)[0m  [1m[34mSELECT 1 AS one FROM "quotes" WHERE "quotes"."ispublic" = ? LIMIT ?[0m  [["ispublic", 1], ["LIMIT", 1]]
  ↳ app/views/pages/home.html.erb:24:in '_app_views_pages_home_html_erb___625873694_11280'
  [1m[36mQuote Load (2.2ms)[0m  [1m[34mSELECT "quotes".* FROM "quotes" WHERE "quotes"."ispublic" = ? ORDER BY "quotes"."created_at" DESC LIMIT ?[0m  [["ispublic", 1], ["LIMIT", 10]]
  ↳ app/views/pages/home.html.erb:25:in '_app_views_pages_home_html_erb___625873694_11280'
  [1m[36mUser Load (0.7ms)[0m  [1m[34mSELECT "users".* FROM "users" WHERE "users"."id" IN (?, ?)[0m  [["id", 1], ["id", 2]]
  ↳ app/views/pages/home.html.erb:25:in '_app_views_pages_home_html_erb___625873694_11280'
  [1m[36mSource Load (1.8ms)[0m  [1m[34mSELECT "sources".* FROM "sources" WHERE "sources"."id" IN (?, ?, ?, ?, ?, ?, ?)[0m  [["id", 7], ["id", 3], ["id", 4], ["id", 6], ["id", 5], ["id", 2], ["id", 1]]
  ↳ app/views/pages/home.html.erb:25:in '_app_views_pages_home_html_erb___625873694_11280'
  [1m[36mQuoteCategory Load (0.6ms)[0m  [1m[34mSELECT "quote_categories".* FROM "quote_categories" WHERE "quote_categories"."quote_id" IN (?, ?, ?, ?, ?, ?, ?, ?, ?, ?)[0m  [["quote_id", 11], ["quote_id", 9], ["quote_id", 8], ["quote_id", 7], ["quote_id", 6], ["quote_id", 5], ["quote_id", 4], ["quote_id", 3], ["quote_id", 2], ["quote_id", 1]]
  ↳ app/views/pages/home.html.erb:25:in '_app_views_pages_home_html_erb___625873694_11280'
  [1m[36mCategory Load (0.8ms)[0m  [1m[34mSELECT "categories".* FROM "categories" WHERE "categories"."id" IN (?, ?, ?, ?, ?, ?)[0m  [["id", 1], ["id", 10], ["id", 2], ["id", 5], ["id", 4], ["id", 3]]
  ↳ app/views/pages/home.html.erb:25:in '_app_views_pages_home_html_erb___625873694_11280'
  Rendered pages/home.html.erb within layouts/application (Duration: 93.0ms | Allocations: 11090)
  Rendered layout layouts/application.html.erb (Duration: 109.1ms | Allocations: 12495)
Completed 200 OK in 116ms (Views: 102.2ms | ActiveRecord: 8.2ms | Allocations: 12854)


Started GET "/logout" for 127.0.0.1 at 2026-05-23 00:27:51 +0530
  
ActionController::RoutingError (No route matches [GET] "/logout"):
  
Started GET "/" for 127.0.0.1 at 2026-05-23 00:45:26 +0530
  [1m[36mActiveRecord::SchemaMigration Pluck (0.2ms)[0m  [1m[34mSELECT "schema_migrations"."version" FROM "schema_migrations" ORDER BY "schema_migrations"."version" ASC[0m
Processing by PagesController#home as HTML
  Rendering layout layouts/application.html.erb
  Rendering pages/home.html.erb within layouts/application
  [1m[36mUser Load (2.9ms)[0m  [1m[34mSELECT "users".* FROM "users" WHERE "users"."id" = ? LIMIT ?[0m  [["id", 1], ["LIMIT", 1]]
  ↳ app/controllers/application_controller.rb:10:in 'ApplicationController#current_user'
  [1m[36mCategory Load (0.6ms)[0m  [1m[34mSELECT "categories".* FROM "categories" ORDER BY "categories"."catname" ASC[0m
  ↳ app/views/pages/home.html.erb:16:in 'block in _app_views_pages_home_html_erb__285950581_10472'
  [1m[36mQuote Exists? (0.3ms)[0m  [1m[34mSELECT 1 AS one FROM "quotes" WHERE "quotes"."ispublic" = ? LIMIT ?[0m  [["ispublic", 1], ["LIMIT", 1]]
  ↳ app/views/pages/home.html.erb:24:in '_app_views_pages_home_html_erb__285950581_10472'
  [1m[36mQuote Load (0.7ms)[0m  [1m[34mSELECT "quotes".* FROM "quotes" WHERE "quotes"."ispublic" = ? ORDER BY "quotes"."created_at" DESC LIMIT ?[0m  [["ispublic", 1], ["LIMIT", 10]]
  ↳ app/views/pages/home.html.erb:25:in '_app_views_pages_home_html_erb__285950581_10472'
  [1m[36mUser Load (0.4ms)[0m  [1m[34mSELECT "users".* FROM "users" WHERE "users"."id" IN (?, ?)[0m  [["id", 1], ["id", 2]]
  ↳ app/views/pages/home.html.erb:25:in '_app_views_pages_home_html_erb__285950581_10472'
  [1m[36mSource Load (0.6ms)[0m  [1m[34mSELECT "sources".* FROM "sources" WHERE "sources"."id" IN (?, ?, ?, ?, ?, ?, ?)[0m  [["id", 7], ["id", 3], ["id", 4], ["id", 6], ["id", 5], ["id", 2], ["id", 1]]
  ↳ app/views/pages/home.html.erb:25:in '_app_views_pages_home_html_erb__285950581_10472'
  [1m[36mQuoteCategory Load (0.4ms)[0m  [1m[34mSELECT "quote_categories".* FROM "quote_categories" WHERE "quote_categories"."quote_id" IN (?, ?, ?, ?, ?, ?, ?, ?, ?, ?)[0m  [["quote_id", 11], ["quote_id", 9], ["quote_id", 8], ["quote_id", 7], ["quote_id", 6], ["quote_id", 5], ["quote_id", 4], ["quote_id", 3], ["quote_id", 2], ["quote_id", 1]]
  ↳ app/views/pages/home.html.erb:25:in '_app_views_pages_home_html_erb__285950581_10472'
  [1m[36mCategory Load (0.7ms)[0m  [1m[34mSELECT "categories".* FROM "categories" WHERE "categories"."id" IN (?, ?, ?, ?, ?, ?)[0m  [["id", 1], ["id", 10], ["id", 2], ["id", 5], ["id", 4], ["id", 3]]
  ↳ app/views/pages/home.html.erb:25:in '_app_views_pages_home_html_erb__285950581_10472'
  Rendered pages/home.html.erb within layouts/application (Duration: 248.6ms | Allocations: 39847)
  Rendered layout layouts/application.html.erb (Duration: 355.4ms | Allocations: 60125)
Completed 200 OK in 523ms (Views: 361.7ms | ActiveRecord: 18.6ms | Allocations: 70406)


Started GET "/assets/application-68a1e39325a12b6f2b98621d6e1804f6ba774016be070d44ed4c37dfab735caf.css" for 127.0.0.1 at 2026-05-23 00:45:27 +0530
Started GET "/favicon.ico" for 127.0.0.1 at 2026-05-23 00:45:27 +0530
  
ActionController::RoutingError (No route matches [GET] "/favicon.ico"):
  
Started GET "/quotes/new" for 127.0.0.1 at 2026-05-23 00:45:29 +0530
Processing by QuotesController#new as HTML
  [1m[36mUser Load (0.3ms)[0m  [1m[34mSELECT "users".* FROM "users" WHERE "users"."id" = ? LIMIT ?[0m  [["id", 1], ["LIMIT", 1]]
  ↳ app/controllers/application_controller.rb:10:in 'ApplicationController#current_user'
  Rendering layout layouts/application.html.erb
  Rendering quotes/new.html.erb within layouts/application
  [1m[36mSource Load (0.7ms)[0m  [1m[34mSELECT "sources".* FROM "sources" ORDER BY "sources"."fname" ASC[0m
  ↳ app/views/quotes/new.html.erb:18:in 'block in _app_views_quotes_new_html_erb___604913884_11208'
  [1m[36mCategory Load (0.5ms)[0m  [1m[34mSELECT "categories".* FROM "categories" ORDER BY "categories"."catname" ASC[0m
  ↳ app/views/quotes/new.html.erb:36:in 'block in _app_views_quotes_new_html_erb___604913884_11208'
  Rendered quotes/new.html.erb within layouts/application (Duration: 53.1ms | Allocations: 7415)
  Rendered layout layouts/application.html.erb (Duration: 68.5ms | Allocations: 8904)
Completed 200 OK in 89ms (Views: 78.5ms | ActiveRecord: 1.5ms | Allocations: 10534)


Started POST "/quotes" for 127.0.0.1 at 2026-05-23 00:45:41 +0530
Processing by QuotesController#create as HTML
  Parameters: {"authenticity_token" => "[FILTERED]", "quote" => {"qtext" => "test", "source_id" => "7", "qyear" => "", "qcom" => "", "ispublic" => "true"}, "category_ids" => ["5"], "commit" => "Add Quote"}
  [1m[36mUser Load (0.3ms)[0m  [1m[34mSELECT "users".* FROM "users" WHERE "users"."id" = ? LIMIT ?[0m  [["id", 1], ["LIMIT", 1]]
  ↳ app/controllers/application_controller.rb:10:in 'ApplicationController#current_user'
  [1m[36mTRANSACTION (0.1ms)[0m  [1m[36mbegin transaction[0m
  ↳ app/controllers/quotes_controller.rb:46:in 'QuotesController#create'
  [1m[36mSource Load (0.5ms)[0m  [1m[34mSELECT "sources".* FROM "sources" WHERE "sources"."id" = ? LIMIT ?[0m  [["id", 7], ["LIMIT", 1]]
  ↳ app/controllers/quotes_controller.rb:46:in 'QuotesController#create'
  [1m[36mQuote Create (4.6ms)[0m  [1m[32mINSERT INTO "quotes" ("qtext", "qyear", "qcom", "ispublic", "user_id", "source_id", "created_at", "updated_at") VALUES (?, ?, ?, ?, ?, ?, ?, ?)[0m  [["qtext", "test"], ["qyear", ""], ["qcom", ""], ["ispublic", 1], ["user_id", 1], ["source_id", 7], ["created_at", "2026-05-22 19:15:41.500864"], ["updated_at", "2026-05-22 19:15:41.500864"]]
  ↳ app/controllers/quotes_controller.rb:46:in 'QuotesController#create'
  [1m[36mTRANSACTION (5.2ms)[0m  [1m[36mcommit transaction[0m
  ↳ app/controllers/quotes_controller.rb:46:in 'QuotesController#create'
  [1m[36mCategory Load (0.9ms)[0m  [1m[34mSELECT "categories".* FROM "categories" WHERE "categories"."id" = ? LIMIT ?[0m  [["id", 5], ["LIMIT", 1]]
  ↳ app/controllers/quotes_controller.rb:112:in 'block in QuotesController#assign_categories'
  [1m[36mTRANSACTION (0.4ms)[0m  [1m[36mbegin transaction[0m
  ↳ app/controllers/quotes_controller.rb:113:in 'block in QuotesController#assign_categories'
  [1m[36mQuoteCategory Create (6.9ms)[0m  [1m[32mINSERT INTO "quote_categories" ("quote_id", "category_id", "created_at", "updated_at") VALUES (?, ?, ?, ?)[0m  [["quote_id", 12], ["category_id", 5], ["created_at", "2026-05-22 19:15:41.531285"], ["updated_at", "2026-05-22 19:15:41.531285"]]
  ↳ app/controllers/quotes_controller.rb:113:in 'block in QuotesController#assign_categories'
  [1m[36mTRANSACTION (7.3ms)[0m  [1m[36mcommit transaction[0m
  ↳ app/controllers/quotes_controller.rb:113:in 'block in QuotesController#assign_categories'
Redirected to http://127.0.0.1:400/quotes/12
Completed 302 Found in 85ms (ActiveRecord: 26.3ms | Allocations: 11573)


Started GET "/quotes/12" for 127.0.0.1 at 2026-05-23 00:45:41 +0530
Processing by QuotesController#show as HTML
  Parameters: {"id" => "12"}
  [1m[36mQuote Load (0.4ms)[0m  [1m[34mSELECT "quotes".* FROM "quotes" WHERE "quotes"."id" = ? LIMIT ?[0m  [["id", 12], ["LIMIT", 1]]
  ↳ app/controllers/quotes_controller.rb:95:in 'QuotesController#set_quote'
  Rendering layout layouts/application.html.erb
  Rendering quotes/show.html.erb within layouts/application
  [1m[36mSource Load (0.4ms)[0m  [1m[34mSELECT "sources".* FROM "sources" WHERE "sources"."id" = ? LIMIT ?[0m  [["id", 7], ["LIMIT", 1]]
  ↳ app/views/quotes/show.html.erb:7:in '_app_views_quotes_show_html_erb___855519039_11272'
  [1m[36mUser Load (0.5ms)[0m  [1m[34mSELECT "users".* FROM "users" WHERE "users"."id" = ? LIMIT ?[0m  [["id", 1], ["LIMIT", 1]]
  ↳ app/views/quotes/show.html.erb:18:in '_app_views_quotes_show_html_erb___855519039_11272'
  [1m[36mCategory Load (0.9ms)[0m  [1m[34mSELECT "categories".* FROM "categories" INNER JOIN "quote_categories" ON "categories"."id" = "quote_categories"."category_id" WHERE "quote_categories"."quote_id" = ?[0m  [["quote_id", 12]]
  ↳ app/views/quotes/show.html.erb:29:in '_app_views_quotes_show_html_erb___855519039_11272'
  [1m[36mCACHE User Load (0.0ms)[0m  [1m[34mSELECT "users".* FROM "users" WHERE "users"."id" = ? LIMIT ?[0m  [["id", 1], ["LIMIT", 1]]
  ↳ app/controllers/application_controller.rb:10:in 'ApplicationController#current_user'
  Rendered quotes/show.html.erb within layouts/application (Duration: 22.1ms | Allocations: 6511)
  Rendered layout layouts/application.html.erb (Duration: 34.5ms | Allocations: 7922)
Completed 200 OK in 45ms (Views: 33.5ms | ActiveRecord: 2.3ms | Allocations: 9445)


Started GET "/quotes" for 127.0.0.1 at 2026-05-23 00:45:53 +0530
Processing by QuotesController#index as HTML
Redirected to http://127.0.0.1:400/
Completed 302 Found in 5ms (ActiveRecord: 0.0ms | Allocations: 3451)


Started GET "/" for 127.0.0.1 at 2026-05-23 00:45:53 +0530
Processing by PagesController#home as HTML
  Rendering layout layouts/application.html.erb
  Rendering pages/home.html.erb within layouts/application
  [1m[36mCategory Load (0.2ms)[0m  [1m[34mSELECT "categories".* FROM "categories" ORDER BY "categories"."catname" ASC[0m
  ↳ app/views/pages/home.html.erb:16:in 'block in _app_views_pages_home_html_erb__285950581_10472'
  [1m[36mQuote Exists? (0.3ms)[0m  [1m[34mSELECT 1 AS one FROM "quotes" WHERE "quotes"."ispublic" = ? LIMIT ?[0m  [["ispublic", 1], ["LIMIT", 1]]
  ↳ app/views/pages/home.html.erb:24:in '_app_views_pages_home_html_erb__285950581_10472'
  [1m[36mQuote Load (3.3ms)[0m  [1m[34mSELECT "quotes".* FROM "quotes" WHERE "quotes"."ispublic" = ? ORDER BY "quotes"."created_at" DESC LIMIT ?[0m  [["ispublic", 1], ["LIMIT", 10]]
  ↳ app/views/pages/home.html.erb:25:in '_app_views_pages_home_html_erb__285950581_10472'
  [1m[36mUser Load (0.3ms)[0m  [1m[34mSELECT "users".* FROM "users" WHERE "users"."id" IN (?, ?)[0m  [["id", 1], ["id", 2]]
  ↳ app/views/pages/home.html.erb:25:in '_app_views_pages_home_html_erb__285950581_10472'
  [1m[36mSource Load (0.4ms)[0m  [1m[34mSELECT "sources".* FROM "sources" WHERE "sources"."id" IN (?, ?, ?, ?, ?, ?)[0m  [["id", 7], ["id", 3], ["id", 4], ["id", 6], ["id", 5], ["id", 2]]
  ↳ app/views/pages/home.html.erb:25:in '_app_views_pages_home_html_erb__285950581_10472'
  [1m[36mQuoteCategory Load (0.4ms)[0m  [1m[34mSELECT "quote_categories".* FROM "quote_categories" WHERE "quote_categories"."quote_id" IN (?, ?, ?, ?, ?, ?, ?, ?, ?, ?)[0m  [["quote_id", 12], ["quote_id", 11], ["quote_id", 9], ["quote_id", 8], ["quote_id", 7], ["quote_id", 6], ["quote_id", 5], ["quote_id", 4], ["quote_id", 3], ["quote_id", 2]]
  ↳ app/views/pages/home.html.erb:25:in '_app_views_pages_home_html_erb__285950581_10472'
  [1m[36mCategory Load (0.3ms)[0m  [1m[34mSELECT "categories".* FROM "categories" WHERE "categories"."id" IN (?, ?, ?, ?, ?, ?)[0m  [["id", 1], ["id", 2], ["id", 5], ["id", 10], ["id", 4], ["id", 3]]
  ↳ app/views/pages/home.html.erb:25:in '_app_views_pages_home_html_erb__285950581_10472'
  Rendered pages/home.html.erb within layouts/application (Duration: 42.1ms | Allocations: 14536)
  Rendered layout layouts/application.html.erb (Duration: 49.9ms | Allocations: 15872)
Completed 200 OK in 53ms (Views: 45.8ms | ActiveRecord: 5.1ms | Allocations: 16233)


Started GET "/login" for 127.0.0.1 at 2026-05-23 00:45:58 +0530
Processing by SessionsController#new as HTML
  Rendering layout layouts/application.html.erb
  Rendering sessions/new.html.erb within layouts/application
  Rendered sessions/new.html.erb within layouts/application (Duration: 1.9ms | Allocations: 735)
  Rendered layout layouts/application.html.erb (Duration: 8.7ms | Allocations: 2092)
Completed 200 OK in 19ms (Views: 14.8ms | ActiveRecord: 0.0ms | Allocations: 2851)


Started POST "/login" for 127.0.0.1 at 2026-05-23 00:46:05 +0530
Processing by SessionsController#create as HTML
  Parameters: {"authenticity_token" => "[FILTERED]", "email" => "admin@myquotes.com", "password" => "[FILTERED]", "commit" => "Log In"}
  [1m[36mUser Load (0.5ms)[0m  [1m[34mSELECT "users".* FROM "users" WHERE "users"."email" = ? LIMIT ?[0m  [["email", "admin@myquotes.com"], ["LIMIT", 1]]
  ↳ app/controllers/sessions_controller.rb:12:in 'SessionsController#create'
Redirected to http://127.0.0.1:400/
Completed 302 Found in 274ms (ActiveRecord: 0.5ms | Allocations: 1132)


Started GET "/" for 127.0.0.1 at 2026-05-23 00:46:05 +0530
Processing by PagesController#home as HTML
  Rendering layout layouts/application.html.erb
  Rendering pages/home.html.erb within layouts/application
  [1m[36mUser Load (0.2ms)[0m  [1m[34mSELECT "users".* FROM "users" WHERE "users"."id" = ? LIMIT ?[0m  [["id", 1], ["LIMIT", 1]]
  ↳ app/controllers/application_controller.rb:10:in 'ApplicationController#current_user'
  [1m[36mCategory Load (0.1ms)[0m  [1m[34mSELECT "categories".* FROM "categories" ORDER BY "categories"."catname" ASC[0m
  ↳ app/views/pages/home.html.erb:16:in 'block in _app_views_pages_home_html_erb__285950581_10472'
  [1m[36mQuote Exists? (0.2ms)[0m  [1m[34mSELECT 1 AS one FROM "quotes" WHERE "quotes"."ispublic" = ? LIMIT ?[0m  [["ispublic", 1], ["LIMIT", 1]]
  ↳ app/views/pages/home.html.erb:24:in '_app_views_pages_home_html_erb__285950581_10472'
  [1m[36mQuote Load (0.4ms)[0m  [1m[34mSELECT "quotes".* FROM "quotes" WHERE "quotes"."ispublic" = ? ORDER BY "quotes"."created_at" DESC LIMIT ?[0m  [["ispublic", 1], ["LIMIT", 10]]
  ↳ app/views/pages/home.html.erb:25:in '_app_views_pages_home_html_erb__285950581_10472'
  [1m[36mUser Load (0.3ms)[0m  [1m[34mSELECT "users".* FROM "users" WHERE "users"."id" IN (?, ?)[0m  [["id", 1], ["id", 2]]
  ↳ app/views/pages/home.html.erb:25:in '_app_views_pages_home_html_erb__285950581_10472'
  [1m[36mSource Load (1.0ms)[0m  [1m[34mSELECT "sources".* FROM "sources" WHERE "sources"."id" IN (?, ?, ?, ?, ?, ?)[0m  [["id", 7], ["id", 3], ["id", 4], ["id", 6], ["id", 5], ["id", 2]]
  ↳ app/views/pages/home.html.erb:25:in '_app_views_pages_home_html_erb__285950581_10472'
  [1m[36mQuoteCategory Load (0.3ms)[0m  [1m[34mSELECT "quote_categories".* FROM "quote_categories" WHERE "quote_categories"."quote_id" IN (?, ?, ?, ?, ?, ?, ?, ?, ?, ?)[0m  [["quote_id", 12], ["quote_id", 11], ["quote_id", 9], ["quote_id", 8], ["quote_id", 7], ["quote_id", 6], ["quote_id", 5], ["quote_id", 4], ["quote_id", 3], ["quote_id", 2]]
  ↳ app/views/pages/home.html.erb:25:in '_app_views_pages_home_html_erb__285950581_10472'
  [1m[36mCategory Load (0.2ms)[0m  [1m[34mSELECT "categories".* FROM "categories" WHERE "categories"."id" IN (?, ?, ?, ?, ?, ?)[0m  [["id", 1], ["id", 2], ["id", 5], ["id", 10], ["id", 4], ["id", 3]]
  ↳ app/views/pages/home.html.erb:25:in '_app_views_pages_home_html_erb__285950581_10472'
  Rendered pages/home.html.erb within layouts/application (Duration: 19.8ms | Allocations: 10988)
  Rendered layout layouts/application.html.erb (Duration: 26.8ms | Allocations: 12395)
Completed 200 OK in 30ms (Views: 25.0ms | ActiveRecord: 2.7ms | Allocations: 12748)


Started GET "/profile" for 127.0.0.1 at 2026-05-23 00:46:11 +0530
Processing by UsersController#show as HTML
  [1m[36mUser Load (0.3ms)[0m  [1m[34mSELECT "users".* FROM "users" WHERE "users"."id" = ? LIMIT ?[0m  [["id", 1], ["LIMIT", 1]]
  ↳ app/controllers/application_controller.rb:10:in 'ApplicationController#current_user'
  Rendering layout layouts/application.html.erb
  Rendering users/show.html.erb within layouts/application
  [1m[36mQuote Count (3.8ms)[0m  [1m[34mSELECT COUNT(*) FROM "quotes" WHERE "quotes"."user_id" = ?[0m  [["user_id", 1]]
  ↳ app/views/users/show.html.erb:18:in '_app_views_users_show_html_erb__853536599_11856'
  [1m[36mQuote Exists? (0.6ms)[0m  [1m[34mSELECT 1 AS one FROM "quotes" WHERE "quotes"."user_id" = ? LIMIT ?[0m  [["user_id", 1], ["LIMIT", 1]]
  ↳ app/views/users/show.html.erb:19:in '_app_views_users_show_html_erb__853536599_11856'
  [1m[36mQuote Load (0.3ms)[0m  [1m[34mSELECT "quotes".* FROM "quotes" WHERE "quotes"."user_id" = ? ORDER BY "quotes"."created_at" DESC[0m  [["user_id", 1]]
  ↳ app/views/users/show.html.erb:25:in '_app_views_users_show_html_erb__853536599_11856'
  [1m[36mSource Load (0.3ms)[0m  [1m[34mSELECT "sources".* FROM "sources" WHERE "sources"."id" IN (?, ?, ?)[0m  [["id", 7], ["id", 3], ["id", 4]]
  ↳ app/views/users/show.html.erb:25:in '_app_views_users_show_html_erb__853536599_11856'
  [1m[36mQuoteCategory Load (0.4ms)[0m  [1m[34mSELECT "quote_categories".* FROM "quote_categories" WHERE "quote_categories"."quote_id" IN (?, ?, ?, ?, ?)[0m  [["quote_id", 12], ["quote_id", 11], ["quote_id", 9], ["quote_id", 8], ["quote_id", 7]]
  ↳ app/views/users/show.html.erb:25:in '_app_views_users_show_html_erb__853536599_11856'
  [1m[36mCategory Load (1.0ms)[0m  [1m[34mSELECT "categories".* FROM "categories" WHERE "categories"."id" IN (?, ?, ?, ?, ?)[0m  [["id", 10], ["id", 1], ["id", 4], ["id", 3], ["id", 5]]
  ↳ app/views/users/show.html.erb:25:in '_app_views_users_show_html_erb__853536599_11856'
  Rendered users/show.html.erb within layouts/application (Duration: 171.2ms | Allocations: 7746)
  Rendered layout layouts/application.html.erb (Duration: 186.5ms | Allocations: 9248)
Completed 200 OK in 212ms (Views: 191.8ms | ActiveRecord: 6.8ms | Allocations: 10861)


Started GET "/quotes/new" for 127.0.0.1 at 2026-05-23 00:46:12 +0530
Processing by QuotesController#new as HTML
  [1m[36mUser Load (0.5ms)[0m  [1m[34mSELECT "users".* FROM "users" WHERE "users"."id" = ? LIMIT ?[0m  [["id", 1], ["LIMIT", 1]]
  ↳ app/controllers/application_controller.rb:10:in 'ApplicationController#current_user'
  Rendering layout layouts/application.html.erb
  Rendering quotes/new.html.erb within layouts/application
  [1m[36mSource Load (0.3ms)[0m  [1m[34mSELECT "sources".* FROM "sources" ORDER BY "sources"."fname" ASC[0m
  ↳ app/views/quotes/new.html.erb:18:in 'block in _app_views_quotes_new_html_erb___604913884_11208'
  [1m[36mCategory Load (0.3ms)[0m  [1m[34mSELECT "categories".* FROM "categories" ORDER BY "categories"."catname" ASC[0m
  ↳ app/views/quotes/new.html.erb:36:in 'block in _app_views_quotes_new_html_erb___604913884_11208'
  Rendered quotes/new.html.erb within layouts/application (Duration: 7.3ms | Allocations: 4443)
  Rendered layout layouts/application.html.erb (Duration: 18.8ms | Allocations: 5856)
Completed 200 OK in 29ms (Views: 19.4ms | ActiveRecord: 1.1ms | Allocations: 6914)


Started GET "/quotes" for 127.0.0.1 at 2026-05-23 00:46:13 +0530
Processing by QuotesController#index as HTML
  [1m[36mUser Load (0.2ms)[0m  [1m[34mSELECT "users".* FROM "users" WHERE "users"."id" = ? LIMIT ?[0m  [["id", 1], ["LIMIT", 1]]
  ↳ app/controllers/application_controller.rb:10:in 'ApplicationController#current_user'
  Rendering layout layouts/application.html.erb
  Rendering quotes/index.html.erb within layouts/application
  [1m[36mQuote Exists? (0.5ms)[0m  [1m[34mSELECT 1 AS one FROM "quotes" LIMIT ?[0m  [["LIMIT", 1]]
  ↳ app/views/quotes/index.html.erb:8:in '_app_views_quotes_index_html_erb__362905944_12008'
  [1m[36mQuote Load (0.3ms)[0m  [1m[34mSELECT "quotes".* FROM "quotes" ORDER BY "quotes"."created_at" DESC[0m
  ↳ app/views/quotes/index.html.erb:18:in '_app_views_quotes_index_html_erb__362905944_12008'
  [1m[36mUser Load (0.4ms)[0m  [1m[34mSELECT "users".* FROM "users" WHERE "users"."id" IN (?, ?)[0m  [["id", 1], ["id", 2]]
  ↳ app/views/quotes/index.html.erb:18:in '_app_views_quotes_index_html_erb__362905944_12008'
  [1m[36mSource Load (0.5ms)[0m  [1m[34mSELECT "sources".* FROM "sources" WHERE "sources"."id" IN (?, ?, ?, ?, ?, ?, ?)[0m  [["id", 7], ["id", 2], ["id", 3], ["id", 4], ["id", 6], ["id", 5], ["id", 1]]
  ↳ app/views/quotes/index.html.erb:18:in '_app_views_quotes_index_html_erb__362905944_12008'
  [1m[36mQuoteCategory Load (0.5ms)[0m  [1m[34mSELECT "quote_categories".* FROM "quote_categories" WHERE "quote_categories"."quote_id" IN (?, ?, ?, ?, ?, ?, ?, ?, ?, ?, ?, ?)[0m  [["quote_id", 12], ["quote_id", 11], ["quote_id", 10], ["quote_id", 9], ["quote_id", 8], ["quote_id", 7], ["quote_id", 6], ["quote_id", 5], ["quote_id", 4], ["quote_id", 3], ["quote_id", 2], ["quote_id", 1]]
  ↳ app/views/quotes/index.html.erb:18:in '_app_views_quotes_index_html_erb__362905944_12008'
  [1m[36mCategory Load (0.4ms)[0m  [1m[34mSELECT "categories".* FROM "categories" WHERE "categories"."id" IN (?, ?, ?, ?, ?, ?, ?)[0m  [["id", 1], ["id", 10], ["id", 2], ["id", 5], ["id", 4], ["id", 3], ["id", 7]]
  ↳ app/views/quotes/index.html.erb:18:in '_app_views_quotes_index_html_erb__362905944_12008'
  Rendered quotes/index.html.erb within layouts/application (Duration: 185.7ms | Allocations: 10553)
  Rendered layout layouts/application.html.erb (Duration: 198.2ms | Allocations: 11967)
Completed 200 OK in 203ms (Views: 196.6ms | ActiveRecord: 2.8ms | Allocations: 13095)


Started GET "/sources" for 127.0.0.1 at 2026-05-23 00:46:14 +0530
Processing by SourcesController#index as HTML
  [1m[36mUser Load (0.9ms)[0m  [1m[34mSELECT "users".* FROM "users" WHERE "users"."id" = ? LIMIT ?[0m  [["id", 1], ["LIMIT", 1]]
  ↳ app/controllers/application_controller.rb:10:in 'ApplicationController#current_user'
  Rendering layout layouts/application.html.erb
  Rendering sources/index.html.erb within layouts/application
  [1m[36mSource Exists? (0.4ms)[0m  [1m[34mSELECT 1 AS one FROM "sources" LIMIT ?[0m  [["LIMIT", 1]]
  ↳ app/views/sources/index.html.erb:8:in '_app_views_sources_index_html_erb__120969003_12296'
  [1m[36mSource Load (0.2ms)[0m  [1m[34mSELECT "sources".* FROM "sources" ORDER BY "sources"."fname" ASC[0m
  ↳ app/views/sources/index.html.erb:10:in '_app_views_sources_index_html_erb__120969003_12296'
  [1m[36mQuote Count (0.2ms)[0m  [1m[34mSELECT COUNT(*) FROM "quotes" WHERE "quotes"."source_id" = ?[0m  [["source_id", 7]]
  ↳ app/views/sources/index.html.erb:17:in 'block in _app_views_sources_index_html_erb__120969003_12296'
  [1m[36mQuote Count (0.3ms)[0m  [1m[34mSELECT COUNT(*) FROM "quotes" WHERE "quotes"."source_id" = ?[0m  [["source_id", 2]]
  ↳ app/views/sources/index.html.erb:17:in 'block in _app_views_sources_index_html_erb__120969003_12296'
  [1m[36mQuote Count (0.3ms)[0m  [1m[34mSELECT COUNT(*) FROM "quotes" WHERE "quotes"."source_id" = ?[0m  [["source_id", 4]]
  ↳ app/views/sources/index.html.erb:17:in 'block in _app_views_sources_index_html_erb__120969003_12296'
  [1m[36mQuote Count (0.2ms)[0m  [1m[34mSELECT COUNT(*) FROM "quotes" WHERE "quotes"."source_id" = ?[0m  [["source_id", 3]]
  ↳ app/views/sources/index.html.erb:17:in 'block in _app_views_sources_index_html_erb__120969003_12296'
  [1m[36mQuote Count (0.3ms)[0m  [1m[34mSELECT COUNT(*) FROM "quotes" WHERE "quotes"."source_id" = ?[0m  [["source_id", 5]]
  ↳ app/views/sources/index.html.erb:17:in 'block in _app_views_sources_index_html_erb__120969003_12296'
  [1m[36mQuote Count (0.2ms)[0m  [1m[34mSELECT COUNT(*) FROM "quotes" WHERE "quotes"."source_id" = ?[0m  [["source_id", 6]]
  ↳ app/views/sources/index.html.erb:17:in 'block in _app_views_sources_index_html_erb__120969003_12296'
  [1m[36mQuote Count (0.6ms)[0m  [1m[34mSELECT COUNT(*) FROM "quotes" WHERE "quotes"."source_id" = ?[0m  [["source_id", 1]]
  ↳ app/views/sources/index.html.erb:17:in 'block in _app_views_sources_index_html_erb__120969003_12296'
  Rendered sources/index.html.erb within layouts/application (Duration: 133.9ms | Allocations: 9809)
  Rendered layout layouts/application.html.erb (Duration: 139.6ms | Allocations: 11308)
Completed 200 OK in 169ms (Views: 149.6ms | ActiveRecord: 3.6ms | Allocations: 12816)


Started GET "/quotes" for 127.0.0.1 at 2026-05-23 00:46:15 +0530
Processing by QuotesController#index as HTML
  [1m[36mUser Load (0.7ms)[0m  [1m[34mSELECT "users".* FROM "users" WHERE "users"."id" = ? LIMIT ?[0m  [["id", 1], ["LIMIT", 1]]
  ↳ app/controllers/application_controller.rb:10:in 'ApplicationController#current_user'
  Rendering layout layouts/application.html.erb
  Rendering quotes/index.html.erb within layouts/application
  [1m[36mQuote Exists? (0.3ms)[0m  [1m[34mSELECT 1 AS one FROM "quotes" LIMIT ?[0m  [["LIMIT", 1]]
  ↳ app/views/quotes/index.html.erb:8:in '_app_views_quotes_index_html_erb__362905944_12008'
  [1m[36mQuote Load (1.7ms)[0m  [1m[34mSELECT "quotes".* FROM "quotes" ORDER BY "quotes"."created_at" DESC[0m
  ↳ app/views/quotes/index.html.erb:18:in '_app_views_quotes_index_html_erb__362905944_12008'
  [1m[36mUser Load (0.7ms)[0m  [1m[34mSELECT "users".* FROM "users" WHERE "users"."id" IN (?, ?)[0m  [["id", 1], ["id", 2]]
  ↳ app/views/quotes/index.html.erb:18:in '_app_views_quotes_index_html_erb__362905944_12008'
  [1m[36mSource Load (0.9ms)[0m  [1m[34mSELECT "sources".* FROM "sources" WHERE "sources"."id" IN (?, ?, ?, ?, ?, ?, ?)[0m  [["id", 7], ["id", 2], ["id", 3], ["id", 4], ["id", 6], ["id", 5], ["id", 1]]
  ↳ app/views/quotes/index.html.erb:18:in '_app_views_quotes_index_html_erb__362905944_12008'
  [1m[36mQuoteCategory Load (1.1ms)[0m  [1m[34mSELECT "quote_categories".* FROM "quote_categories" WHERE "quote_categories"."quote_id" IN (?, ?, ?, ?, ?, ?, ?, ?, ?, ?, ?, ?)[0m  [["quote_id", 12], ["quote_id", 11], ["quote_id", 10], ["quote_id", 9], ["quote_id", 8], ["quote_id", 7], ["quote_id", 6], ["quote_id", 5], ["quote_id", 4], ["quote_id", 3], ["quote_id", 2], ["quote_id", 1]]
  ↳ app/views/quotes/index.html.erb:18:in '_app_views_quotes_index_html_erb__362905944_12008'
  [1m[36mCategory Load (0.4ms)[0m  [1m[34mSELECT "categories".* FROM "categories" WHERE "categories"."id" IN (?, ?, ?, ?, ?, ?, ?)[0m  [["id", 1], ["id", 10], ["id", 2], ["id", 5], ["id", 4], ["id", 3], ["id", 7]]
  ↳ app/views/quotes/index.html.erb:18:in '_app_views_quotes_index_html_erb__362905944_12008'
  Rendered quotes/index.html.erb within layouts/application (Duration: 53.7ms | Allocations: 10074)
  Rendered layout layouts/application.html.erb (Duration: 66.0ms | Allocations: 11486)
Completed 200 OK in 82ms (Views: 62.2ms | ActiveRecord: 5.6ms | Allocations: 12531)


Started GET "/sources" for 127.0.0.1 at 2026-05-23 00:46:18 +0530
Processing by SourcesController#index as HTML
  [1m[36mUser Load (0.3ms)[0m  [1m[34mSELECT "users".* FROM "users" WHERE "users"."id" = ? LIMIT ?[0m  [["id", 1], ["LIMIT", 1]]
  ↳ app/controllers/application_controller.rb:10:in 'ApplicationController#current_user'
  Rendering layout layouts/application.html.erb
  Rendering sources/index.html.erb within layouts/application
  [1m[36mSource Exists? (0.7ms)[0m  [1m[34mSELECT 1 AS one FROM "sources" LIMIT ?[0m  [["LIMIT", 1]]
  ↳ app/views/sources/index.html.erb:8:in '_app_views_sources_index_html_erb__120969003_12296'
  [1m[36mSource Load (0.8ms)[0m  [1m[34mSELECT "sources".* FROM "sources" ORDER BY "sources"."fname" ASC[0m
  ↳ app/views/sources/index.html.erb:10:in '_app_views_sources_index_html_erb__120969003_12296'
  [1m[36mQuote Count (0.7ms)[0m  [1m[34mSELECT COUNT(*) FROM "quotes" WHERE "quotes"."source_id" = ?[0m  [["source_id", 7]]
  ↳ app/views/sources/index.html.erb:17:in 'block in _app_views_sources_index_html_erb__120969003_12296'
  [1m[36mQuote Count (1.6ms)[0m  [1m[34mSELECT COUNT(*) FROM "quotes" WHERE "quotes"."source_id" = ?[0m  [["source_id", 2]]
  ↳ app/views/sources/index.html.erb:17:in 'block in _app_views_sources_index_html_erb__120969003_12296'
  [1m[36mQuote Count (0.9ms)[0m  [1m[34mSELECT COUNT(*) FROM "quotes" WHERE "quotes"."source_id" = ?[0m  [["source_id", 4]]
  ↳ app/views/sources/index.html.erb:17:in 'block in _app_views_sources_index_html_erb__120969003_12296'
  [1m[36mQuote Count (0.6ms)[0m  [1m[34mSELECT COUNT(*) FROM "quotes" WHERE "quotes"."source_id" = ?[0m  [["source_id", 3]]
  ↳ app/views/sources/index.html.erb:17:in 'block in _app_views_sources_index_html_erb__120969003_12296'
  [1m[36mQuote Count (0.5ms)[0m  [1m[34mSELECT COUNT(*) FROM "quotes" WHERE "quotes"."source_id" = ?[0m  [["source_id", 5]]
  ↳ app/views/sources/index.html.erb:17:in 'block in _app_views_sources_index_html_erb__120969003_12296'
  [1m[36mQuote Count (7.0ms)[0m  [1m[34mSELECT COUNT(*) FROM "quotes" WHERE "quotes"."source_id" = ?[0m  [["source_id", 6]]
  ↳ app/views/sources/index.html.erb:17:in 'block in _app_views_sources_index_html_erb__120969003_12296'
  [1m[36mQuote Count (1.1ms)[0m  [1m[34mSELECT COUNT(*) FROM "quotes" WHERE "quotes"."source_id" = ?[0m  [["source_id", 1]]
  ↳ app/views/sources/index.html.erb:17:in 'block in _app_views_sources_index_html_erb__120969003_12296'
  Rendered sources/index.html.erb within layouts/application (Duration: 129.1ms | Allocations: 8728)
  Rendered layout layouts/application.html.erb (Duration: 150.9ms | Allocations: 10144)
Completed 200 OK in 167ms (Views: 139.3ms | ActiveRecord: 14.2ms | Allocations: 11174)


Started GET "/sources/3" for 127.0.0.1 at 2026-05-23 00:46:34 +0530
Processing by SourcesController#show as HTML
  Parameters: {"id" => "3"}
  [1m[36mUser Load (0.5ms)[0m  [1m[34mSELECT "users".* FROM "users" WHERE "users"."id" = ? LIMIT ?[0m  [["id", 1], ["LIMIT", 1]]
  ↳ app/controllers/application_controller.rb:10:in 'ApplicationController#current_user'
  [1m[36mSource Load (0.4ms)[0m  [1m[34mSELECT "sources".* FROM "sources" WHERE "sources"."id" = ? LIMIT ?[0m  [["id", 3], ["LIMIT", 1]]
  ↳ app/controllers/sources_controller.rb:63:in 'SourcesController#set_source'
  Rendering layout layouts/application.html.erb
  Rendering sources/show.html.erb within layouts/application
  [1m[36mQuote Count (0.5ms)[0m  [1m[34mSELECT COUNT(*) FROM "quotes" WHERE "quotes"."source_id" = ?[0m  [["source_id", 3]]
  ↳ app/views/sources/show.html.erb:22:in '_app_views_sources_show_html_erb___683346552_12616'
  [1m[36mQuote Exists? (0.4ms)[0m  [1m[34mSELECT 1 AS one FROM "quotes" WHERE "quotes"."source_id" = ? LIMIT ?[0m  [["source_id", 3], ["LIMIT", 1]]
  ↳ app/views/sources/show.html.erb:23:in '_app_views_sources_show_html_erb___683346552_12616'
  [1m[36mQuote Load (0.8ms)[0m  [1m[34mSELECT "quotes".* FROM "quotes" WHERE "quotes"."source_id" = ?[0m  [["source_id", 3]]
  ↳ app/views/sources/show.html.erb:24:in '_app_views_sources_show_html_erb___683346552_12616'
  [1m[36mUser Load (0.9ms)[0m  [1m[34mSELECT "users".* FROM "users" WHERE "users"."id" IN (?, ?)[0m  [["id", 2], ["id", 1]]
  ↳ app/views/sources/show.html.erb:24:in '_app_views_sources_show_html_erb___683346552_12616'
  [1m[36mQuoteCategory Load (0.7ms)[0m  [1m[34mSELECT "quote_categories".* FROM "quote_categories" WHERE "quote_categories"."quote_id" IN (?, ?)[0m  [["quote_id", 3], ["quote_id", 8]]
  ↳ app/views/sources/show.html.erb:24:in '_app_views_sources_show_html_erb___683346552_12616'
  [1m[36mCategory Load (0.8ms)[0m  [1m[34mSELECT "categories".* FROM "categories" WHERE "categories"."id" IN (?, ?, ?)[0m  [["id", 1], ["id", 2], ["id", 4]]
  ↳ app/views/sources/show.html.erb:24:in '_app_views_sources_show_html_erb___683346552_12616'
  Rendered sources/show.html.erb within layouts/application (Duration: 132.0ms | Allocations: 6494)
  Rendered layout layouts/application.html.erb (Duration: 151.5ms | Allocations: 7898)
Completed 200 OK in 176ms (Views: 150.5ms | ActiveRecord: 4.9ms | Allocations: 10236)


Started GET "/" for 127.0.0.1 at 2026-05-23 00:47:20 +0530
Processing by PagesController#home as HTML
  Rendering layout layouts/application.html.erb
  Rendering pages/home.html.erb within layouts/application
  [1m[36mUser Load (0.8ms)[0m  [1m[34mSELECT "users".* FROM "users" WHERE "users"."id" = ? LIMIT ?[0m  [["id", 1], ["LIMIT", 1]]
  ↳ app/controllers/application_controller.rb:10:in 'ApplicationController#current_user'
  [1m[36mCategory Load (1.5ms)[0m  [1m[34mSELECT "categories".* FROM "categories" ORDER BY "categories"."catname" ASC[0m
  ↳ app/views/pages/home.html.erb:16:in 'block in _app_views_pages_home_html_erb__285950581_10472'
  [1m[36mQuote Exists? (0.5ms)[0m  [1m[34mSELECT 1 AS one FROM "quotes" WHERE "quotes"."ispublic" = ? LIMIT ?[0m  [["ispublic", 1], ["LIMIT", 1]]
  ↳ app/views/pages/home.html.erb:24:in '_app_views_pages_home_html_erb__285950581_10472'
  [1m[36mQuote Load (0.4ms)[0m  [1m[34mSELECT "quotes".* FROM "quotes" WHERE "quotes"."ispublic" = ? ORDER BY "quotes"."created_at" DESC LIMIT ?[0m  [["ispublic", 1], ["LIMIT", 10]]
  ↳ app/views/pages/home.html.erb:25:in '_app_views_pages_home_html_erb__285950581_10472'
  [1m[36mUser Load (0.6ms)[0m  [1m[34mSELECT "users".* FROM "users" WHERE "users"."id" IN (?, ?)[0m  [["id", 1], ["id", 2]]
  ↳ app/views/pages/home.html.erb:25:in '_app_views_pages_home_html_erb__285950581_10472'
  [1m[36mSource Load (0.5ms)[0m  [1m[34mSELECT "sources".* FROM "sources" WHERE "sources"."id" IN (?, ?, ?, ?, ?, ?)[0m  [["id", 7], ["id", 3], ["id", 4], ["id", 6], ["id", 5], ["id", 2]]
  ↳ app/views/pages/home.html.erb:25:in '_app_views_pages_home_html_erb__285950581_10472'
  [1m[36mQuoteCategory Load (1.0ms)[0m  [1m[34mSELECT "quote_categories".* FROM "quote_categories" WHERE "quote_categories"."quote_id" IN (?, ?, ?, ?, ?, ?, ?, ?, ?, ?)[0m  [["quote_id", 12], ["quote_id", 11], ["quote_id", 9], ["quote_id", 8], ["quote_id", 7], ["quote_id", 6], ["quote_id", 5], ["quote_id", 4], ["quote_id", 3], ["quote_id", 2]]
  ↳ app/views/pages/home.html.erb:25:in '_app_views_pages_home_html_erb__285950581_10472'
  [1m[36mCategory Load (0.6ms)[0m  [1m[34mSELECT "categories".* FROM "categories" WHERE "categories"."id" IN (?, ?, ?, ?, ?, ?)[0m  [["id", 1], ["id", 2], ["id", 5], ["id", 10], ["id", 4], ["id", 3]]
  ↳ app/views/pages/home.html.erb:25:in '_app_views_pages_home_html_erb__285950581_10472'
  Rendered pages/home.html.erb within layouts/application (Duration: 62.6ms | Allocations: 10962)
  Rendered layout layouts/application.html.erb (Duration: 80.1ms | Allocations: 12367)
Completed 200 OK in 93ms (Views: 76.1ms | ActiveRecord: 6.0ms | Allocations: 12721)


Started GET "/" for 127.0.0.1 at 2026-05-23 00:47:38 +0530
Processing by PagesController#home as HTML
  Rendering layout layouts/application.html.erb
  Rendering pages/home.html.erb within layouts/application
  [1m[36mCategory Load (0.5ms)[0m  [1m[34mSELECT "categories".* FROM "categories" ORDER BY "categories"."catname" ASC[0m
  ↳ app/views/pages/home.html.erb:16:in 'block in _app_views_pages_home_html_erb__285950581_10472'
  [1m[36mQuote Exists? (0.8ms)[0m  [1m[34mSELECT 1 AS one FROM "quotes" WHERE "quotes"."ispublic" = ? LIMIT ?[0m  [["ispublic", 1], ["LIMIT", 1]]
  ↳ app/views/pages/home.html.erb:24:in '_app_views_pages_home_html_erb__285950581_10472'
  [1m[36mQuote Load (0.7ms)[0m  [1m[34mSELECT "quotes".* FROM "quotes" WHERE "quotes"."ispublic" = ? ORDER BY "quotes"."created_at" DESC LIMIT ?[0m  [["ispublic", 1], ["LIMIT", 10]]
  ↳ app/views/pages/home.html.erb:25:in '_app_views_pages_home_html_erb__285950581_10472'
  [1m[36mUser Load (1.4ms)[0m  [1m[34mSELECT "users".* FROM "users" WHERE "users"."id" IN (?, ?)[0m  [["id", 1], ["id", 2]]
  ↳ app/views/pages/home.html.erb:25:in '_app_views_pages_home_html_erb__285950581_10472'
  [1m[36mSource Load (0.9ms)[0m  [1m[34mSELECT "sources".* FROM "sources" WHERE "sources"."id" IN (?, ?, ?, ?, ?, ?)[0m  [["id", 7], ["id", 3], ["id", 4], ["id", 6], ["id", 5], ["id", 2]]
  ↳ app/views/pages/home.html.erb:25:in '_app_views_pages_home_html_erb__285950581_10472'
  [1m[36mQuoteCategory Load (1.0ms)[0m  [1m[34mSELECT "quote_categories".* FROM "quote_categories" WHERE "quote_categories"."quote_id" IN (?, ?, ?, ?, ?, ?, ?, ?, ?, ?)[0m  [["quote_id", 12], ["quote_id", 11], ["quote_id", 9], ["quote_id", 8], ["quote_id", 7], ["quote_id", 6], ["quote_id", 5], ["quote_id", 4], ["quote_id", 3], ["quote_id", 2]]
  ↳ app/views/pages/home.html.erb:25:in '_app_views_pages_home_html_erb__285950581_10472'
  [1m[36mCategory Load (0.7ms)[0m  [1m[34mSELECT "categories".* FROM "categories" WHERE "categories"."id" IN (?, ?, ?, ?, ?, ?)[0m  [["id", 1], ["id", 2], ["id", 5], ["id", 10], ["id", 4], ["id", 3]]
  ↳ app/views/pages/home.html.erb:25:in '_app_views_pages_home_html_erb__285950581_10472'
  Rendered pages/home.html.erb within layouts/application (Duration: 68.2ms | Allocations: 14486)
  Rendered layout layouts/application.html.erb (Duration: 84.6ms | Allocations: 15789)
Completed 200 OK in 96ms (Views: 80.9ms | ActiveRecord: 6.0ms | Allocations: 16141)


Started GET "/" for 127.0.0.1 at 2026-05-23 00:51:43 +0530
  [1m[36mActiveRecord::SchemaMigration Pluck (0.8ms)[0m  [1m[34mSELECT "schema_migrations"."version" FROM "schema_migrations" ORDER BY "schema_migrations"."version" ASC[0m
  
ActiveRecord::DuplicateMigrationNameError (

Multiple migrations have the name CreateUsers.

):
  
activerecord (7.0.10) lib/active_record/migration.rb:1434:in 'ActiveRecord::Migrator#validate'
activerecord (7.0.10) lib/active_record/migration.rb:1307:in 'ActiveRecord::Migrator#initialize'
activerecord (7.0.10) lib/active_record/migration.rb:1185:in 'Class#new'
activerecord (7.0.10) lib/active_record/migration.rb:1185:in 'ActiveRecord::MigrationContext#open'
activerecord (7.0.10) lib/active_record/migration.rb:156:in 'ActiveRecord::PendingMigrationError#detailed_migration_message'
activerecord (7.0.10) lib/active_record/migration.rb:147:in 'ActiveRecord::PendingMigrationError#initialize'
activerecord (7.0.10) lib/active_record/migration.rb:663:in 'Exception.exception'
activerecord (7.0.10) lib/active_record/migration.rb:663:in 'Kernel#raise'
activerecord (7.0.10) lib/active_record/migration.rb:663:in 'ActiveRecord::Migration.check_pending!'
activerecord (7.0.10) lib/active_record/migration.rb:628:in 'block (2 levels) in ActiveRecord::Migration::CheckPending#call'
activesupport (7.0.10) lib/active_support/file_update_checker.rb:83:in 'ActiveSupport::FileUpdateChecker#execute'
activerecord (7.0.10) lib/active_record/migration.rb:633:in 'block in ActiveRecord::Migration::CheckPending#call'
activerecord (7.0.10) lib/active_record/migration.rb:625:in 'Thread::Mutex#synchronize'
activerecord (7.0.10) lib/active_record/migration.rb:625:in 'ActiveRecord::Migration::CheckPending#call'
actionpack (7.0.10) lib/action_dispatch/middleware/callbacks.rb:27:in 'block in ActionDispatch::Callbacks#call'
activesupport (7.0.10) lib/active_support/callbacks.rb:99:in 'ActiveSupport::Callbacks#run_callbacks'
actionpack (7.0.10) lib/action_dispatch/middleware/callbacks.rb:26:in 'ActionDispatch::Callbacks#call'
actionpack (7.0.10) lib/action_dispatch/middleware/executor.rb:14:in 'ActionDispatch::Executor#call'
actionpack (7.0.10) lib/action_dispatch/middleware/actionable_exceptions.rb:17:in 'ActionDispatch::ActionableExceptions#call'
actionpack (7.0.10) lib/action_dispatch/middleware/debug_exceptions.rb:28:in 'ActionDispatch::DebugExceptions#call'
web-console (4.2.1) lib/web_console/middleware.rb:132:in 'WebConsole::Middleware#call_app'
web-console (4.2.1) lib/web_console/middleware.rb:28:in 'block in WebConsole::Middleware#call'
web-console (4.2.1) lib/web_console/middleware.rb:17:in 'Kernel#catch'
web-console (4.2.1) lib/web_console/middleware.rb:17:in 'WebConsole::Middleware#call'
actionpack (7.0.10) lib/action_dispatch/middleware/show_exceptions.rb:29:in 'ActionDispatch::ShowExceptions#call'
railties (7.0.10) lib/rails/rack/logger.rb:40:in 'Rails::Rack::Logger#call_app'
railties (7.0.10) lib/rails/rack/logger.rb:25:in 'block in Rails::Rack::Logger#call'
activesupport (7.0.10) lib/active_support/tagged_logging.rb:99:in 'block in ActiveSupport::TaggedLogging#tagged'
activesupport (7.0.10) lib/active_support/tagged_logging.rb:37:in 'ActiveSupport::TaggedLogging::Formatter#tagged'
activesupport (7.0.10) lib/active_support/tagged_logging.rb:99:in 'ActiveSupport::TaggedLogging#tagged'
railties (7.0.10) lib/rails/rack/logger.rb:25:in 'Rails::Rack::Logger#call'
actionpack (7.0.10) lib/action_dispatch/middleware/remote_ip.rb:93:in 'ActionDispatch::RemoteIp#call'
actionpack (7.0.10) lib/action_dispatch/middleware/request_id.rb:26:in 'ActionDispatch::RequestId#call'
rack (2.2.23) lib/rack/method_override.rb:24:in 'Rack::MethodOverride#call'
rack (2.2.23) lib/rack/runtime.rb:22:in 'Rack::Runtime#call'
activesupport (7.0.10) lib/active_support/cache/strategy/local_cache_middleware.rb:29:in 'ActiveSupport::Cache::Strategy::LocalCache::Middleware#call'
actionpack (7.0.10) lib/action_dispatch/middleware/server_timing.rb:61:in 'block in ActionDispatch::ServerTiming#call'
actionpack (7.0.10) lib/action_dispatch/middleware/server_timing.rb:26:in 'ActionDispatch::ServerTiming::Subscriber#collect_events'
actionpack (7.0.10) lib/action_dispatch/middleware/server_timing.rb:60:in 'ActionDispatch::ServerTiming#call'
actionpack (7.0.10) lib/action_dispatch/middleware/executor.rb:14:in 'ActionDispatch::Executor#call'
actionpack (7.0.10) lib/action_dispatch/middleware/static.rb:23:in 'ActionDispatch::Static#call'
rack (2.2.23) lib/rack/sendfile.rb:127:in 'Rack::Sendfile#call'
actionpack (7.0.10) lib/action_dispatch/middleware/host_authorization.rb:138:in 'ActionDispatch::HostAuthorization#call'
railties (7.0.10) lib/rails/engine.rb:531:in 'Rails::Engine#call'
puma (5.6.9) lib/puma/configuration.rb:252:in 'Puma::Configuration::ConfigMiddleware#call'
puma (5.6.9) lib/puma/request.rb:77:in 'block in Puma::Request#handle_request'
puma (5.6.9) lib/puma/thread_pool.rb:340:in 'Puma::ThreadPool#with_force_shutdown'
puma (5.6.9) lib/puma/request.rb:76:in 'Puma::Request#handle_request'
puma (5.6.9) lib/puma/server.rb:443:in 'Puma::Server#process_client'
puma (5.6.9) lib/puma/thread_pool.rb:147:in 'block in Puma::ThreadPool#spawn_thread'
  [1m[36mActiveRecord::SchemaMigration Pluck (0.2ms)[0m  [1m[34mSELECT "schema_migrations"."version" FROM "schema_migrations" ORDER BY "schema_migrations"."version" ASC[0m
Migrating to CreateUsers (20260516193718)
  [1m[36mActiveRecord::SchemaMigration Pluck (0.2ms)[0m  [1m[34mSELECT "schema_migrations"."version" FROM "schema_migrations" ORDER BY "schema_migrations"."version" ASC[0m
  [1m[36mActiveRecord::SchemaMigration Pluck (0.1ms)[0m  [1m[34mSELECT "schema_migrations"."version" FROM "schema_migrations" ORDER BY "schema_migrations"."version" ASC[0m
  [1m[36mActiveRecord::SchemaMigration Pluck (0.1ms)[0m  [1m[34mSELECT "schema_migrations"."version" FROM "schema_migrations" ORDER BY "schema_migrations"."version" ASC[0m
  [1m[36mActiveRecord::SchemaMigration Pluck (0.2ms)[0m  [1m[34mSELECT "schema_migrations"."version" FROM "schema_migrations" ORDER BY "schema_migrations"."version" ASC[0m
  [1m[36mActiveRecord::InternalMetadata Pluck (0.2ms)[0m  [1m[34mSELECT "ar_internal_metadata"."value" FROM "ar_internal_metadata" WHERE "ar_internal_metadata"."key" = ? LIMIT ?[0m  [["key", "environment"], ["LIMIT", 1]]
  [1m[36mActiveRecord::SchemaMigration Pluck (0.1ms)[0m  [1m[34mSELECT "schema_migrations"."version" FROM "schema_migrations" ORDER BY "schema_migrations"."version" ASC[0m
  [1m[36mActiveRecord::InternalMetadata Pluck (0.1ms)[0m  [1m[34mSELECT "ar_internal_metadata"."value" FROM "ar_internal_metadata" WHERE "ar_internal_metadata"."key" = ? LIMIT ?[0m  [["key", "environment"], ["LIMIT", 1]]
  [1m[36mActiveRecord::SchemaMigration Pluck (0.1ms)[0m  [1m[34mSELECT "schema_migrations"."version" FROM "schema_migrations" ORDER BY "schema_migrations"."version" ASC[0m
  [1m[36mActiveRecord::InternalMetadata Pluck (0.1ms)[0m  [1m[34mSELECT "ar_internal_metadata"."value" FROM "ar_internal_metadata" WHERE "ar_internal_metadata"."key" = ? LIMIT ?[0m  [["key", "environment"], ["LIMIT", 1]]
  [1m[35m (8.0ms)[0m  [1m[35mCREATE TABLE "schema_migrations" ("version" varchar NOT NULL PRIMARY KEY)[0m
  [1m[35m (3.7ms)[0m  [1m[35mCREATE TABLE "ar_internal_metadata" ("key" varchar NOT NULL PRIMARY KEY, "value" varchar, "created_at" datetime(6) NOT NULL, "updated_at" datetime(6) NOT NULL)[0m
  [1m[36mActiveRecord::SchemaMigration Pluck (0.3ms)[0m  [1m[34mSELECT "schema_migrations"."version" FROM "schema_migrations" ORDER BY "schema_migrations"."version" ASC[0m
Migrating to CreateUsers (20260516193718)
  [1m[36mActiveRecord::SchemaMigration Pluck (0.2ms)[0m  [1m[34mSELECT "schema_migrations"."version" FROM "schema_migrations" ORDER BY "schema_migrations"."version" ASC[0m
Migrating to CreateUsers (20230912051328)
  [1m[36mTRANSACTION (0.0ms)[0m  [1m[36mbegin transaction[0m
  [1m[35m (3.4ms)[0m  [1m[35mCREATE TABLE "users" ("id" integer PRIMARY KEY AUTOINCREMENT NOT NULL, "fname" varchar NOT NULL, "lname" varchar NOT NULL, "email" varchar NOT NULL, "password_digest" varchar NOT NULL, "is_admin" boolean DEFAULT 0, "status" varchar DEFAULT 'Active' NOT NULL, "created_at" datetime(6) NOT NULL, "updated_at" datetime(6) NOT NULL)[0m
  [1m[35m (0.2ms)[0m  [1m[35mCREATE UNIQUE INDEX "index_users_on_email" ON "users" ("email")[0m
  [1m[36mActiveRecord::SchemaMigration Create (0.2ms)[0m  [1m[32mINSERT INTO "schema_migrations" ("version") VALUES (?)[0m  [["version", "20230912051328"]]
  [1m[36mTRANSACTION (4.1ms)[0m  [1m[36mcommit transaction[0m
Migrating to CreateSources (20230912052327)
  [1m[36mTRANSACTION (0.5ms)[0m  [1m[36mbegin transaction[0m
  [1m[35m (1.3ms)[0m  [1m[35mCREATE TABLE "sources" ("id" integer PRIMARY KEY AUTOINCREMENT NOT NULL, "fname" varchar NOT NULL, "lname" varchar, "byear" varchar, "dyear" varchar, "bio" text, "created_at" datetime(6) NOT NULL, "updated_at" datetime(6) NOT NULL)[0m
  [1m[36mActiveRecord::SchemaMigration Create (0.9ms)[0m  [1m[32mINSERT INTO "schema_migrations" ("version") VALUES (?)[0m  [["version", "20230912052327"]]
  [1m[36mTRANSACTION (3.6ms)[0m  [1m[36mcommit transaction[0m
Migrating to CreateCategories (20230912053209)
  [1m[36mTRANSACTION (0.1ms)[0m  [1m[36mbegin transaction[0m
  [1m[35m (1.1ms)[0m  [1m[35mCREATE TABLE "categories" ("id" integer PRIMARY KEY AUTOINCREMENT NOT NULL, "catname" varchar NOT NULL, "created_at" datetime(6) NOT NULL, "updated_at" datetime(6) NOT NULL)[0m
  [1m[36mActiveRecord::SchemaMigration Create (0.7ms)[0m  [1m[32mINSERT INTO "schema_migrations" ("version") VALUES (?)[0m  [["version", "20230912053209"]]
  [1m[36mTRANSACTION (3.3ms)[0m  [1m[36mcommit transaction[0m
Migrating to CreateQuotes (20230912054258)
  [1m[36mTRANSACTION (0.2ms)[0m  [1m[36mbegin transaction[0m
  [1m[35m (2.6ms)[0m  [1m[35mCREATE TABLE "quotes" ("id" integer PRIMARY KEY AUTOINCREMENT NOT NULL, "qtext" text NOT NULL, "qyear" varchar, "qcom" text, "ispublic" boolean DEFAULT 1 NOT NULL, "user_id" integer NOT NULL, "source_id" integer NOT NULL, "created_at" datetime(6) NOT NULL, "updated_at" datetime(6) NOT NULL, CONSTRAINT "fk_rails_02b555fb4d"
FOREIGN KEY ("user_id")
  REFERENCES "users" ("id")
, CONSTRAINT "fk_rails_7a6cffb978"
FOREIGN KEY ("source_id")
  REFERENCES "sources" ("id")
)[0m
  [1m[35m (0.5ms)[0m  [1m[35mCREATE INDEX "index_quotes_on_user_id" ON "quotes" ("user_id")[0m
  [1m[35m (0.1ms)[0m  [1m[35mCREATE INDEX "index_quotes_on_source_id" ON "quotes" ("source_id")[0m
  [1m[36mActiveRecord::SchemaMigration Create (0.3ms)[0m  [1m[32mINSERT INTO "schema_migrations" ("version") VALUES (?)[0m  [["version", "20230912054258"]]
  [1m[36mTRANSACTION (6.1ms)[0m  [1m[36mcommit transaction[0m
Migrating to CreateQuoteCategories (20230912055141)
  [1m[36mTRANSACTION (0.1ms)[0m  [1m[36mbegin transaction[0m
  [1m[35m (3.3ms)[0m  [1m[35mCREATE TABLE "quote_categories" ("id" integer PRIMARY KEY AUTOINCREMENT NOT NULL, "quote_id" integer NOT NULL, "category_id" integer NOT NULL, "created_at" datetime(6) NOT NULL, "updated_at" datetime(6) NOT NULL, CONSTRAINT "fk_rails_c34a150410"
FOREIGN KEY ("quote_id")
  REFERENCES "quotes" ("id")
, CONSTRAINT "fk_rails_2f1b48a620"
FOREIGN KEY ("category_id")
  REFERENCES "categories" ("id")
)[0m
  [1m[35m (0.3ms)[0m  [1m[35mCREATE INDEX "index_quote_categories_on_quote_id" ON "quote_categories" ("quote_id")[0m
  [1m[35m (0.2ms)[0m  [1m[35mCREATE INDEX "index_quote_categories_on_category_id" ON "quote_categories" ("category_id")[0m
  [1m[36mActiveRecord::SchemaMigration Create (0.5ms)[0m  [1m[32mINSERT INTO "schema_migrations" ("version") VALUES (?)[0m  [["version", "20230912055141"]]
  [1m[36mTRANSACTION (8.0ms)[0m  [1m[36mcommit transaction[0m
  [1m[36mActiveRecord::InternalMetadata Load (1.7ms)[0m  [1m[34mSELECT "ar_internal_metadata".* FROM "ar_internal_metadata" WHERE "ar_internal_metadata"."key" = ? LIMIT ?[0m  [["key", "environment"], ["LIMIT", 1]]
  [1m[36mTRANSACTION (0.1ms)[0m  [1m[36mbegin transaction[0m
  [1m[36mActiveRecord::InternalMetadata Create (3.3ms)[0m  [1m[32mINSERT INTO "ar_internal_metadata" ("key", "value", "created_at", "updated_at") VALUES (?, ?, ?, ?)[0m  [["key", "environment"], ["value", "development"], ["created_at", "2026-05-22 19:28:46.760336"], ["updated_at", "2026-05-22 19:28:46.760336"]]
  [1m[36mTRANSACTION (3.9ms)[0m  [1m[36mcommit transaction[0m
  [1m[36mActiveRecord::SchemaMigration Pluck (0.5ms)[0m  [1m[34mSELECT "schema_migrations"."version" FROM "schema_migrations" ORDER BY "schema_migrations"."version" ASC[0m
  [1m[36mActiveRecord::SchemaMigration Pluck (0.6ms)[0m  [1m[34mSELECT "schema_migrations"."version" FROM "schema_migrations" ORDER BY "schema_migrations"."version" ASC[0m
  [1m[36mActiveRecord::SchemaMigration Pluck (0.4ms)[0m  [1m[34mSELECT "schema_migrations"."version" FROM "schema_migrations" ORDER BY "schema_migrations"."version" ASC[0m
  [1m[36mActiveRecord::SchemaMigration Pluck (0.3ms)[0m  [1m[34mSELECT "schema_migrations"."version" FROM "schema_migrations" ORDER BY "schema_migrations"."version" ASC[0m
  [1m[36mActiveRecord::SchemaMigration Pluck (0.1ms)[0m  [1m[34mSELECT "schema_migrations"."version" FROM "schema_migrations" ORDER BY "schema_migrations"."version" ASC[0m
Migrating to CreateQuoteCategories (20230912055141)
  [1m[36mTRANSACTION (0.1ms)[0m  [1m[36mbegin transaction[0m
  [1m[35m (5.4ms)[0m  [1m[35mDROP TABLE "quote_categories"[0m
  [1m[36mActiveRecord::SchemaMigration Delete All (0.6ms)[0m  [1m[31mDELETE FROM "schema_migrations" WHERE "schema_migrations"."version" = ?[0m  [["version", "20230912055141"]]
  [1m[36mTRANSACTION (5.7ms)[0m  [1m[36mcommit transaction[0m
  [1m[36mActiveRecord::SchemaMigration Pluck (0.5ms)[0m  [1m[34mSELECT "schema_migrations"."version" FROM "schema_migrations" ORDER BY "schema_migrations"."version" ASC[0m
  [1m[36mActiveRecord::SchemaMigration Pluck (0.2ms)[0m  [1m[34mSELECT "schema_migrations"."version" FROM "schema_migrations" ORDER BY "schema_migrations"."version" ASC[0m
  [1m[36mActiveRecord::SchemaMigration Pluck (0.1ms)[0m  [1m[34mSELECT "schema_migrations"."version" FROM "schema_migrations" ORDER BY "schema_migrations"."version" ASC[0m
  [1m[36mActiveRecord::SchemaMigration Pluck (0.1ms)[0m  [1m[34mSELECT "schema_migrations"."version" FROM "schema_migrations" ORDER BY "schema_migrations"."version" ASC[0m
  [1m[36mActiveRecord::SchemaMigration Pluck (0.1ms)[0m  [1m[34mSELECT "schema_migrations"."version" FROM "schema_migrations" ORDER BY "schema_migrations"."version" ASC[0m
Migrating to CreateQuotes (20230912054258)
  [1m[36mTRANSACTION (0.1ms)[0m  [1m[36mbegin transaction[0m
  [1m[35m (3.6ms)[0m  [1m[35mDROP TABLE "quotes"[0m
  [1m[36mActiveRecord::SchemaMigration Delete All (0.2ms)[0m  [1m[31mDELETE FROM "schema_migrations" WHERE "schema_migrations"."version" = ?[0m  [["version", "20230912054258"]]
  [1m[36mTRANSACTION (4.0ms)[0m  [1m[36mcommit transaction[0m
  [1m[36mActiveRecord::SchemaMigration Pluck (0.4ms)[0m  [1m[34mSELECT "schema_migrations"."version" FROM "schema_migrations" ORDER BY "schema_migrations"."version" ASC[0m
  [1m[36mActiveRecord::SchemaMigration Pluck (0.3ms)[0m  [1m[34mSELECT "schema_migrations"."version" FROM "schema_migrations" ORDER BY "schema_migrations"."version" ASC[0m
  [1m[36mActiveRecord::SchemaMigration Pluck (0.2ms)[0m  [1m[34mSELECT "schema_migrations"."version" FROM "schema_migrations" ORDER BY "schema_migrations"."version" ASC[0m
  [1m[36mActiveRecord::SchemaMigration Pluck (0.1ms)[0m  [1m[34mSELECT "schema_migrations"."version" FROM "schema_migrations" ORDER BY "schema_migrations"."version" ASC[0m
  [1m[36mActiveRecord::SchemaMigration Pluck (0.1ms)[0m  [1m[34mSELECT "schema_migrations"."version" FROM "schema_migrations" ORDER BY "schema_migrations"."version" ASC[0m
Migrating to CreateCategories (20230912053209)
  [1m[36mTRANSACTION (0.1ms)[0m  [1m[36mbegin transaction[0m
  [1m[35m (4.0ms)[0m  [1m[35mDROP TABLE "categories"[0m
  [1m[36mActiveRecord::SchemaMigration Delete All (0.2ms)[0m  [1m[31mDELETE FROM "schema_migrations" WHERE "schema_migrations"."version" = ?[0m  [["version", "20230912053209"]]
  [1m[36mTRANSACTION (4.9ms)[0m  [1m[36mcommit transaction[0m
  [1m[36mActiveRecord::SchemaMigration Pluck (0.2ms)[0m  [1m[34mSELECT "schema_migrations"."version" FROM "schema_migrations" ORDER BY "schema_migrations"."version" ASC[0m
  [1m[36mActiveRecord::SchemaMigration Pluck (0.2ms)[0m  [1m[34mSELECT "schema_migrations"."version" FROM "schema_migrations" ORDER BY "schema_migrations"."version" ASC[0m
  [1m[36mActiveRecord::SchemaMigration Pluck (0.1ms)[0m  [1m[34mSELECT "schema_migrations"."version" FROM "schema_migrations" ORDER BY "schema_migrations"."version" ASC[0m
  [1m[36mActiveRecord::SchemaMigration Pluck (0.1ms)[0m  [1m[34mSELECT "schema_migrations"."version" FROM "schema_migrations" ORDER BY "schema_migrations"."version" ASC[0m
  [1m[36mActiveRecord::SchemaMigration Pluck (0.1ms)[0m  [1m[34mSELECT "schema_migrations"."version" FROM "schema_migrations" ORDER BY "schema_migrations"."version" ASC[0m
Migrating to CreateSources (20230912052327)
  [1m[36mTRANSACTION (0.1ms)[0m  [1m[36mbegin transaction[0m
  [1m[35m (4.3ms)[0m  [1m[35mDROP TABLE "sources"[0m
  [1m[36mActiveRecord::SchemaMigration Delete All (0.2ms)[0m  [1m[31mDELETE FROM "schema_migrations" WHERE "schema_migrations"."version" = ?[0m  [["version", "20230912052327"]]
  [1m[36mTRANSACTION (4.0ms)[0m  [1m[36mcommit transaction[0m
  [1m[36mActiveRecord::SchemaMigration Pluck (0.4ms)[0m  [1m[34mSELECT "schema_migrations"."version" FROM "schema_migrations" ORDER BY "schema_migrations"."version" ASC[0m
  [1m[36mActiveRecord::SchemaMigration Pluck (0.2ms)[0m  [1m[34mSELECT "schema_migrations"."version" FROM "schema_migrations" ORDER BY "schema_migrations"."version" ASC[0m
  [1m[36mActiveRecord::SchemaMigration Pluck (0.1ms)[0m  [1m[34mSELECT "schema_migrations"."version" FROM "schema_migrations" ORDER BY "schema_migrations"."version" ASC[0m
  [1m[36mActiveRecord::SchemaMigration Pluck (0.1ms)[0m  [1m[34mSELECT "schema_migrations"."version" FROM "schema_migrations" ORDER BY "schema_migrations"."version" ASC[0m
  [1m[36mActiveRecord::SchemaMigration Pluck (0.1ms)[0m  [1m[34mSELECT "schema_migrations"."version" FROM "schema_migrations" ORDER BY "schema_migrations"."version" ASC[0m
Migrating to CreateUsers (20230912051328)
  [1m[36mTRANSACTION (0.1ms)[0m  [1m[36mbegin transaction[0m
  [1m[35m (4.2ms)[0m  [1m[35mDROP INDEX "index_users_on_email"[0m
  [1m[35m (0.3ms)[0m  [1m[35mDROP TABLE "users"[0m
  [1m[36mActiveRecord::SchemaMigration Delete All (0.2ms)[0m  [1m[31mDELETE FROM "schema_migrations" WHERE "schema_migrations"."version" = ?[0m  [["version", "20230912051328"]]
  [1m[36mTRANSACTION (4.4ms)[0m  [1m[36mcommit transaction[0m
  [1m[36mActiveRecord::SchemaMigration Pluck (0.3ms)[0m  [1m[34mSELECT "schema_migrations"."version" FROM "schema_migrations" ORDER BY "schema_migrations"."version" ASC[0m
  [1m[36mActiveRecord::SchemaMigration Pluck (0.2ms)[0m  [1m[34mSELECT "schema_migrations"."version" FROM "schema_migrations" ORDER BY "schema_migrations"."version" ASC[0m
  [1m[36mActiveRecord::SchemaMigration Pluck (0.1ms)[0m  [1m[34mSELECT "schema_migrations"."version" FROM "schema_migrations" ORDER BY "schema_migrations"."version" ASC[0m
  [1m[36mActiveRecord::SchemaMigration Pluck (0.1ms)[0m  [1m[34mSELECT "schema_migrations"."version" FROM "schema_migrations" ORDER BY "schema_migrations"."version" ASC[0m
  [1m[36mActiveRecord::SchemaMigration Pluck (0.1ms)[0m  [1m[34mSELECT "schema_migrations"."version" FROM "schema_migrations" ORDER BY "schema_migrations"."version" ASC[0m
  [1m[36mActiveRecord::SchemaMigration Pluck (0.2ms)[0m  [1m[34mSELECT "schema_migrations"."version" FROM "schema_migrations" ORDER BY "schema_migrations"."version" ASC[0m
Migrating to CreateUsers (20260516193718)
DEPRECATION WARNING: `to_time` will always preserve the full timezone rather than offset of the receiver in Rails 8.1. To opt in to the new behavior, set `config.active_support.to_time_preserves_timezone = :zone`. (called from BasicObject#instance_exec at C:/Users/ASUS/.local/share/gem/ruby/3.4.0/gems/railties-8.0.5/lib/rails/initializable.rb:32)
DEPRECATION WARNING: `to_time` will always preserve the full timezone rather than offset of the receiver in Rails 8.1. To opt in to the new behavior, set `config.active_support.to_time_preserves_timezone = :zone`. (called from block in <module:Finisher> at C:/Users/ASUS/.local/share/gem/ruby/3.4.0/gems/railties-8.0.5/lib/rails/application/finisher.rb:93)
  [1m[36mActiveRecord::InternalMetadata Load (0.3ms)[0m  [1m[34mSELECT * FROM "ar_internal_metadata" WHERE "ar_internal_metadata"."key" = ? ORDER BY "ar_internal_metadata"."key" ASC LIMIT 1[0m  [[nil, "environment"]]
  [1m[36mActiveRecord::SchemaMigration Load (0.2ms)[0m  [1m[34mSELECT "schema_migrations"."version" FROM "schema_migrations" ORDER BY "schema_migrations"."version" ASC[0m
Migrating to CreateUsers (20260516193718)
  [1m[36mTRANSACTION (0.2ms)[0m  [1m[36mBEGIN immediate TRANSACTION[0m
  [1m[35m (8.3ms)[0m  [1m[35mCREATE TABLE "users" ("id" integer PRIMARY KEY AUTOINCREMENT NOT NULL, "fname" varchar NOT NULL, "lname" varchar NOT NULL, "email" varchar NOT NULL, "password_digest" varchar NOT NULL, "is_admin" boolean DEFAULT 0, "status" varchar DEFAULT 'Active' NOT NULL, "created_at" datetime(6) NOT NULL, "updated_at" datetime(6) NOT NULL)[0m
  [1m[35m (1.1ms)[0m  [1m[35mCREATE UNIQUE INDEX "index_users_on_email" ON "users" ("email")[0m
  [1m[36mActiveRecord::SchemaMigration Create (0.6ms)[0m  [1m[32mINSERT INTO "schema_migrations" ("version") VALUES ('20260516193718') RETURNING "version"[0m
  [1m[36mTRANSACTION (7.6ms)[0m  [1m[36mCOMMIT TRANSACTION[0m
Migrating to CreateSources (20260516193731)
  [1m[36mTRANSACTION (0.4ms)[0m  [1m[36mBEGIN immediate TRANSACTION[0m
  [1m[35m (11.6ms)[0m  [1m[35mCREATE TABLE "sources" ("id" integer PRIMARY KEY AUTOINCREMENT NOT NULL, "fname" varchar NOT NULL, "lname" varchar, "byear" varchar, "dyear" varchar, "bio" text, "created_at" datetime(6) NOT NULL, "updated_at" datetime(6) NOT NULL)[0m
  [1m[36mActiveRecord::SchemaMigration Create (0.5ms)[0m  [1m[32mINSERT INTO "schema_migrations" ("version") VALUES ('20260516193731') RETURNING "version"[0m
  [1m[36mTRANSACTION (0.9ms)[0m  [1m[36mCOMMIT TRANSACTION[0m
Migrating to CreateCategories (20260516193740)
  [1m[36mTRANSACTION (0.4ms)[0m  [1m[36mBEGIN immediate TRANSACTION[0m
  [1m[35m (9.5ms)[0m  [1m[35mCREATE TABLE "categories" ("id" integer PRIMARY KEY AUTOINCREMENT NOT NULL, "catname" varchar NOT NULL, "created_at" datetime(6) NOT NULL, "updated_at" datetime(6) NOT NULL)[0m
  [1m[36mActiveRecord::SchemaMigration Create (0.5ms)[0m  [1m[32mINSERT INTO "schema_migrations" ("version") VALUES ('20260516193740') RETURNING "version"[0m
  [1m[36mTRANSACTION (0.7ms)[0m  [1m[36mCOMMIT TRANSACTION[0m
Migrating to CreateQuotes (20260516193749)
  [1m[36mTRANSACTION (0.2ms)[0m  [1m[36mBEGIN immediate TRANSACTION[0m
  [1m[35m (9.6ms)[0m  [1m[35mCREATE TABLE "quotes" ("id" integer PRIMARY KEY AUTOINCREMENT NOT NULL, "qtext" text NOT NULL, "qyear" varchar, "qcom" text, "ispublic" boolean DEFAULT 1 NOT NULL, "user_id" integer NOT NULL, "source_id" integer NOT NULL, "created_at" datetime(6) NOT NULL, "updated_at" datetime(6) NOT NULL, CONSTRAINT "fk_rails_02b555fb4d"
FOREIGN KEY ("user_id")
  REFERENCES "users" ("id")
, CONSTRAINT "fk_rails_7a6cffb978"
FOREIGN KEY ("source_id")
  REFERENCES "sources" ("id")
)[0m
  [1m[35m (0.5ms)[0m  [1m[35mCREATE INDEX "index_quotes_on_user_id" ON "quotes" ("user_id")[0m
  [1m[35m (0.8ms)[0m  [1m[35mCREATE INDEX "index_quotes_on_source_id" ON "quotes" ("source_id")[0m
  [1m[36mActiveRecord::SchemaMigration Create (0.5ms)[0m  [1m[32mINSERT INTO "schema_migrations" ("version") VALUES ('20260516193749') RETURNING "version"[0m
  [1m[36mTRANSACTION (0.2ms)[0m  [1m[36mCOMMIT TRANSACTION[0m
Migrating to CreateQuoteCategories (20260516193758)
  [1m[36mTRANSACTION (0.2ms)[0m  [1m[36mBEGIN immediate TRANSACTION[0m
  [1m[35m (6.6ms)[0m  [1m[35mCREATE TABLE "quote_categories" ("id" integer PRIMARY KEY AUTOINCREMENT NOT NULL, "quote_id" integer NOT NULL, "category_id" integer NOT NULL, "created_at" datetime(6) NOT NULL, "updated_at" datetime(6) NOT NULL, CONSTRAINT "fk_rails_c34a150410"
FOREIGN KEY ("quote_id")
  REFERENCES "quotes" ("id")
, CONSTRAINT "fk_rails_2f1b48a620"
FOREIGN KEY ("category_id")
  REFERENCES "categories" ("id")
)[0m
  [1m[35m (0.3ms)[0m  [1m[35mCREATE INDEX "index_quote_categories_on_quote_id" ON "quote_categories" ("quote_id")[0m
  [1m[35m (0.5ms)[0m  [1m[35mCREATE INDEX "index_quote_categories_on_category_id" ON "quote_categories" ("category_id")[0m
  [1m[36mActiveRecord::SchemaMigration Create (0.4ms)[0m  [1m[32mINSERT INTO "schema_migrations" ("version") VALUES ('20260516193758') RETURNING "version"[0m
  [1m[36mTRANSACTION (0.2ms)[0m  [1m[36mCOMMIT TRANSACTION[0m
  [1m[36mActiveRecord::SchemaMigration Load (0.1ms)[0m  [1m[34mSELECT "schema_migrations"."version" FROM "schema_migrations" ORDER BY "schema_migrations"."version" ASC[0m
DEPRECATION WARNING: `to_time` will always preserve the full timezone rather than offset of the receiver in Rails 8.1. To opt in to the new behavior, set `config.active_support.to_time_preserves_timezone = :zone`. (called from BasicObject#instance_exec at C:/Users/ASUS/.local/share/gem/ruby/3.4.0/gems/railties-8.0.5/lib/rails/initializable.rb:32)
DEPRECATION WARNING: `to_time` will always preserve the full timezone rather than offset of the receiver in Rails 8.1. To opt in to the new behavior, set `config.active_support.to_time_preserves_timezone = :zone`. (called from block in <module:Finisher> at C:/Users/ASUS/.local/share/gem/ruby/3.4.0/gems/railties-8.0.5/lib/rails/application/finisher.rb:93)
  [1m[36mActiveRecord::SchemaMigration Load (0.2ms)[0m  [1m[34mSELECT "schema_migrations"."version" FROM "schema_migrations" ORDER BY "schema_migrations"."version" ASC[0m
DEPRECATION WARNING: `to_time` will always preserve the full timezone rather than offset of the receiver in Rails 8.1. To opt in to the new behavior, set `config.active_support.to_time_preserves_timezone = :zone`. (called from BasicObject#instance_exec at C:/Users/ASUS/.local/share/gem/ruby/3.4.0/gems/railties-8.0.5/lib/rails/initializable.rb:32)
DEPRECATION WARNING: `to_time` will always preserve the full timezone rather than offset of the receiver in Rails 8.1. To opt in to the new behavior, set `config.active_support.to_time_preserves_timezone = :zone`. (called from block in <module:Finisher> at C:/Users/ASUS/.local/share/gem/ruby/3.4.0/gems/railties-8.0.5/lib/rails/application/finisher.rb:93)
  [1m[36mActiveRecord::SchemaMigration Load (0.2ms)[0m  [1m[34mSELECT "schema_migrations"."version" FROM "schema_migrations" ORDER BY "schema_migrations"."version" ASC[0m
  [1m[36mUser Load (0.3ms)[0m  [1m[34mSELECT "users".* FROM "users" WHERE "users"."email" = ? LIMIT ?[0m  [["email", "admin@myquotes.com"], ["LIMIT", 1]]
  [1m[36mTRANSACTION (0.1ms)[0m  [1m[36mBEGIN immediate TRANSACTION[0m
  [1m[36mUser Exists? (0.1ms)[0m  [1m[34mSELECT 1 AS one FROM "users" WHERE LOWER("users"."email") = LOWER(?) LIMIT ?[0m  [["email", "admin@myquotes.com"], ["LIMIT", 1]]
  [1m[36mUser Create (0.2ms)[0m  [1m[32mINSERT INTO "users" ("fname", "lname", "email", "password_digest", "is_admin", "status", "created_at", "updated_at") VALUES (?, ?, ?, ?, ?, ?, ?, ?) RETURNING "id"[0m  [["fname", "John"], ["lname", "Jones"], ["email", "admin@myquotes.com"], ["password_digest", "[FILTERED]"], ["is_admin", 1], ["status", "Active"], ["created_at", "2026-05-22 19:45:53.762082"], ["updated_at", "2026-05-22 19:45:53.762082"]]
  [1m[36mTRANSACTION (4.9ms)[0m  [1m[36mCOMMIT TRANSACTION[0m
  [1m[36mUser Load (0.2ms)[0m  [1m[34mSELECT "users".* FROM "users" WHERE "users"."email" = ? LIMIT ?[0m  [["email", "vinceb@myemail.com"], ["LIMIT", 1]]
  [1m[36mTRANSACTION (0.1ms)[0m  [1m[36mBEGIN immediate TRANSACTION[0m
  [1m[36mUser Exists? (2.8ms)[0m  [1m[34mSELECT 1 AS one FROM "users" WHERE LOWER("users"."email") = LOWER(?) LIMIT ?[0m  [["email", "vinceb@myemail.com"], ["LIMIT", 1]]
  [1m[36mUser Create (0.2ms)[0m  [1m[32mINSERT INTO "users" ("fname", "lname", "email", "password_digest", "is_admin", "status", "created_at", "updated_at") VALUES (?, ?, ?, ?, ?, ?, ?, ?) RETURNING "id"[0m  [["fname", "Vincent"], ["lname", "Brown"], ["email", "vinceb@myemail.com"], ["password_digest", "[FILTERED]"], ["is_admin", 0], ["status", "Active"], ["created_at", "2026-05-22 19:45:54.027178"], ["updated_at", "2026-05-22 19:45:54.027178"]]
  [1m[36mTRANSACTION (0.2ms)[0m  [1m[36mCOMMIT TRANSACTION[0m
  [1m[36mUser Load (0.1ms)[0m  [1m[34mSELECT "users".* FROM "users" WHERE "users"."email" = ? LIMIT ?[0m  [["email", "suspended@example.com"], ["LIMIT", 1]]
  [1m[36mTRANSACTION (0.1ms)[0m  [1m[36mBEGIN immediate TRANSACTION[0m
  [1m[36mUser Exists? (2.7ms)[0m  [1m[34mSELECT 1 AS one FROM "users" WHERE LOWER("users"."email") = LOWER(?) LIMIT ?[0m  [["email", "suspended@example.com"], ["LIMIT", 1]]
  [1m[36mUser Create (0.2ms)[0m  [1m[32mINSERT INTO "users" ("fname", "lname", "email", "password_digest", "is_admin", "status", "created_at", "updated_at") VALUES (?, ?, ?, ?, ?, ?, ?, ?) RETURNING "id"[0m  [["fname", "Sam"], ["lname", "Demo"], ["email", "suspended@example.com"], ["password_digest", "[FILTERED]"], ["is_admin", 0], ["status", "Suspended"], ["created_at", "2026-05-22 19:45:54.326523"], ["updated_at", "2026-05-22 19:45:54.326523"]]
  [1m[36mTRANSACTION (0.1ms)[0m  [1m[36mCOMMIT TRANSACTION[0m
  [1m[36mCategory Load (0.2ms)[0m  [1m[34mSELECT "categories".* FROM "categories" WHERE "categories"."catname" = ? LIMIT ?[0m  [["catname", "Ethics"], ["LIMIT", 1]]
  [1m[36mTRANSACTION (0.1ms)[0m  [1m[36mBEGIN immediate TRANSACTION[0m
  [1m[36mCategory Exists? (0.1ms)[0m  [1m[34mSELECT 1 AS one FROM "categories" WHERE LOWER("categories"."catname") = LOWER(?) LIMIT ?[0m  [["catname", "Ethics"], ["LIMIT", 1]]
  [1m[36mCategory Create (0.2ms)[0m  [1m[32mINSERT INTO "categories" ("catname", "created_at", "updated_at") VALUES (?, ?, ?) RETURNING "id"[0m  [["catname", "Ethics"], ["created_at", "2026-05-22 19:45:54.349272"], ["updated_at", "2026-05-22 19:45:54.349272"]]
  [1m[36mTRANSACTION (0.2ms)[0m  [1m[36mCOMMIT TRANSACTION[0m
  [1m[36mCategory Load (0.1ms)[0m  [1m[34mSELECT "categories".* FROM "categories" WHERE "categories"."catname" = ? LIMIT ?[0m  [["catname", "Logic"], ["LIMIT", 1]]
  [1m[36mTRANSACTION (0.0ms)[0m  [1m[36mBEGIN immediate TRANSACTION[0m
  [1m[36mCategory Exists? (2.4ms)[0m  [1m[34mSELECT 1 AS one FROM "categories" WHERE LOWER("categories"."catname") = LOWER(?) LIMIT ?[0m  [["catname", "Logic"], ["LIMIT", 1]]
  [1m[36mCategory Create (0.1ms)[0m  [1m[32mINSERT INTO "categories" ("catname", "created_at", "updated_at") VALUES (?, ?, ?) RETURNING "id"[0m  [["catname", "Logic"], ["created_at", "2026-05-22 19:45:54.362483"], ["updated_at", "2026-05-22 19:45:54.362483"]]
  [1m[36mTRANSACTION (0.1ms)[0m  [1m[36mCOMMIT TRANSACTION[0m
  [1m[36mCategory Load (0.1ms)[0m  [1m[34mSELECT "categories".* FROM "categories" WHERE "categories"."catname" = ? LIMIT ?[0m  [["catname", "Metaphysics"], ["LIMIT", 1]]
  [1m[36mTRANSACTION (0.1ms)[0m  [1m[36mBEGIN immediate TRANSACTION[0m
  [1m[36mCategory Exists? (2.5ms)[0m  [1m[34mSELECT 1 AS one FROM "categories" WHERE LOWER("categories"."catname") = LOWER(?) LIMIT ?[0m  [["catname", "Metaphysics"], ["LIMIT", 1]]
  [1m[36mCategory Create (0.2ms)[0m  [1m[32mINSERT INTO "categories" ("catname", "created_at", "updated_at") VALUES (?, ?, ?) RETURNING "id"[0m  [["catname", "Metaphysics"], ["created_at", "2026-05-22 19:45:54.374388"], ["updated_at", "2026-05-22 19:45:54.374388"]]
  [1m[36mTRANSACTION (0.1ms)[0m  [1m[36mCOMMIT TRANSACTION[0m
  [1m[36mCategory Load (0.1ms)[0m  [1m[34mSELECT "categories".* FROM "categories" WHERE "categories"."catname" = ? LIMIT ?[0m  [["catname", "Epistemology"], ["LIMIT", 1]]
  [1m[36mTRANSACTION (0.1ms)[0m  [1m[36mBEGIN immediate TRANSACTION[0m
  [1m[36mCategory Exists? (2.6ms)[0m  [1m[34mSELECT 1 AS one FROM "categories" WHERE LOWER("categories"."catname") = LOWER(?) LIMIT ?[0m  [["catname", "Epistemology"], ["LIMIT", 1]]
  [1m[36mCategory Create (0.2ms)[0m  [1m[32mINSERT INTO "categories" ("catname", "created_at", "updated_at") VALUES (?, ?, ?) RETURNING "id"[0m  [["catname", "Epistemology"], ["created_at", "2026-05-22 19:45:54.386558"], ["updated_at", "2026-05-22 19:45:54.386558"]]
  [1m[36mTRANSACTION (0.2ms)[0m  [1m[36mCOMMIT TRANSACTION[0m
  [1m[36mCategory Load (0.1ms)[0m  [1m[34mSELECT "categories".* FROM "categories" WHERE "categories"."catname" = ? LIMIT ?[0m  [["catname", "Aesthetics"], ["LIMIT", 1]]
  [1m[36mTRANSACTION (0.0ms)[0m  [1m[36mBEGIN immediate TRANSACTION[0m
  [1m[36mCategory Exists? (3.3ms)[0m  [1m[34mSELECT 1 AS one FROM "categories" WHERE LOWER("categories"."catname") = LOWER(?) LIMIT ?[0m  [["catname", "Aesthetics"], ["LIMIT", 1]]
  [1m[36mCategory Create (0.2ms)[0m  [1m[32mINSERT INTO "categories" ("catname", "created_at", "updated_at") VALUES (?, ?, ?) RETURNING "id"[0m  [["catname", "Aesthetics"], ["created_at", "2026-05-22 19:45:54.399224"], ["updated_at", "2026-05-22 19:45:54.399224"]]
  [1m[36mTRANSACTION (0.1ms)[0m  [1m[36mCOMMIT TRANSACTION[0m
  [1m[36mCategory Load (0.1ms)[0m  [1m[34mSELECT "categories".* FROM "categories" WHERE "categories"."catname" = ? LIMIT ?[0m  [["catname", "Axiology"], ["LIMIT", 1]]
  [1m[36mTRANSACTION (0.0ms)[0m  [1m[36mBEGIN immediate TRANSACTION[0m
  [1m[36mCategory Exists? (2.6ms)[0m  [1m[34mSELECT 1 AS one FROM "categories" WHERE LOWER("categories"."catname") = LOWER(?) LIMIT ?[0m  [["catname", "Axiology"], ["LIMIT", 1]]
  [1m[36mCategory Create (0.2ms)[0m  [1m[32mINSERT INTO "categories" ("catname", "created_at", "updated_at") VALUES (?, ?, ?) RETURNING "id"[0m  [["catname", "Axiology"], ["created_at", "2026-05-22 19:45:54.411158"], ["updated_at", "2026-05-22 19:45:54.411158"]]
  [1m[36mTRANSACTION (0.1ms)[0m  [1m[36mCOMMIT TRANSACTION[0m
  [1m[36mCategory Load (0.1ms)[0m  [1m[34mSELECT "categories".* FROM "categories" WHERE "categories"."catname" = ? LIMIT ?[0m  [["catname", "Political Philosophy"], ["LIMIT", 1]]
  [1m[36mTRANSACTION (0.0ms)[0m  [1m[36mBEGIN immediate TRANSACTION[0m
  [1m[36mCategory Exists? (2.8ms)[0m  [1m[34mSELECT 1 AS one FROM "categories" WHERE LOWER("categories"."catname") = LOWER(?) LIMIT ?[0m  [["catname", "Political Philosophy"], ["LIMIT", 1]]
  [1m[36mCategory Create (0.2ms)[0m  [1m[32mINSERT INTO "categories" ("catname", "created_at", "updated_at") VALUES (?, ?, ?) RETURNING "id"[0m  [["catname", "Political Philosophy"], ["created_at", "2026-05-22 19:45:54.422861"], ["updated_at", "2026-05-22 19:45:54.422861"]]
  [1m[36mTRANSACTION (0.1ms)[0m  [1m[36mCOMMIT TRANSACTION[0m
  [1m[36mCategory Load (0.1ms)[0m  [1m[34mSELECT "categories".* FROM "categories" WHERE "categories"."catname" = ? LIMIT ?[0m  [["catname", "Philosophy of Mind"], ["LIMIT", 1]]
  [1m[36mTRANSACTION (0.0ms)[0m  [1m[36mBEGIN immediate TRANSACTION[0m
  [1m[36mCategory Exists? (2.5ms)[0m  [1m[34mSELECT 1 AS one FROM "categories" WHERE LOWER("categories"."catname") = LOWER(?) LIMIT ?[0m  [["catname", "Philosophy of Mind"], ["LIMIT", 1]]
  [1m[36mCategory Create (0.3ms)[0m  [1m[32mINSERT INTO "categories" ("catname", "created_at", "updated_at") VALUES (?, ?, ?) RETURNING "id"[0m  [["catname", "Philosophy of Mind"], ["created_at", "2026-05-22 19:45:54.435368"], ["updated_at", "2026-05-22 19:45:54.435368"]]
  [1m[36mTRANSACTION (0.1ms)[0m  [1m[36mCOMMIT TRANSACTION[0m
  [1m[36mCategory Load (0.1ms)[0m  [1m[34mSELECT "categories".* FROM "categories" WHERE "categories"."catname" = ? LIMIT ?[0m  [["catname", "Philosophy of Religion"], ["LIMIT", 1]]
  [1m[36mTRANSACTION (0.1ms)[0m  [1m[36mBEGIN immediate TRANSACTION[0m
  [1m[36mCategory Exists? (2.6ms)[0m  [1m[34mSELECT 1 AS one FROM "categories" WHERE LOWER("categories"."catname") = LOWER(?) LIMIT ?[0m  [["catname", "Philosophy of Religion"], ["LIMIT", 1]]
  [1m[36mCategory Create (0.3ms)[0m  [1m[32mINSERT INTO "categories" ("catname", "created_at", "updated_at") VALUES (?, ?, ?) RETURNING "id"[0m  [["catname", "Philosophy of Religion"], ["created_at", "2026-05-22 19:45:54.450912"], ["updated_at", "2026-05-22 19:45:54.450912"]]
  [1m[36mTRANSACTION (0.1ms)[0m  [1m[36mCOMMIT TRANSACTION[0m
  [1m[36mCategory Load (0.1ms)[0m  [1m[34mSELECT "categories".* FROM "categories" WHERE "categories"."catname" = ? LIMIT ?[0m  [["catname", "Existentialism"], ["LIMIT", 1]]
  [1m[36mTRANSACTION (0.0ms)[0m  [1m[36mBEGIN immediate TRANSACTION[0m
  [1m[36mCategory Exists? (2.6ms)[0m  [1m[34mSELECT 1 AS one FROM "categories" WHERE LOWER("categories"."catname") = LOWER(?) LIMIT ?[0m  [["catname", "Existentialism"], ["LIMIT", 1]]
  [1m[36mCategory Create (0.2ms)[0m  [1m[32mINSERT INTO "categories" ("catname", "created_at", "updated_at") VALUES (?, ?, ?) RETURNING "id"[0m  [["catname", "Existentialism"], ["created_at", "2026-05-22 19:45:54.464329"], ["updated_at", "2026-05-22 19:45:54.464329"]]
  [1m[36mTRANSACTION (0.1ms)[0m  [1m[36mCOMMIT TRANSACTION[0m
  [1m[36mCategory Count (0.2ms)[0m  [1m[34mSELECT COUNT(*) FROM "categories"[0m
  [1m[36mSource Load (0.1ms)[0m  [1m[34mSELECT "sources".* FROM "sources" WHERE "sources"."fname" = ? LIMIT ?[0m  [["fname", "Socrates"], ["LIMIT", 1]]
  [1m[36mTRANSACTION (0.0ms)[0m  [1m[36mBEGIN immediate TRANSACTION[0m
  [1m[36mSource Create (0.2ms)[0m  [1m[32mINSERT INTO "sources" ("fname", "lname", "byear", "dyear", "bio", "created_at", "updated_at") VALUES (?, ?, ?, ?, ?, ?, ?) RETURNING "id"[0m  [["fname", "Socrates"], ["lname", nil], ["byear", "470 BCE"], ["dyear", "399 BCE"], ["bio", "Greek philosopher credited as a founder of Western philosophy."], ["created_at", "2026-05-22 19:45:54.481830"], ["updated_at", "2026-05-22 19:45:54.481830"]]
  [1m[36mTRANSACTION (0.2ms)[0m  [1m[36mCOMMIT TRANSACTION[0m
  [1m[36mSource Load (0.1ms)[0m  [1m[34mSELECT "sources".* FROM "sources" WHERE "sources"."fname" = ? LIMIT ?[0m  [["fname", "Aristotle"], ["LIMIT", 1]]
  [1m[36mTRANSACTION (0.1ms)[0m  [1m[36mBEGIN immediate TRANSACTION[0m
  [1m[36mSource Create (2.4ms)[0m  [1m[32mINSERT INTO "sources" ("fname", "lname", "byear", "dyear", "bio", "created_at", "updated_at") VALUES (?, ?, ?, ?, ?, ?, ?) RETURNING "id"[0m  [["fname", "Aristotle"], ["lname", nil], ["byear", "384 BCE"], ["dyear", "322 BCE"], ["bio", "Student of Plato, teacher of Alexander the Great."], ["created_at", "2026-05-22 19:45:54.489437"], ["updated_at", "2026-05-22 19:45:54.489437"]]
  [1m[36mTRANSACTION (0.6ms)[0m  [1m[36mCOMMIT TRANSACTION[0m
  [1m[36mSource Load (0.2ms)[0m  [1m[34mSELECT "sources".* FROM "sources" WHERE "sources"."fname" = ? AND "sources"."lname" = ? LIMIT ?[0m  [["fname", "Immanuel"], ["lname", "Kant"], ["LIMIT", 1]]
  [1m[36mTRANSACTION (0.0ms)[0m  [1m[36mBEGIN immediate TRANSACTION[0m
  [1m[36mSource Create (2.5ms)[0m  [1m[32mINSERT INTO "sources" ("fname", "lname", "byear", "dyear", "bio", "created_at", "updated_at") VALUES (?, ?, ?, ?, ?, ?, ?) RETURNING "id"[0m  [["fname", "Immanuel"], ["lname", "Kant"], ["byear", "1724"], ["dyear", "1804"], ["bio", "Central figure in modern philosophy; synthesised rationalism and empiricism."], ["created_at", "2026-05-22 19:45:54.514672"], ["updated_at", "2026-05-22 19:45:54.514672"]]
  [1m[36mTRANSACTION (0.5ms)[0m  [1m[36mCOMMIT TRANSACTION[0m
  [1m[36mSource Load (0.1ms)[0m  [1m[34mSELECT "sources".* FROM "sources" WHERE "sources"."fname" = ? AND "sources"."lname" = ? LIMIT ?[0m  [["fname", "Friedrich"], ["lname", "Nietzsche"], ["LIMIT", 1]]
  [1m[36mTRANSACTION (0.1ms)[0m  [1m[36mBEGIN immediate TRANSACTION[0m
  [1m[36mSource Create (3.2ms)[0m  [1m[32mINSERT INTO "sources" ("fname", "lname", "byear", "dyear", "bio", "created_at", "updated_at") VALUES (?, ?, ?, ?, ?, ?, ?) RETURNING "id"[0m  [["fname", "Friedrich"], ["lname", "Nietzsche"], ["byear", "1844"], ["dyear", "1900"], ["bio", "German philosopher with profound influence on modern intellectual history."], ["created_at", "2026-05-22 19:45:54.527297"], ["updated_at", "2026-05-22 19:45:54.527297"]]
  [1m[36mTRANSACTION (0.1ms)[0m  [1m[36mCOMMIT TRANSACTION[0m
  [1m[36mSource Load (0.2ms)[0m  [1m[34mSELECT "sources".* FROM "sources" WHERE "sources"."fname" = ? LIMIT ?[0m  [["fname", "Plato"], ["LIMIT", 1]]
  [1m[36mTRANSACTION (0.1ms)[0m  [1m[36mBEGIN immediate TRANSACTION[0m
  [1m[36mSource Create (2.4ms)[0m  [1m[32mINSERT INTO "sources" ("fname", "lname", "byear", "dyear", "bio", "created_at", "updated_at") VALUES (?, ?, ?, ?, ?, ?, ?) RETURNING "id"[0m  [["fname", "Plato"], ["lname", nil], ["byear", "428 BCE"], ["dyear", "348 BCE"], ["bio", "Student of Socrates, founder of the Academy."], ["created_at", "2026-05-22 19:45:54.537958"], ["updated_at", "2026-05-22 19:45:54.537958"]]
  [1m[36mTRANSACTION (0.1ms)[0m  [1m[36mCOMMIT TRANSACTION[0m
  [1m[36mSource Load (0.1ms)[0m  [1m[34mSELECT "sources".* FROM "sources" WHERE "sources"."fname" = ? AND "sources"."lname" = ? LIMIT ?[0m  [["fname", "René"], ["lname", "Descartes"], ["LIMIT", 1]]
  [1m[36mTRANSACTION (0.0ms)[0m  [1m[36mBEGIN immediate TRANSACTION[0m
  [1m[36mSource Create (3.2ms)[0m  [1m[32mINSERT INTO "sources" ("fname", "lname", "byear", "dyear", "bio", "created_at", "updated_at") VALUES (?, ?, ?, ?, ?, ?, ?) RETURNING "id"[0m  [["fname", "René"], ["lname", "Descartes"], ["byear", "1596"], ["dyear", "1650"], ["bio", "Often called the father of modern philosophy."], ["created_at", "2026-05-22 19:45:54.547893"], ["updated_at", "2026-05-22 19:45:54.547893"]]
  [1m[36mTRANSACTION (0.1ms)[0m  [1m[36mCOMMIT TRANSACTION[0m
  [1m[36mSource Load (0.1ms)[0m  [1m[34mSELECT "sources".* FROM "sources" WHERE "sources"."fname" = ? LIMIT ?[0m  [["fname", "Anonymous"], ["LIMIT", 1]]
  [1m[36mTRANSACTION (0.1ms)[0m  [1m[36mBEGIN immediate TRANSACTION[0m
  [1m[36mSource Create (2.9ms)[0m  [1m[32mINSERT INTO "sources" ("fname", "lname", "byear", "dyear", "bio", "created_at", "updated_at") VALUES (?, ?, ?, ?, ?, ?, ?) RETURNING "id"[0m  [["fname", "Anonymous"], ["lname", nil], ["byear", nil], ["dyear", nil], ["bio", "Source unknown or unattributed."], ["created_at", "2026-05-22 19:45:54.559735"], ["updated_at", "2026-05-22 19:45:54.559735"]]
  [1m[36mTRANSACTION (0.1ms)[0m  [1m[36mCOMMIT TRANSACTION[0m
  [1m[36mSource Count (0.1ms)[0m  [1m[34mSELECT COUNT(*) FROM "sources"[0m
  [1m[36mQuote Load (0.2ms)[0m  [1m[34mSELECT "quotes".* FROM "quotes" WHERE "quotes"."qtext" = ? AND "quotes"."user_id" = ? LIMIT ?[0m  [["qtext", "The unexamined life is not worth living."], ["user_id", 2], ["LIMIT", 1]]
  [1m[36mTRANSACTION (0.0ms)[0m  [1m[36mBEGIN immediate TRANSACTION[0m
  [1m[36mQuote Create (0.4ms)[0m  [1m[32mINSERT INTO "quotes" ("qtext", "qyear", "qcom", "ispublic", "user_id", "source_id", "created_at", "updated_at") VALUES (?, ?, ?, ?, ?, ?, ?, ?) RETURNING "id"[0m  [["qtext", "The unexamined life is not worth living."], ["qyear", "399 BCE"], ["qcom", "Said at his trial — one of the most famous statements in philosophy."], ["ispublic", 1], ["user_id", 2], ["source_id", 1], ["created_at", "2026-05-22 19:45:54.689392"], ["updated_at", "2026-05-22 19:45:54.689392"]]
  [1m[36mTRANSACTION (0.2ms)[0m  [1m[36mCOMMIT TRANSACTION[0m
  [1m[36mCategory Load (0.2ms)[0m  [1m[34mSELECT "categories".* FROM "categories" WHERE "categories"."catname" = ? LIMIT ?[0m  [["catname", "Ethics"], ["LIMIT", 1]]
  [1m[36mQuoteCategory Load (0.2ms)[0m  [1m[34mSELECT "quote_categories".* FROM "quote_categories" WHERE "quote_categories"."quote_id" = ? AND "quote_categories"."category_id" = ? LIMIT ?[0m  [["quote_id", 1], ["category_id", 1], ["LIMIT", 1]]
  [1m[36mTRANSACTION (0.1ms)[0m  [1m[36mBEGIN immediate TRANSACTION[0m
  [1m[36mQuoteCategory Create (0.1ms)[0m  [1m[32mINSERT INTO "quote_categories" ("quote_id", "category_id", "created_at", "updated_at") VALUES (?, ?, ?, ?) RETURNING "id"[0m  [["quote_id", 1], ["category_id", 1], ["created_at", "2026-05-22 19:45:54.715171"], ["updated_at", "2026-05-22 19:45:54.715171"]]
  [1m[36mTRANSACTION (0.1ms)[0m  [1m[36mCOMMIT TRANSACTION[0m
  [1m[36mCategory Load (0.2ms)[0m  [1m[34mSELECT "categories".* FROM "categories" WHERE "categories"."catname" = ? LIMIT ?[0m  [["catname", "Existentialism"], ["LIMIT", 1]]
  [1m[36mQuoteCategory Load (0.1ms)[0m  [1m[34mSELECT "quote_categories".* FROM "quote_categories" WHERE "quote_categories"."quote_id" = ? AND "quote_categories"."category_id" = ? LIMIT ?[0m  [["quote_id", 1], ["category_id", 10], ["LIMIT", 1]]
  [1m[36mTRANSACTION (0.1ms)[0m  [1m[36mBEGIN immediate TRANSACTION[0m
  [1m[36mQuoteCategory Create (2.4ms)[0m  [1m[32mINSERT INTO "quote_categories" ("quote_id", "category_id", "created_at", "updated_at") VALUES (?, ?, ?, ?) RETURNING "id"[0m  [["quote_id", 1], ["category_id", 10], ["created_at", "2026-05-22 19:45:54.725830"], ["updated_at", "2026-05-22 19:45:54.725830"]]
  [1m[36mTRANSACTION (0.1ms)[0m  [1m[36mCOMMIT TRANSACTION[0m
  [1m[36mQuote Load (0.1ms)[0m  [1m[34mSELECT "quotes".* FROM "quotes" WHERE "quotes"."qtext" = ? AND "quotes"."user_id" = ? LIMIT ?[0m  [["qtext", "We are what we repeatedly do. Excellence, then, is not an act, but a habit."], ["user_id", 2], ["LIMIT", 1]]
  [1m[36mTRANSACTION (0.1ms)[0m  [1m[36mBEGIN immediate TRANSACTION[0m
  [1m[36mQuote Create (2.4ms)[0m  [1m[32mINSERT INTO "quotes" ("qtext", "qyear", "qcom", "ispublic", "user_id", "source_id", "created_at", "updated_at") VALUES (?, ?, ?, ?, ?, ?, ?, ?) RETURNING "id"[0m  [["qtext", "We are what we repeatedly do. Excellence, then, is not an act, but a habit."], ["qyear", "350 BCE"], ["qcom", "Character is built through consistent action."], ["ispublic", 1], ["user_id", 2], ["source_id", 2], ["created_at", "2026-05-22 19:45:54.734184"], ["updated_at", "2026-05-22 19:45:54.734184"]]
  [1m[36mTRANSACTION (0.1ms)[0m  [1m[36mCOMMIT TRANSACTION[0m
  [1m[36mCategory Load (0.1ms)[0m  [1m[34mSELECT "categories".* FROM "categories" WHERE "categories"."catname" = ? LIMIT ?[0m  [["catname", "Ethics"], ["LIMIT", 1]]
  [1m[36mQuoteCategory Load (0.2ms)[0m  [1m[34mSELECT "quote_categories".* FROM "quote_categories" WHERE "quote_categories"."quote_id" = ? AND "quote_categories"."category_id" = ? LIMIT ?[0m  [["quote_id", 2], ["category_id", 1], ["LIMIT", 1]]
  [1m[36mTRANSACTION (0.1ms)[0m  [1m[36mBEGIN immediate TRANSACTION[0m
  [1m[36mQuoteCategory Create (3.1ms)[0m  [1m[32mINSERT INTO "quote_categories" ("quote_id", "category_id", "created_at", "updated_at") VALUES (?, ?, ?, ?) RETURNING "id"[0m  [["quote_id", 2], ["category_id", 1], ["created_at", "2026-05-22 19:45:54.746900"], ["updated_at", "2026-05-22 19:45:54.746900"]]
  [1m[36mTRANSACTION (0.2ms)[0m  [1m[36mCOMMIT TRANSACTION[0m
  [1m[36mQuote Load (0.3ms)[0m  [1m[34mSELECT "quotes".* FROM "quotes" WHERE "quotes"."qtext" = ? AND "quotes"."user_id" = ? LIMIT ?[0m  [["qtext", "Act only according to that maxim whereby you can at the same time will that it should become a universal law."], ["user_id", 2], ["LIMIT", 1]]
  [1m[36mTRANSACTION (0.1ms)[0m  [1m[36mBEGIN immediate TRANSACTION[0m
  [1m[36mQuote Create (3.1ms)[0m  [1m[32mINSERT INTO "quotes" ("qtext", "qyear", "qcom", "ispublic", "user_id", "source_id", "created_at", "updated_at") VALUES (?, ?, ?, ?, ?, ?, ?, ?) RETURNING "id"[0m  [["qtext", "Act only according to that maxim whereby you can at the same time will that it should become a universal law."], ["qyear", "1785"], ["qcom", "The Categorical Imperative."], ["ispublic", 1], ["user_id", 2], ["source_id", 3], ["created_at", "2026-05-22 19:45:54.760259"], ["updated_at", "2026-05-22 19:45:54.760259"]]
  [1m[36mTRANSACTION (0.6ms)[0m  [1m[36mCOMMIT TRANSACTION[0m
  [1m[36mCategory Load (0.2ms)[0m  [1m[34mSELECT "categories".* FROM "categories" WHERE "categories"."catname" = ? LIMIT ?[0m  [["catname", "Ethics"], ["LIMIT", 1]]
  [1m[36mQuoteCategory Load (0.2ms)[0m  [1m[34mSELECT "quote_categories".* FROM "quote_categories" WHERE "quote_categories"."quote_id" = ? AND "quote_categories"."category_id" = ? LIMIT ?[0m  [["quote_id", 3], ["category_id", 1], ["LIMIT", 1]]
  [1m[36mTRANSACTION (0.1ms)[0m  [1m[36mBEGIN immediate TRANSACTION[0m
  [1m[36mQuoteCategory Create (3.2ms)[0m  [1m[32mINSERT INTO "quote_categories" ("quote_id", "category_id", "created_at", "updated_at") VALUES (?, ?, ?, ?) RETURNING "id"[0m  [["quote_id", 3], ["category_id", 1], ["created_at", "2026-05-22 19:45:54.779668"], ["updated_at", "2026-05-22 19:45:54.779668"]]
  [1m[36mTRANSACTION (0.2ms)[0m  [1m[36mCOMMIT TRANSACTION[0m
  [1m[36mCategory Load (0.3ms)[0m  [1m[34mSELECT "categories".* FROM "categories" WHERE "categories"."catname" = ? LIMIT ?[0m  [["catname", "Logic"], ["LIMIT", 1]]
  [1m[36mQuoteCategory Load (0.1ms)[0m  [1m[34mSELECT "quote_categories".* FROM "quote_categories" WHERE "quote_categories"."quote_id" = ? AND "quote_categories"."category_id" = ? LIMIT ?[0m  [["quote_id", 3], ["category_id", 2], ["LIMIT", 1]]
  [1m[36mTRANSACTION (0.1ms)[0m  [1m[36mBEGIN immediate TRANSACTION[0m
  [1m[36mQuoteCategory Create (3.0ms)[0m  [1m[32mINSERT INTO "quote_categories" ("quote_id", "category_id", "created_at", "updated_at") VALUES (?, ?, ?, ?) RETURNING "id"[0m  [["quote_id", 3], ["category_id", 2], ["created_at", "2026-05-22 19:45:54.797016"], ["updated_at", "2026-05-22 19:45:54.797016"]]
  [1m[36mTRANSACTION (0.2ms)[0m  [1m[36mCOMMIT TRANSACTION[0m
  [1m[36mQuote Load (0.2ms)[0m  [1m[34mSELECT "quotes".* FROM "quotes" WHERE "quotes"."qtext" = ? AND "quotes"."user_id" = ? LIMIT ?[0m  [["qtext", "Without music, life would be a mistake."], ["user_id", 2], ["LIMIT", 1]]
  [1m[36mTRANSACTION (0.1ms)[0m  [1m[36mBEGIN immediate TRANSACTION[0m
  [1m[36mQuote Create (2.4ms)[0m  [1m[32mINSERT INTO "quotes" ("qtext", "qyear", "qcom", "ispublic", "user_id", "source_id", "created_at", "updated_at") VALUES (?, ?, ?, ?, ?, ?, ?, ?) RETURNING "id"[0m  [["qtext", "Without music, life would be a mistake."], ["qyear", "1888"], ["qcom", "From Twilight of the Idols."], ["ispublic", 1], ["user_id", 2], ["source_id", 4], ["created_at", "2026-05-22 19:45:54.807730"], ["updated_at", "2026-05-22 19:45:54.807730"]]
  [1m[36mTRANSACTION (0.1ms)[0m  [1m[36mCOMMIT TRANSACTION[0m
  [1m[36mCategory Load (0.3ms)[0m  [1m[34mSELECT "categories".* FROM "categories" WHERE "categories"."catname" = ? LIMIT ?[0m  [["catname", "Aesthetics"], ["LIMIT", 1]]
  [1m[36mQuoteCategory Load (0.3ms)[0m  [1m[34mSELECT "quote_categories".* FROM "quote_categories" WHERE "quote_categories"."quote_id" = ? AND "quote_categories"."category_id" = ? LIMIT ?[0m  [["quote_id", 4], ["category_id", 5], ["LIMIT", 1]]
  [1m[36mTRANSACTION (0.2ms)[0m  [1m[36mBEGIN immediate TRANSACTION[0m
  [1m[36mQuoteCategory Create (2.7ms)[0m  [1m[32mINSERT INTO "quote_categories" ("quote_id", "category_id", "created_at", "updated_at") VALUES (?, ?, ?, ?) RETURNING "id"[0m  [["quote_id", 4], ["category_id", 5], ["created_at", "2026-05-22 19:45:54.825492"], ["updated_at", "2026-05-22 19:45:54.825492"]]
  [1m[36mTRANSACTION (0.2ms)[0m  [1m[36mCOMMIT TRANSACTION[0m
  [1m[36mCategory Load (0.1ms)[0m  [1m[34mSELECT "categories".* FROM "categories" WHERE "categories"."catname" = ? LIMIT ?[0m  [["catname", "Existentialism"], ["LIMIT", 1]]
  [1m[36mQuoteCategory Load (0.1ms)[0m  [1m[34mSELECT "quote_categories".* FROM "quote_categories" WHERE "quote_categories"."quote_id" = ? AND "quote_categories"."category_id" = ? LIMIT ?[0m  [["quote_id", 4], ["category_id", 10], ["LIMIT", 1]]
  [1m[36mTRANSACTION (0.1ms)[0m  [1m[36mBEGIN immediate TRANSACTION[0m
  [1m[36mQuoteCategory Create (2.2ms)[0m  [1m[32mINSERT INTO "quote_categories" ("quote_id", "category_id", "created_at", "updated_at") VALUES (?, ?, ?, ?) RETURNING "id"[0m  [["quote_id", 4], ["category_id", 10], ["created_at", "2026-05-22 19:45:54.837368"], ["updated_at", "2026-05-22 19:45:54.837368"]]
  [1m[36mTRANSACTION (0.1ms)[0m  [1m[36mCOMMIT TRANSACTION[0m
  [1m[36mQuote Load (0.1ms)[0m  [1m[34mSELECT "quotes".* FROM "quotes" WHERE "quotes"."qtext" = ? AND "quotes"."user_id" = ? LIMIT ?[0m  [["qtext", "Knowledge is the food of the soul."], ["user_id", 2], ["LIMIT", 1]]
  [1m[36mTRANSACTION (0.1ms)[0m  [1m[36mBEGIN immediate TRANSACTION[0m
  [1m[36mQuote Create (2.9ms)[0m  [1m[32mINSERT INTO "quotes" ("qtext", "qyear", "qcom", "ispublic", "user_id", "source_id", "created_at", "updated_at") VALUES (?, ?, ?, ?, ?, ?, ?, ?) RETURNING "id"[0m  [["qtext", "Knowledge is the food of the soul."], ["qyear", "380 BCE"], ["qcom", nil], ["ispublic", 1], ["user_id", 2], ["source_id", 5], ["created_at", "2026-05-22 19:45:54.846450"], ["updated_at", "2026-05-22 19:45:54.846450"]]
  [1m[36mTRANSACTION (0.1ms)[0m  [1m[36mCOMMIT TRANSACTION[0m
  [1m[36mCategory Load (0.1ms)[0m  [1m[34mSELECT "categories".* FROM "categories" WHERE "categories"."catname" = ? LIMIT ?[0m  [["catname", "Epistemology"], ["LIMIT", 1]]
  [1m[36mQuoteCategory Load (0.1ms)[0m  [1m[34mSELECT "quote_categories".* FROM "quote_categories" WHERE "quote_categories"."quote_id" = ? AND "quote_categories"."category_id" = ? LIMIT ?[0m  [["quote_id", 5], ["category_id", 4], ["LIMIT", 1]]
  [1m[36mTRANSACTION (0.0ms)[0m  [1m[36mBEGIN immediate TRANSACTION[0m
  [1m[36mQuoteCategory Create (2.8ms)[0m  [1m[32mINSERT INTO "quote_categories" ("quote_id", "category_id", "created_at", "updated_at") VALUES (?, ?, ?, ?) RETURNING "id"[0m  [["quote_id", 5], ["category_id", 4], ["created_at", "2026-05-22 19:45:54.858969"], ["updated_at", "2026-05-22 19:45:54.858969"]]
  [1m[36mTRANSACTION (0.2ms)[0m  [1m[36mCOMMIT TRANSACTION[0m
  [1m[36mCategory Load (0.2ms)[0m  [1m[34mSELECT "categories".* FROM "categories" WHERE "categories"."catname" = ? LIMIT ?[0m  [["catname", "Ethics"], ["LIMIT", 1]]
  [1m[36mQuoteCategory Load (0.2ms)[0m  [1m[34mSELECT "quote_categories".* FROM "quote_categories" WHERE "quote_categories"."quote_id" = ? AND "quote_categories"."category_id" = ? LIMIT ?[0m  [["quote_id", 5], ["category_id", 1], ["LIMIT", 1]]
  [1m[36mTRANSACTION (0.2ms)[0m  [1m[36mBEGIN immediate TRANSACTION[0m
  [1m[36mQuoteCategory Create (4.7ms)[0m  [1m[32mINSERT INTO "quote_categories" ("quote_id", "category_id", "created_at", "updated_at") VALUES (?, ?, ?, ?) RETURNING "id"[0m  [["quote_id", 5], ["category_id", 1], ["created_at", "2026-05-22 19:45:54.888862"], ["updated_at", "2026-05-22 19:45:54.888862"]]
  [1m[36mTRANSACTION (0.2ms)[0m  [1m[36mCOMMIT TRANSACTION[0m
  [1m[36mQuote Load (0.2ms)[0m  [1m[34mSELECT "quotes".* FROM "quotes" WHERE "quotes"."qtext" = ? AND "quotes"."user_id" = ? LIMIT ?[0m  [["qtext", "I think, therefore I am."], ["user_id", 2], ["LIMIT", 1]]
  [1m[36mTRANSACTION (0.1ms)[0m  [1m[36mBEGIN immediate TRANSACTION[0m
  [1m[36mQuote Create (2.6ms)[0m  [1m[32mINSERT INTO "quotes" ("qtext", "qyear", "qcom", "ispublic", "user_id", "source_id", "created_at", "updated_at") VALUES (?, ?, ?, ?, ?, ?, ?, ?) RETURNING "id"[0m  [["qtext", "I think, therefore I am."], ["qyear", "1637"], ["qcom", "Cogito, ergo sum — the starting point of Descartes' system."], ["ispublic", 1], ["user_id", 2], ["source_id", 6], ["created_at", "2026-05-22 19:45:54.903297"], ["updated_at", "2026-05-22 19:45:54.903297"]]
  [1m[36mTRANSACTION (0.2ms)[0m  [1m[36mCOMMIT TRANSACTION[0m
  [1m[36mCategory Load (0.1ms)[0m  [1m[34mSELECT "categories".* FROM "categories" WHERE "categories"."catname" = ? LIMIT ?[0m  [["catname", "Metaphysics"], ["LIMIT", 1]]
  [1m[36mQuoteCategory Load (0.1ms)[0m  [1m[34mSELECT "quote_categories".* FROM "quote_categories" WHERE "quote_categories"."quote_id" = ? AND "quote_categories"."category_id" = ? LIMIT ?[0m  [["quote_id", 6], ["category_id", 3], ["LIMIT", 1]]
  [1m[36mTRANSACTION (0.0ms)[0m  [1m[36mBEGIN immediate TRANSACTION[0m
  [1m[36mQuoteCategory Create (2.3ms)[0m  [1m[32mINSERT INTO "quote_categories" ("quote_id", "category_id", "created_at", "updated_at") VALUES (?, ?, ?, ?) RETURNING "id"[0m  [["quote_id", 6], ["category_id", 3], ["created_at", "2026-05-22 19:45:54.915266"], ["updated_at", "2026-05-22 19:45:54.915266"]]
  [1m[36mTRANSACTION (0.1ms)[0m  [1m[36mCOMMIT TRANSACTION[0m
  [1m[36mCategory Load (0.1ms)[0m  [1m[34mSELECT "categories".* FROM "categories" WHERE "categories"."catname" = ? LIMIT ?[0m  [["catname", "Epistemology"], ["LIMIT", 1]]
  [1m[36mQuoteCategory Load (0.2ms)[0m  [1m[34mSELECT "quote_categories".* FROM "quote_categories" WHERE "quote_categories"."quote_id" = ? AND "quote_categories"."category_id" = ? LIMIT ?[0m  [["quote_id", 6], ["category_id", 4], ["LIMIT", 1]]
  [1m[36mTRANSACTION (0.1ms)[0m  [1m[36mBEGIN immediate TRANSACTION[0m
  [1m[36mQuoteCategory Create (2.2ms)[0m  [1m[32mINSERT INTO "quote_categories" ("quote_id", "category_id", "created_at", "updated_at") VALUES (?, ?, ?, ?) RETURNING "id"[0m  [["quote_id", 6], ["category_id", 4], ["created_at", "2026-05-22 19:45:54.927545"], ["updated_at", "2026-05-22 19:45:54.927545"]]
  [1m[36mTRANSACTION (0.1ms)[0m  [1m[36mCOMMIT TRANSACTION[0m
  [1m[36mQuote Load (0.1ms)[0m  [1m[34mSELECT "quotes".* FROM "quotes" WHERE "quotes"."qtext" = ? AND "quotes"."user_id" = ? LIMIT ?[0m  [["qtext", "That which does not kill us makes us stronger."], ["user_id", 1], ["LIMIT", 1]]
  [1m[36mTRANSACTION (0.1ms)[0m  [1m[36mBEGIN immediate TRANSACTION[0m
  [1m[36mQuote Create (2.8ms)[0m  [1m[32mINSERT INTO "quotes" ("qtext", "qyear", "qcom", "ispublic", "user_id", "source_id", "created_at", "updated_at") VALUES (?, ?, ?, ?, ?, ?, ?, ?) RETURNING "id"[0m  [["qtext", "That which does not kill us makes us stronger."], ["qyear", "1888"], ["qcom", nil], ["ispublic", 1], ["user_id", 1], ["source_id", 4], ["created_at", "2026-05-22 19:45:54.935853"], ["updated_at", "2026-05-22 19:45:54.935853"]]
  [1m[36mTRANSACTION (0.2ms)[0m  [1m[36mCOMMIT TRANSACTION[0m
  [1m[36mCategory Load (0.1ms)[0m  [1m[34mSELECT "categories".* FROM "categories" WHERE "categories"."catname" = ? LIMIT ?[0m  [["catname", "Existentialism"], ["LIMIT", 1]]
  [1m[36mQuoteCategory Load (0.1ms)[0m  [1m[34mSELECT "quote_categories".* FROM "quote_categories" WHERE "quote_categories"."quote_id" = ? AND "quote_categories"."category_id" = ? LIMIT ?[0m  [["quote_id", 7], ["category_id", 10], ["LIMIT", 1]]
  [1m[36mTRANSACTION (0.1ms)[0m  [1m[36mBEGIN immediate TRANSACTION[0m
  [1m[36mQuoteCategory Create (2.8ms)[0m  [1m[32mINSERT INTO "quote_categories" ("quote_id", "category_id", "created_at", "updated_at") VALUES (?, ?, ?, ?) RETURNING "id"[0m  [["quote_id", 7], ["category_id", 10], ["created_at", "2026-05-22 19:45:54.946578"], ["updated_at", "2026-05-22 19:45:54.946578"]]
  [1m[36mTRANSACTION (0.1ms)[0m  [1m[36mCOMMIT TRANSACTION[0m
  [1m[36mCategory Load (0.1ms)[0m  [1m[34mSELECT "categories".* FROM "categories" WHERE "categories"."catname" = ? LIMIT ?[0m  [["catname", "Ethics"], ["LIMIT", 1]]
  [1m[36mQuoteCategory Load (0.1ms)[0m  [1m[34mSELECT "quote_categories".* FROM "quote_categories" WHERE "quote_categories"."quote_id" = ? AND "quote_categories"."category_id" = ? LIMIT ?[0m  [["quote_id", 7], ["category_id", 1], ["LIMIT", 1]]
  [1m[36mTRANSACTION (0.0ms)[0m  [1m[36mBEGIN immediate TRANSACTION[0m
  [1m[36mQuoteCategory Create (2.3ms)[0m  [1m[32mINSERT INTO "quote_categories" ("quote_id", "category_id", "created_at", "updated_at") VALUES (?, ?, ?, ?) RETURNING "id"[0m  [["quote_id", 7], ["category_id", 1], ["created_at", "2026-05-22 19:45:54.958483"], ["updated_at", "2026-05-22 19:45:54.958483"]]
  [1m[36mTRANSACTION (0.1ms)[0m  [1m[36mCOMMIT TRANSACTION[0m
  [1m[36mQuote Load (0.1ms)[0m  [1m[34mSELECT "quotes".* FROM "quotes" WHERE "quotes"."qtext" = ? AND "quotes"."user_id" = ? LIMIT ?[0m  [["qtext", "Science is organised knowledge. Wisdom is organised life."], ["user_id", 1], ["LIMIT", 1]]
  [1m[36mTRANSACTION (0.0ms)[0m  [1m[36mBEGIN immediate TRANSACTION[0m
  [1m[36mQuote Create (4.1ms)[0m  [1m[32mINSERT INTO "quotes" ("qtext", "qyear", "qcom", "ispublic", "user_id", "source_id", "created_at", "updated_at") VALUES (?, ?, ?, ?, ?, ?, ?, ?) RETURNING "id"[0m  [["qtext", "Science is organised knowledge. Wisdom is organised life."], ["qyear", nil], ["qcom", nil], ["ispublic", 1], ["user_id", 1], ["source_id", 3], ["created_at", "2026-05-22 19:45:54.966729"], ["updated_at", "2026-05-22 19:45:54.966729"]]
  [1m[36mTRANSACTION (0.1ms)[0m  [1m[36mCOMMIT TRANSACTION[0m
  [1m[36mCategory Load (0.1ms)[0m  [1m[34mSELECT "categories".* FROM "categories" WHERE "categories"."catname" = ? LIMIT ?[0m  [["catname", "Epistemology"], ["LIMIT", 1]]
  [1m[36mQuoteCategory Load (0.1ms)[0m  [1m[34mSELECT "quote_categories".* FROM "quote_categories" WHERE "quote_categories"."quote_id" = ? AND "quote_categories"."category_id" = ? LIMIT ?[0m  [["quote_id", 8], ["category_id", 4], ["LIMIT", 1]]
  [1m[36mTRANSACTION (0.1ms)[0m  [1m[36mBEGIN immediate TRANSACTION[0m
  [1m[36mQuoteCategory Create (2.3ms)[0m  [1m[32mINSERT INTO "quote_categories" ("quote_id", "category_id", "created_at", "updated_at") VALUES (?, ?, ?, ?) RETURNING "id"[0m  [["quote_id", 8], ["category_id", 4], ["created_at", "2026-05-22 19:45:54.980412"], ["updated_at", "2026-05-22 19:45:54.980412"]]
  [1m[36mTRANSACTION (0.4ms)[0m  [1m[36mCOMMIT TRANSACTION[0m
  [1m[36mQuote Load (0.2ms)[0m  [1m[34mSELECT "quotes".* FROM "quotes" WHERE "quotes"."qtext" = ? AND "quotes"."user_id" = ? LIMIT ?[0m  [["qtext", "The more I know, the more I realise I know nothing."], ["user_id", 1], ["LIMIT", 1]]
  [1m[36mTRANSACTION (0.1ms)[0m  [1m[36mBEGIN immediate TRANSACTION[0m
  [1m[36mQuote Create (2.3ms)[0m  [1m[32mINSERT INTO "quotes" ("qtext", "qyear", "qcom", "ispublic", "user_id", "source_id", "created_at", "updated_at") VALUES (?, ?, ?, ?, ?, ?, ?, ?) RETURNING "id"[0m  [["qtext", "The more I know, the more I realise I know nothing."], ["qyear", nil], ["qcom", "Often attributed to Socrates but no direct source exists."], ["ispublic", 1], ["user_id", 1], ["source_id", 7], ["created_at", "2026-05-22 19:45:54.991614"], ["updated_at", "2026-05-22 19:45:54.991614"]]
  [1m[36mTRANSACTION (0.1ms)[0m  [1m[36mCOMMIT TRANSACTION[0m
  [1m[36mCategory Load (0.1ms)[0m  [1m[34mSELECT "categories".* FROM "categories" WHERE "categories"."catname" = ? LIMIT ?[0m  [["catname", "Epistemology"], ["LIMIT", 1]]
  [1m[36mQuoteCategory Load (0.1ms)[0m  [1m[34mSELECT "quote_categories".* FROM "quote_categories" WHERE "quote_categories"."quote_id" = ? AND "quote_categories"."category_id" = ? LIMIT ?[0m  [["quote_id", 9], ["category_id", 4], ["LIMIT", 1]]
  [1m[36mTRANSACTION (0.1ms)[0m  [1m[36mBEGIN immediate TRANSACTION[0m
  [1m[36mQuoteCategory Create (3.0ms)[0m  [1m[32mINSERT INTO "quote_categories" ("quote_id", "category_id", "created_at", "updated_at") VALUES (?, ?, ?, ?) RETURNING "id"[0m  [["quote_id", 9], ["category_id", 4], ["created_at", "2026-05-22 19:45:55.002822"], ["updated_at", "2026-05-22 19:45:55.002822"]]
  [1m[36mTRANSACTION (0.1ms)[0m  [1m[36mCOMMIT TRANSACTION[0m
  [1m[36mCategory Load (0.1ms)[0m  [1m[34mSELECT "categories".* FROM "categories" WHERE "categories"."catname" = ? LIMIT ?[0m  [["catname", "Metaphysics"], ["LIMIT", 1]]
  [1m[36mQuoteCategory Load (0.1ms)[0m  [1m[34mSELECT "quote_categories".* FROM "quote_categories" WHERE "quote_categories"."quote_id" = ? AND "quote_categories"."category_id" = ? LIMIT ?[0m  [["quote_id", 9], ["category_id", 3], ["LIMIT", 1]]
  [1m[36mTRANSACTION (0.1ms)[0m  [1m[36mBEGIN immediate TRANSACTION[0m
  [1m[36mQuoteCategory Create (3.5ms)[0m  [1m[32mINSERT INTO "quote_categories" ("quote_id", "category_id", "created_at", "updated_at") VALUES (?, ?, ?, ?) RETURNING "id"[0m  [["quote_id", 9], ["category_id", 3], ["created_at", "2026-05-22 19:45:55.018294"], ["updated_at", "2026-05-22 19:45:55.018294"]]
  [1m[36mTRANSACTION (0.1ms)[0m  [1m[36mCOMMIT TRANSACTION[0m
  [1m[36mQuote Load (0.1ms)[0m  [1m[34mSELECT "quotes".* FROM "quotes" WHERE "quotes"."qtext" = ? AND "quotes"."user_id" = ? LIMIT ?[0m  [["qtext", "The worst form of inequality is to try to make unequal things equal."], ["user_id", 2], ["LIMIT", 1]]
  [1m[36mTRANSACTION (0.1ms)[0m  [1m[36mBEGIN immediate TRANSACTION[0m
  [1m[36mQuote Create (4.2ms)[0m  [1m[32mINSERT INTO "quotes" ("qtext", "qyear", "qcom", "ispublic", "user_id", "source_id", "created_at", "updated_at") VALUES (?, ?, ?, ?, ?, ?, ?, ?) RETURNING "id"[0m  [["qtext", "The worst form of inequality is to try to make unequal things equal."], ["qyear", "350 BCE"], ["qcom", "Kept private — still thinking through the implications."], ["ispublic", 0], ["user_id", 2], ["source_id", 2], ["created_at", "2026-05-22 19:45:55.030808"], ["updated_at", "2026-05-22 19:45:55.030808"]]
  [1m[36mTRANSACTION (0.1ms)[0m  [1m[36mCOMMIT TRANSACTION[0m
  [1m[36mCategory Load (0.1ms)[0m  [1m[34mSELECT "categories".* FROM "categories" WHERE "categories"."catname" = ? LIMIT ?[0m  [["catname", "Political Philosophy"], ["LIMIT", 1]]
  [1m[36mQuoteCategory Load (0.1ms)[0m  [1m[34mSELECT "quote_categories".* FROM "quote_categories" WHERE "quote_categories"."quote_id" = ? AND "quote_categories"."category_id" = ? LIMIT ?[0m  [["quote_id", 10], ["category_id", 7], ["LIMIT", 1]]
  [1m[36mTRANSACTION (0.1ms)[0m  [1m[36mBEGIN immediate TRANSACTION[0m
  [1m[36mQuoteCategory Create (4.2ms)[0m  [1m[32mINSERT INTO "quote_categories" ("quote_id", "category_id", "created_at", "updated_at") VALUES (?, ?, ?, ?) RETURNING "id"[0m  [["quote_id", 10], ["category_id", 7], ["created_at", "2026-05-22 19:45:55.048094"], ["updated_at", "2026-05-22 19:45:55.048094"]]
  [1m[36mTRANSACTION (0.1ms)[0m  [1m[36mCOMMIT TRANSACTION[0m
  [1m[36mCategory Load (0.1ms)[0m  [1m[34mSELECT "categories".* FROM "categories" WHERE "categories"."catname" = ? LIMIT ?[0m  [["catname", "Ethics"], ["LIMIT", 1]]
  [1m[36mQuoteCategory Load (0.1ms)[0m  [1m[34mSELECT "quote_categories".* FROM "quote_categories" WHERE "quote_categories"."quote_id" = ? AND "quote_categories"."category_id" = ? LIMIT ?[0m  [["quote_id", 10], ["category_id", 1], ["LIMIT", 1]]
  [1m[36mTRANSACTION (0.4ms)[0m  [1m[36mBEGIN immediate TRANSACTION[0m
  [1m[36mQuoteCategory Create (4.7ms)[0m  [1m[32mINSERT INTO "quote_categories" ("quote_id", "category_id", "created_at", "updated_at") VALUES (?, ?, ?, ?) RETURNING "id"[0m  [["quote_id", 10], ["category_id", 1], ["created_at", "2026-05-22 19:45:55.066294"], ["updated_at", "2026-05-22 19:45:55.066294"]]
  [1m[36mTRANSACTION (0.1ms)[0m  [1m[36mCOMMIT TRANSACTION[0m
  [1m[36mQuote Count (0.1ms)[0m  [1m[34mSELECT COUNT(*) FROM "quotes"[0m
DEPRECATION WARNING: `to_time` will always preserve the full timezone rather than offset of the receiver in Rails 8.1. To opt in to the new behavior, set `config.active_support.to_time_preserves_timezone = :zone`. (called from BasicObject#instance_exec at C:/Users/ASUS/.local/share/gem/ruby/3.4.0/gems/railties-8.0.5/lib/rails/initializable.rb:32)
DEPRECATION WARNING: `to_time` will always preserve the full timezone rather than offset of the receiver in Rails 8.1. To opt in to the new behavior, set `config.active_support.to_time_preserves_timezone = :zone`. (called from block in <module:Finisher> at C:/Users/ASUS/.local/share/gem/ruby/3.4.0/gems/railties-8.0.5/lib/rails/application/finisher.rb:93)
Started GET "/" for 127.0.0.1 at 2026-05-23 01:16:17 +0530
  [1m[36mActiveRecord::SchemaMigration Load (0.2ms)[0m  [1m[34mSELECT "schema_migrations"."version" FROM "schema_migrations" ORDER BY "schema_migrations"."version" ASC[0m
Processing by PagesController#home as HTML
  Rendering layout layouts/application.html.erb
  Rendering pages/home.html.erb within layouts/application
  [1m[36mCategory Load (0.4ms)[0m  [1m[34mSELECT "categories".* FROM "categories" ORDER BY "categories"."catname" ASC[0m
  ↳ app/views/pages/home.html.erb:16
  [1m[36mQuote Exists? (0.3ms)[0m  [1m[34mSELECT 1 AS one FROM "quotes" WHERE "quotes"."ispublic" = ? LIMIT ?[0m  [["ispublic", 1], ["LIMIT", 1]]
  ↳ app/views/pages/home.html.erb:24
  [1m[36mQuote Load (0.6ms)[0m  [1m[34mSELECT "quotes".* FROM "quotes" WHERE "quotes"."ispublic" = ? ORDER BY "quotes"."created_at" DESC LIMIT ?[0m  [["ispublic", 1], ["LIMIT", 10]]
  ↳ app/views/pages/home.html.erb:25
  [1m[36mUser Load (0.4ms)[0m  [1m[34mSELECT "users".* FROM "users" WHERE "users"."id" IN (?, ?)[0m  [["id", 1], ["id", 2]]
  ↳ app/views/pages/home.html.erb:25
  [1m[36mSource Load (1.2ms)[0m  [1m[34mSELECT "sources".* FROM "sources" WHERE "sources"."id" IN (?, ?, ?, ?, ?, ?, ?)[0m  [["id", 7], ["id", 3], ["id", 4], ["id", 6], ["id", 5], ["id", 2], ["id", 1]]
  ↳ app/views/pages/home.html.erb:25
  [1m[36mQuoteCategory Load (0.5ms)[0m  [1m[34mSELECT "quote_categories".* FROM "quote_categories" WHERE "quote_categories"."quote_id" IN (?, ?, ?, ?, ?, ?, ?, ?, ?)[0m  [["quote_id", 9], ["quote_id", 8], ["quote_id", 7], ["quote_id", 6], ["quote_id", 5], ["quote_id", 4], ["quote_id", 3], ["quote_id", 2], ["quote_id", 1]]
  ↳ app/views/pages/home.html.erb:25
  [1m[36mCategory Load (0.7ms)[0m  [1m[34mSELECT "categories".* FROM "categories" WHERE "categories"."id" IN (?, ?, ?, ?, ?, ?)[0m  [["id", 1], ["id", 10], ["id", 2], ["id", 5], ["id", 4], ["id", 3]]
  ↳ app/views/pages/home.html.erb:25
  Rendered pages/home.html.erb within layouts/application (Duration: 422.0ms | GC: 0.0ms)
  Rendered layout layouts/application.html.erb (Duration: 1148.6ms | GC: 1.7ms)
Completed 500 Internal Server Error in 1480ms (ActiveRecord: 12.2ms (7 queries, 0 cached) | GC: 1.7ms)


  
ActionView::Template::Error (Permission denied @ rb_file_s_rename - (C:/Users/ASUS/Documents/myquote_category_fix/myquote/tmp/cache/assets/sprockets/v4.0.0/c7/c7e0r75JuV_3E8adhq_zsux1jCG-RehyfZh0ERXxFs0.cache.12544.20600.583174, C:/Users/ASUS/Documents/myquote_category_fix/myquote/tmp/cache/assets/sprockets/v4.0.0/c7/c7e0r75JuV_3E8adhq_zsux1jCG-RehyfZh0ERXxFs0.cache))
Caused by: Errno::EACCES (Permission denied @ rb_file_s_rename - (C:/Users/ASUS/Documents/myquote_category_fix/myquote/tmp/cache/assets/sprockets/v4.0.0/c7/c7e0r75JuV_3E8adhq_zsux1jCG-RehyfZh0ERXxFs0.cache.12544.20600.583174, C:/Users/ASUS/Documents/myquote_category_fix/myquote/tmp/cache/assets/sprockets/v4.0.0/c7/c7e0r75JuV_3E8adhq_zsux1jCG-RehyfZh0ERXxFs0.cache))

Information for: ActionView::Template::Error (Permission denied @ rb_file_s_rename - (C:/Users/ASUS/Documents/myquote_category_fix/myquote/tmp/cache/assets/sprockets/v4.0.0/c7/c7e0r75JuV_3E8adhq_zsux1jCG-RehyfZh0ERXxFs0.cache.12544.20600.583174, C:/Users/ASUS/Documents/myquote_category_fix/myquote/tmp/cache/assets/sprockets/v4.0.0/c7/c7e0r75JuV_3E8adhq_zsux1jCG-RehyfZh0ERXxFs0.cache)):
  
sprockets (4.2.2) lib/sprockets/path_utils.rb:362:in 'File.rename'
sprockets (4.2.2) lib/sprockets/path_utils.rb:362:in 'Sprockets::PathUtils#atomic_write'
sprockets (4.2.2) lib/sprockets/cache/file_store.rb:112:in 'Sprockets::Cache::FileStore#set'
sprockets (4.2.2) lib/sprockets/cache.rb:227:in 'Sprockets::Cache::GetWrapper#set'
sprockets (4.2.2) lib/sprockets/cache.rb:143:in 'Sprockets::Cache#set'
sprockets (4.2.2) lib/sprockets/loader.rb:268:in 'Sprockets::Loader#store_asset'
sprockets (4.2.2) lib/sprockets/loader.rb:228:in 'Sprockets::Loader#load_from_unloaded'
sprockets (4.2.2) lib/sprockets/loader.rb:59:in 'block in Sprockets::Loader#load'
sprockets (4.2.2) lib/sprockets/loader.rb:339:in 'Sprockets::Loader#fetch_asset_from_dependency_cache'
sprockets (4.2.2) lib/sprockets/loader.rb:43:in 'Sprockets::Loader#load'
sprockets (4.2.2) lib/sprockets/cached_environment.rb:44:in 'block in Sprockets::CachedEnvironment#load'
concurrent-ruby (1.3.6) lib/concurrent-ruby/concurrent/map.rb:207:in 'block in Concurrent::Map#fetch_or_store'
concurrent-ruby (1.3.6) lib/concurrent-ruby/concurrent/map.rb:187:in 'Concurrent::Map#fetch'
concurrent-ruby (1.3.6) lib/concurrent-ruby/concurrent/map.rb:206:in 'Concurrent::Map#fetch_or_store'
sprockets (4.2.2) lib/sprockets/cached_environment.rb:44:in 'Sprockets::CachedEnvironment#load'
sprockets (4.2.2) lib/sprockets/bundle.rb:27:in 'Sprockets::Bundle.call'
sprockets (4.2.2) lib/sprockets/processor_utils.rb:84:in 'Sprockets::ProcessorUtils#call_processor'
sprockets (4.2.2) lib/sprockets/processor_utils.rb:66:in 'block in Sprockets::ProcessorUtils#call_processors'
sprockets (4.2.2) lib/sprockets/processor_utils.rb:65:in 'Array#reverse_each'
sprockets (4.2.2) lib/sprockets/processor_utils.rb:65:in 'Sprockets::ProcessorUtils#call_processors'
sprockets (4.2.2) lib/sprockets/loader.rb:184:in 'Sprockets::Loader#load_from_unloaded'
sprockets (4.2.2) lib/sprockets/loader.rb:59:in 'block in Sprockets::Loader#load'
sprockets (4.2.2) lib/sprockets/loader.rb:339:in 'Sprockets::Loader#fetch_asset_from_dependency_cache'
sprockets (4.2.2) lib/sprockets/loader.rb:43:in 'Sprockets::Loader#load'
sprockets (4.2.2) lib/sprockets/cached_environment.rb:44:in 'block in Sprockets::CachedEnvironment#load'
concurrent-ruby (1.3.6) lib/concurrent-ruby/concurrent/map.rb:207:in 'block in Concurrent::Map#fetch_or_store'
concurrent-ruby (1.3.6) lib/concurrent-ruby/concurrent/map.rb:187:in 'Concurrent::Map#fetch'
concurrent-ruby (1.3.6) lib/concurrent-ruby/concurrent/map.rb:206:in 'Concurrent::Map#fetch_or_store'
sprockets (4.2.2) lib/sprockets/cached_environment.rb:44:in 'Sprockets::CachedEnvironment#load'
sprockets (4.2.2) lib/sprockets/bundle.rb:32:in 'block in Sprockets::Bundle.call'
C:/Ruby34-x64/lib/ruby/3.4.0/set.rb:504:in 'Hash#each_key'
C:/Ruby34-x64/lib/ruby/3.4.0/set.rb:504:in 'Set#each'
sprockets (4.2.2) lib/sprockets/bundle.rb:31:in 'Sprockets::Bundle.call'
sprockets (4.2.2) lib/sprockets/processor_utils.rb:84:in 'Sprockets::ProcessorUtils#call_processor'
sprockets (4.2.2) lib/sprockets/processor_utils.rb:66:in 'block in Sprockets::ProcessorUtils#call_processors'
sprockets (4.2.2) lib/sprockets/processor_utils.rb:65:in 'Array#reverse_each'
sprockets (4.2.2) lib/sprockets/processor_utils.rb:65:in 'Sprockets::ProcessorUtils#call_processors'
sprockets (4.2.2) lib/sprockets/loader.rb:184:in 'Sprockets::Loader#load_from_unloaded'
sprockets (4.2.2) lib/sprockets/loader.rb:59:in 'block in Sprockets::Loader#load'
sprockets (4.2.2) lib/sprockets/loader.rb:339:in 'Sprockets::Loader#fetch_asset_from_dependency_cache'
sprockets (4.2.2) lib/sprockets/loader.rb:43:in 'Sprockets::Loader#load'
sprockets (4.2.2) lib/sprockets/cached_environment.rb:44:in 'block in Sprockets::CachedEnvironment#load'
concurrent-ruby (1.3.6) lib/concurrent-ruby/concurrent/map.rb:207:in 'block in Concurrent::Map#fetch_or_store'
concurrent-ruby (1.3.6) lib/concurrent-ruby/concurrent/map.rb:187:in 'Concurrent::Map#fetch'
concurrent-ruby (1.3.6) lib/concurrent-ruby/concurrent/map.rb:206:in 'Concurrent::Map#fetch_or_store'
sprockets (4.2.2) lib/sprockets/cached_environment.rb:44:in 'Sprockets::CachedEnvironment#load'
sprockets (4.2.2) lib/sprockets/base.rb:81:in 'Sprockets::Base#find_asset'
sprockets (4.2.2) lib/sprockets/base.rb:88:in 'Sprockets::Base#find_all_linked_assets'
sprockets (4.2.2) lib/sprockets/manifest.rb:125:in 'Enumerator#each'
sprockets (4.2.2) lib/sprockets/manifest.rb:125:in 'Enumerable#to_a'
sprockets (4.2.2) lib/sprockets/manifest.rb:125:in 'block (2 levels) in Sprockets::Manifest#find'
concurrent-ruby (1.3.6) lib/concurrent-ruby/concurrent/executor/safe_task_executor.rb:24:in 'block in Concurrent::SafeTaskExecutor#execute'
concurrent-ruby (1.3.6) lib/concurrent-ruby/concurrent/synchronization/mutex_lockable_object.rb:48:in 'block in Concurrent::Synchronization::MutexLockableObject#synchronize'
concurrent-ruby (1.3.6) lib/concurrent-ruby/concurrent/synchronization/mutex_lockable_object.rb:48:in 'Thread::Mutex#synchronize'
concurrent-ruby (1.3.6) lib/concurrent-ruby/concurrent/synchronization/mutex_lockable_object.rb:48:in 'Concurrent::Synchronization::MutexLockableObject#synchronize'
concurrent-ruby (1.3.6) lib/concurrent-ruby/concurrent/executor/safe_task_executor.rb:22:in 'Concurrent::SafeTaskExecutor#execute'
concurrent-ruby (1.3.6) lib/concurrent-ruby/concurrent/promise.rb:564:in 'block in Concurrent::Promise#realize'
concurrent-ruby (1.3.6) lib/concurrent-ruby/concurrent/executor/ruby_thread_pool_executor.rb:382:in 'Concurrent::RubyThreadPoolExecutor::Worker#run_task'
concurrent-ruby (1.3.6) lib/concurrent-ruby/concurrent/executor/ruby_thread_pool_executor.rb:372:in 'block (3 levels) in Concurrent::RubyThreadPoolExecutor::Worker#create_worker'
<internal:kernel>:168:in 'Kernel#loop'
concurrent-ruby (1.3.6) lib/concurrent-ruby/concurrent/executor/ruby_thread_pool_executor.rb:361:in 'block (2 levels) in Concurrent::RubyThreadPoolExecutor::Worker#create_worker'
concurrent-ruby (1.3.6) lib/concurrent-ruby/concurrent/executor/ruby_thread_pool_executor.rb:358:in 'Kernel#catch'
concurrent-ruby (1.3.6) lib/concurrent-ruby/concurrent/executor/ruby_thread_pool_executor.rb:358:in 'block in Concurrent::RubyThreadPoolExecutor::Worker#create_worker'

Information for cause: Errno::EACCES (Permission denied @ rb_file_s_rename - (C:/Users/ASUS/Documents/myquote_category_fix/myquote/tmp/cache/assets/sprockets/v4.0.0/c7/c7e0r75JuV_3E8adhq_zsux1jCG-RehyfZh0ERXxFs0.cache.12544.20600.583174, C:/Users/ASUS/Documents/myquote_category_fix/myquote/tmp/cache/assets/sprockets/v4.0.0/c7/c7e0r75JuV_3E8adhq_zsux1jCG-RehyfZh0ERXxFs0.cache)):
  
sprockets (4.2.2) lib/sprockets/path_utils.rb:362:in 'File.rename'
sprockets (4.2.2) lib/sprockets/path_utils.rb:362:in 'Sprockets::PathUtils#atomic_write'
sprockets (4.2.2) lib/sprockets/cache/file_store.rb:112:in 'Sprockets::Cache::FileStore#set'
sprockets (4.2.2) lib/sprockets/cache.rb:227:in 'Sprockets::Cache::GetWrapper#set'
sprockets (4.2.2) lib/sprockets/cache.rb:143:in 'Sprockets::Cache#set'
sprockets (4.2.2) lib/sprockets/loader.rb:268:in 'Sprockets::Loader#store_asset'
sprockets (4.2.2) lib/sprockets/loader.rb:228:in 'Sprockets::Loader#load_from_unloaded'
sprockets (4.2.2) lib/sprockets/loader.rb:59:in 'block in Sprockets::Loader#load'
sprockets (4.2.2) lib/sprockets/loader.rb:339:in 'Sprockets::Loader#fetch_asset_from_dependency_cache'
sprockets (4.2.2) lib/sprockets/loader.rb:43:in 'Sprockets::Loader#load'
sprockets (4.2.2) lib/sprockets/cached_environment.rb:44:in 'block in Sprockets::CachedEnvironment#load'
concurrent-ruby (1.3.6) lib/concurrent-ruby/concurrent/map.rb:207:in 'block in Concurrent::Map#fetch_or_store'
concurrent-ruby (1.3.6) lib/concurrent-ruby/concurrent/map.rb:187:in 'Concurrent::Map#fetch'
concurrent-ruby (1.3.6) lib/concurrent-ruby/concurrent/map.rb:206:in 'Concurrent::Map#fetch_or_store'
sprockets (4.2.2) lib/sprockets/cached_environment.rb:44:in 'Sprockets::CachedEnvironment#load'
sprockets (4.2.2) lib/sprockets/bundle.rb:27:in 'Sprockets::Bundle.call'
sprockets (4.2.2) lib/sprockets/processor_utils.rb:84:in 'Sprockets::ProcessorUtils#call_processor'
sprockets (4.2.2) lib/sprockets/processor_utils.rb:66:in 'block in Sprockets::ProcessorUtils#call_processors'
sprockets (4.2.2) lib/sprockets/processor_utils.rb:65:in 'Array#reverse_each'
sprockets (4.2.2) lib/sprockets/processor_utils.rb:65:in 'Sprockets::ProcessorUtils#call_processors'
sprockets (4.2.2) lib/sprockets/loader.rb:184:in 'Sprockets::Loader#load_from_unloaded'
sprockets (4.2.2) lib/sprockets/loader.rb:59:in 'block in Sprockets::Loader#load'
sprockets (4.2.2) lib/sprockets/loader.rb:339:in 'Sprockets::Loader#fetch_asset_from_dependency_cache'
sprockets (4.2.2) lib/sprockets/loader.rb:43:in 'Sprockets::Loader#load'
sprockets (4.2.2) lib/sprockets/cached_environment.rb:44:in 'block in Sprockets::CachedEnvironment#load'
concurrent-ruby (1.3.6) lib/concurrent-ruby/concurrent/map.rb:207:in 'block in Concurrent::Map#fetch_or_store'
concurrent-ruby (1.3.6) lib/concurrent-ruby/concurrent/map.rb:187:in 'Concurrent::Map#fetch'
concurrent-ruby (1.3.6) lib/concurrent-ruby/concurrent/map.rb:206:in 'Concurrent::Map#fetch_or_store'
sprockets (4.2.2) lib/sprockets/cached_environment.rb:44:in 'Sprockets::CachedEnvironment#load'
sprockets (4.2.2) lib/sprockets/bundle.rb:32:in 'block in Sprockets::Bundle.call'
C:/Ruby34-x64/lib/ruby/3.4.0/set.rb:504:in 'Hash#each_key'
C:/Ruby34-x64/lib/ruby/3.4.0/set.rb:504:in 'Set#each'
sprockets (4.2.2) lib/sprockets/bundle.rb:31:in 'Sprockets::Bundle.call'
sprockets (4.2.2) lib/sprockets/processor_utils.rb:84:in 'Sprockets::ProcessorUtils#call_processor'
sprockets (4.2.2) lib/sprockets/processor_utils.rb:66:in 'block in Sprockets::ProcessorUtils#call_processors'
sprockets (4.2.2) lib/sprockets/processor_utils.rb:65:in 'Array#reverse_each'
sprockets (4.2.2) lib/sprockets/processor_utils.rb:65:in 'Sprockets::ProcessorUtils#call_processors'
sprockets (4.2.2) lib/sprockets/loader.rb:184:in 'Sprockets::Loader#load_from_unloaded'
sprockets (4.2.2) lib/sprockets/loader.rb:59:in 'block in Sprockets::Loader#load'
sprockets (4.2.2) lib/sprockets/loader.rb:339:in 'Sprockets::Loader#fetch_asset_from_dependency_cache'
sprockets (4.2.2) lib/sprockets/loader.rb:43:in 'Sprockets::Loader#load'
sprockets (4.2.2) lib/sprockets/cached_environment.rb:44:in 'block in Sprockets::CachedEnvironment#load'
concurrent-ruby (1.3.6) lib/concurrent-ruby/concurrent/map.rb:207:in 'block in Concurrent::Map#fetch_or_store'
concurrent-ruby (1.3.6) lib/concurrent-ruby/concurrent/map.rb:187:in 'Concurrent::Map#fetch'
concurrent-ruby (1.3.6) lib/concurrent-ruby/concurrent/map.rb:206:in 'Concurrent::Map#fetch_or_store'
sprockets (4.2.2) lib/sprockets/cached_environment.rb:44:in 'Sprockets::CachedEnvironment#load'
sprockets (4.2.2) lib/sprockets/base.rb:81:in 'Sprockets::Base#find_asset'
sprockets (4.2.2) lib/sprockets/base.rb:88:in 'Sprockets::Base#find_all_linked_assets'
sprockets (4.2.2) lib/sprockets/manifest.rb:125:in 'Enumerator#each'
sprockets (4.2.2) lib/sprockets/manifest.rb:125:in 'Enumerable#to_a'
sprockets (4.2.2) lib/sprockets/manifest.rb:125:in 'block (2 levels) in Sprockets::Manifest#find'
concurrent-ruby (1.3.6) lib/concurrent-ruby/concurrent/executor/safe_task_executor.rb:24:in 'block in Concurrent::SafeTaskExecutor#execute'
concurrent-ruby (1.3.6) lib/concurrent-ruby/concurrent/synchronization/mutex_lockable_object.rb:48:in 'block in Concurrent::Synchronization::MutexLockableObject#synchronize'
concurrent-ruby (1.3.6) lib/concurrent-ruby/concurrent/synchronization/mutex_lockable_object.rb:48:in 'Thread::Mutex#synchronize'
concurrent-ruby (1.3.6) lib/concurrent-ruby/concurrent/synchronization/mutex_lockable_object.rb:48:in 'Concurrent::Synchronization::MutexLockableObject#synchronize'
concurrent-ruby (1.3.6) lib/concurrent-ruby/concurrent/executor/safe_task_executor.rb:22:in 'Concurrent::SafeTaskExecutor#execute'
concurrent-ruby (1.3.6) lib/concurrent-ruby/concurrent/promise.rb:564:in 'block in Concurrent::Promise#realize'
concurrent-ruby (1.3.6) lib/concurrent-ruby/concurrent/executor/ruby_thread_pool_executor.rb:382:in 'Concurrent::RubyThreadPoolExecutor::Worker#run_task'
concurrent-ruby (1.3.6) lib/concurrent-ruby/concurrent/executor/ruby_thread_pool_executor.rb:372:in 'block (3 levels) in Concurrent::RubyThreadPoolExecutor::Worker#create_worker'
<internal:kernel>:168:in 'Kernel#loop'
concurrent-ruby (1.3.6) lib/concurrent-ruby/concurrent/executor/ruby_thread_pool_executor.rb:361:in 'block (2 levels) in Concurrent::RubyThreadPoolExecutor::Worker#create_worker'
concurrent-ruby (1.3.6) lib/concurrent-ruby/concurrent/executor/ruby_thread_pool_executor.rb:358:in 'Kernel#catch'
concurrent-ruby (1.3.6) lib/concurrent-ruby/concurrent/executor/ruby_thread_pool_executor.rb:358:in 'block in Concurrent::RubyThreadPoolExecutor::Worker#create_worker'
Started GET "/favicon.ico" for 127.0.0.1 at 2026-05-23 01:16:20 +0530
  
ActionController::RoutingError (No route matches [GET] "/favicon.ico"):
  
DEPRECATION WARNING: `to_time` will always preserve the full timezone rather than offset of the receiver in Rails 8.1. To opt in to the new behavior, set `config.active_support.to_time_preserves_timezone = :zone`. (called from BasicObject#instance_exec at C:/Users/ASUS/.local/share/gem/ruby/3.4.0/gems/railties-8.0.5/lib/rails/initializable.rb:32)
DEPRECATION WARNING: `to_time` will always preserve the full timezone rather than offset of the receiver in Rails 8.1. To opt in to the new behavior, set `config.active_support.to_time_preserves_timezone = :zone`. (called from block in <module:Finisher> at C:/Users/ASUS/.local/share/gem/ruby/3.4.0/gems/railties-8.0.5/lib/rails/application/finisher.rb:93)
DEPRECATION WARNING: `to_time` will always preserve the full timezone rather than offset of the receiver in Rails 8.1. To opt in to the new behavior, set `config.active_support.to_time_preserves_timezone = :zone`. (called from BasicObject#instance_exec at C:/Users/ASUS/.local/share/gem/ruby/3.4.0/gems/railties-8.0.5/lib/rails/initializable.rb:32)
DEPRECATION WARNING: `to_time` will always preserve the full timezone rather than offset of the receiver in Rails 8.1. To opt in to the new behavior, set `config.active_support.to_time_preserves_timezone = :zone`. (called from block in <module:Finisher> at C:/Users/ASUS/.local/share/gem/ruby/3.4.0/gems/railties-8.0.5/lib/rails/application/finisher.rb:93)
DEPRECATION WARNING: `to_time` will always preserve the full timezone rather than offset of the receiver in Rails 8.1. To opt in to the new behavior, set `config.active_support.to_time_preserves_timezone = :zone`. (called from BasicObject#instance_exec at C:/Users/ASUS/.local/share/gem/ruby/3.4.0/gems/railties-8.0.5/lib/rails/initializable.rb:32)
DEPRECATION WARNING: `to_time` will always preserve the full timezone rather than offset of the receiver in Rails 8.1. To opt in to the new behavior, set `config.active_support.to_time_preserves_timezone = :zone`. (called from block in <module:Finisher> at C:/Users/ASUS/.local/share/gem/ruby/3.4.0/gems/railties-8.0.5/lib/rails/application/finisher.rb:93)
Started GET "/" for 127.0.0.1 at 2026-05-23 01:19:37 +0530
Processing by PagesController#home as HTML
  Rendering layout layouts/application.html.erb
  Rendering pages/home.html.erb within layouts/application
  [1m[36mCategory Load (0.2ms)[0m  [1m[34mSELECT "categories".* FROM "categories" ORDER BY "categories"."catname" ASC[0m
  ↳ app/views/pages/home.html.erb:16
  [1m[36mQuote Exists? (0.2ms)[0m  [1m[34mSELECT 1 AS one FROM "quotes" WHERE "quotes"."ispublic" = ? LIMIT ?[0m  [["ispublic", 1], ["LIMIT", 1]]
  ↳ app/views/pages/home.html.erb:24
  [1m[36mQuote Load (0.3ms)[0m  [1m[34mSELECT "quotes".* FROM "quotes" WHERE "quotes"."ispublic" = ? ORDER BY "quotes"."created_at" DESC LIMIT ?[0m  [["ispublic", 1], ["LIMIT", 10]]
  ↳ app/views/pages/home.html.erb:25
  [1m[36mUser Load (0.3ms)[0m  [1m[34mSELECT "users".* FROM "users" WHERE "users"."id" IN (?, ?)[0m  [["id", 1], ["id", 2]]
  ↳ app/views/pages/home.html.erb:25
  [1m[36mSource Load (0.1ms)[0m  [1m[34mSELECT "sources".* FROM "sources" WHERE "sources"."id" IN (?, ?, ?, ?, ?, ?, ?)[0m  [["id", 7], ["id", 3], ["id", 4], ["id", 6], ["id", 5], ["id", 2], ["id", 1]]
  ↳ app/views/pages/home.html.erb:25
  [1m[36mQuoteCategory Load (0.1ms)[0m  [1m[34mSELECT "quote_categories".* FROM "quote_categories" WHERE "quote_categories"."quote_id" IN (?, ?, ?, ?, ?, ?, ?, ?, ?)[0m  [["quote_id", 9], ["quote_id", 8], ["quote_id", 7], ["quote_id", 6], ["quote_id", 5], ["quote_id", 4], ["quote_id", 3], ["quote_id", 2], ["quote_id", 1]]
  ↳ app/views/pages/home.html.erb:25
  [1m[36mCategory Load (0.3ms)[0m  [1m[34mSELECT "categories".* FROM "categories" WHERE "categories"."id" IN (?, ?, ?, ?, ?, ?)[0m  [["id", 1], ["id", 10], ["id", 2], ["id", 5], ["id", 4], ["id", 3]]
  ↳ app/views/pages/home.html.erb:25
  Rendered pages/home.html.erb within layouts/application (Duration: 24.8ms | GC: 0.0ms)
  Rendered layout layouts/application.html.erb (Duration: 386.0ms | GC: 0.2ms)
Completed 200 OK in 389ms (Views: 385.1ms | ActiveRecord: 1.6ms (7 queries, 0 cached) | GC: 0.2ms)


Started GET "/assets/application-68a1e39325a12b6f2b98621d6e1804f6ba774016be070d44ed4c37dfab735caf.css" for 127.0.0.1 at 2026-05-23 01:19:38 +0530
Started GET "/login" for 127.0.0.1 at 2026-05-23 01:21:20 +0530
Processing by SessionsController#new as HTML
  Rendering layout layouts/application.html.erb
  Rendering sessions/new.html.erb within layouts/application
  Rendered sessions/new.html.erb within layouts/application (Duration: 3.7ms | GC: 0.0ms)
  Rendered layout layouts/application.html.erb (Duration: 21.6ms | GC: 0.0ms)
Completed 200 OK in 179ms (Views: 35.5ms | ActiveRecord: 0.0ms (0 queries, 0 cached) | GC: 0.0ms)


Started POST "/login" for 127.0.0.1 at 2026-05-23 01:21:25 +0530
Processing by SessionsController#create as HTML
  Parameters: {"authenticity_token" => "[FILTERED]", "email" => "admin@myquotes.com", "password" => "[FILTERED]", "commit" => "Log In"}
  [1m[36mUser Load (0.2ms)[0m  [1m[34mSELECT "users".* FROM "users" WHERE "users"."email" = ? LIMIT ?[0m  [["email", "admin@myquotes.com"], ["LIMIT", 1]]
  ↳ app/controllers/sessions_controller.rb:12:in 'SessionsController#create'
Redirected to http://127.0.0.1:4000/
Completed 302 Found in 385ms (ActiveRecord: 0.2ms (1 query, 0 cached) | GC: 0.0ms)


Started GET "/" for 127.0.0.1 at 2026-05-23 01:21:26 +0530
Processing by PagesController#home as HTML
  Rendering layout layouts/application.html.erb
  Rendering pages/home.html.erb within layouts/application
  [1m[36mUser Load (0.3ms)[0m  [1m[34mSELECT "users".* FROM "users" WHERE "users"."id" = ? LIMIT ?[0m  [["id", 1], ["LIMIT", 1]]
  ↳ app/controllers/application_controller.rb:10:in 'ApplicationController#current_user'
  [1m[36mCategory Load (0.1ms)[0m  [1m[34mSELECT "categories".* FROM "categories" ORDER BY "categories"."catname" ASC[0m
  ↳ app/views/pages/home.html.erb:16
  [1m[36mQuote Exists? (0.4ms)[0m  [1m[34mSELECT 1 AS one FROM "quotes" WHERE "quotes"."ispublic" = ? LIMIT ?[0m  [["ispublic", 1], ["LIMIT", 1]]
  ↳ app/views/pages/home.html.erb:24
  [1m[36mQuote Load (0.4ms)[0m  [1m[34mSELECT "quotes".* FROM "quotes" WHERE "quotes"."ispublic" = ? ORDER BY "quotes"."created_at" DESC LIMIT ?[0m  [["ispublic", 1], ["LIMIT", 10]]
  ↳ app/views/pages/home.html.erb:25
  [1m[36mUser Load (0.4ms)[0m  [1m[34mSELECT "users".* FROM "users" WHERE "users"."id" IN (?, ?)[0m  [["id", 1], ["id", 2]]
  ↳ app/views/pages/home.html.erb:25
  [1m[36mSource Load (0.5ms)[0m  [1m[34mSELECT "sources".* FROM "sources" WHERE "sources"."id" IN (?, ?, ?, ?, ?, ?, ?)[0m  [["id", 7], ["id", 3], ["id", 4], ["id", 6], ["id", 5], ["id", 2], ["id", 1]]
  ↳ app/views/pages/home.html.erb:25
  [1m[36mQuoteCategory Load (0.9ms)[0m  [1m[34mSELECT "quote_categories".* FROM "quote_categories" WHERE "quote_categories"."quote_id" IN (?, ?, ?, ?, ?, ?, ?, ?, ?)[0m  [["quote_id", 9], ["quote_id", 8], ["quote_id", 7], ["quote_id", 6], ["quote_id", 5], ["quote_id", 4], ["quote_id", 3], ["quote_id", 2], ["quote_id", 1]]
  ↳ app/views/pages/home.html.erb:25
  [1m[36mCategory Load (0.4ms)[0m  [1m[34mSELECT "categories".* FROM "categories" WHERE "categories"."id" IN (?, ?, ?, ?, ?, ?)[0m  [["id", 1], ["id", 10], ["id", 2], ["id", 5], ["id", 4], ["id", 3]]
  ↳ app/views/pages/home.html.erb:25
  Rendered pages/home.html.erb within layouts/application (Duration: 89.3ms | GC: 0.0ms)
  Rendered layout layouts/application.html.erb (Duration: 108.7ms | GC: 0.0ms)
Completed 200 OK in 115ms (Views: 106.3ms | ActiveRecord: 3.3ms (8 queries, 0 cached) | GC: 0.0ms)


Started GET "/logout" for 127.0.0.1 at 2026-05-23 01:21:28 +0530
  
ActionController::RoutingError (No route matches [GET] "/logout"):
  
Started GET "/logout" for 127.0.0.1 at 2026-05-23 01:21:45 +0530
  
ActionController::RoutingError (No route matches [GET] "/logout"):
  
Started GET "/" for 127.0.0.1 at 2026-05-23 01:22:04 +0530
Processing by PagesController#home as HTML
  Rendering layout layouts/application.html.erb
  Rendering pages/home.html.erb within layouts/application
  [1m[36mUser Load (0.4ms)[0m  [1m[34mSELECT "users".* FROM "users" WHERE "users"."id" = ? LIMIT ?[0m  [["id", 1], ["LIMIT", 1]]
  ↳ app/controllers/application_controller.rb:10:in 'ApplicationController#current_user'
  [1m[36mCategory Load (0.4ms)[0m  [1m[34mSELECT "categories".* FROM "categories" ORDER BY "categories"."catname" ASC[0m
  ↳ app/views/pages/home.html.erb:16
  [1m[36mQuote Exists? (0.4ms)[0m  [1m[34mSELECT 1 AS one FROM "quotes" WHERE "quotes"."ispublic" = ? LIMIT ?[0m  [["ispublic", 1], ["LIMIT", 1]]
  ↳ app/views/pages/home.html.erb:24
  [1m[36mQuote Load (0.4ms)[0m  [1m[34mSELECT "quotes".* FROM "quotes" WHERE "quotes"."ispublic" = ? ORDER BY "quotes"."created_at" DESC LIMIT ?[0m  [["ispublic", 1], ["LIMIT", 10]]
  ↳ app/views/pages/home.html.erb:25
  [1m[36mUser Load (0.3ms)[0m  [1m[34mSELECT "users".* FROM "users" WHERE "users"."id" IN (?, ?)[0m  [["id", 1], ["id", 2]]
  ↳ app/views/pages/home.html.erb:25
  [1m[36mSource Load (0.6ms)[0m  [1m[34mSELECT "sources".* FROM "sources" WHERE "sources"."id" IN (?, ?, ?, ?, ?, ?, ?)[0m  [["id", 7], ["id", 3], ["id", 4], ["id", 6], ["id", 5], ["id", 2], ["id", 1]]
  ↳ app/views/pages/home.html.erb:25
  [1m[36mQuoteCategory Load (0.4ms)[0m  [1m[34mSELECT "quote_categories".* FROM "quote_categories" WHERE "quote_categories"."quote_id" IN (?, ?, ?, ?, ?, ?, ?, ?, ?)[0m  [["quote_id", 9], ["quote_id", 8], ["quote_id", 7], ["quote_id", 6], ["quote_id", 5], ["quote_id", 4], ["quote_id", 3], ["quote_id", 2], ["quote_id", 1]]
  ↳ app/views/pages/home.html.erb:25
  [1m[36mCategory Load (0.3ms)[0m  [1m[34mSELECT "categories".* FROM "categories" WHERE "categories"."id" IN (?, ?, ?, ?, ?, ?)[0m  [["id", 1], ["id", 10], ["id", 2], ["id", 5], ["id", 4], ["id", 3]]
  ↳ app/views/pages/home.html.erb:25
  Rendered pages/home.html.erb within layouts/application (Duration: 149.0ms | GC: 0.0ms)
  Rendered layout layouts/application.html.erb (Duration: 163.6ms | GC: 0.0ms)
Completed 200 OK in 372ms (Views: 279.5ms | ActiveRecord: 17.1ms (8 queries, 0 cached) | GC: 0.0ms)


Started GET "/logout" for 127.0.0.1 at 2026-05-23 01:22:06 +0530
  
ActionController::RoutingError (No route matches [GET] "/logout"):
  
Started GET "/logout" for 127.0.0.1 at 2026-05-23 01:23:59 +0530
  
ActionController::RoutingError (No route matches [GET] "/logout"):
  
Started GET "/admin" for 127.0.0.1 at 2026-05-23 01:24:13 +0530
Processing by Admin::DashboardController#index as HTML
  [1m[36mUser Load (0.1ms)[0m  [1m[34mSELECT "users".* FROM "users" WHERE "users"."id" = ? LIMIT ?[0m  [["id", 1], ["LIMIT", 1]]
  ↳ app/controllers/application_controller.rb:10:in 'ApplicationController#current_user'
  [1m[36mUser Count (0.1ms)[0m  [1m[34mSELECT COUNT(*) FROM "users"[0m
  ↳ app/controllers/admin/dashboard_controller.rb:9:in 'Admin::DashboardController#index'
  [1m[36mQuote Count (0.2ms)[0m  [1m[34mSELECT COUNT(*) FROM "quotes"[0m
  ↳ app/controllers/admin/dashboard_controller.rb:10:in 'Admin::DashboardController#index'
  [1m[36mSource Count (0.2ms)[0m  [1m[34mSELECT COUNT(*) FROM "sources"[0m
  ↳ app/controllers/admin/dashboard_controller.rb:11:in 'Admin::DashboardController#index'
  [1m[36mCategory Count (0.2ms)[0m  [1m[34mSELECT COUNT(*) FROM "categories"[0m
  ↳ app/controllers/admin/dashboard_controller.rb:12:in 'Admin::DashboardController#index'
  Rendering layout layouts/application.html.erb
  Rendering admin/dashboard/index.html.erb within layouts/application
  Rendered admin/dashboard/index.html.erb within layouts/application (Duration: 1.6ms | GC: 0.0ms)
  Rendered layout layouts/application.html.erb (Duration: 11.3ms | GC: 0.0ms)
Completed 200 OK in 237ms (Views: 130.8ms | ActiveRecord: 3.4ms (5 queries, 0 cached) | GC: 0.0ms)


Started DELETE "/logout" for 127.0.0.1 at 2026-05-23 01:24:16 +0530
Processing by SessionsController#destroy as HTML
  Parameters: {"authenticity_token" => "[FILTERED]"}
Redirected to http://127.0.0.1:4000/
Completed 302 Found in 5ms (ActiveRecord: 0.0ms (0 queries, 0 cached) | GC: 0.0ms)


Started GET "/" for 127.0.0.1 at 2026-05-23 01:24:16 +0530
Processing by PagesController#home as HTML
  Rendering layout layouts/application.html.erb
  Rendering pages/home.html.erb within layouts/application
  [1m[36mCategory Load (0.6ms)[0m  [1m[34mSELECT "categories".* FROM "categories" ORDER BY "categories"."catname" ASC[0m
  ↳ app/views/pages/home.html.erb:16
  [1m[36mQuote Exists? (0.3ms)[0m  [1m[34mSELECT 1 AS one FROM "quotes" WHERE "quotes"."ispublic" = ? LIMIT ?[0m  [["ispublic", 1], ["LIMIT", 1]]
  ↳ app/views/pages/home.html.erb:24
  [1m[36mQuote Load (0.2ms)[0m  [1m[34mSELECT "quotes".* FROM "quotes" WHERE "quotes"."ispublic" = ? ORDER BY "quotes"."created_at" DESC LIMIT ?[0m  [["ispublic", 1], ["LIMIT", 10]]
  ↳ app/views/pages/home.html.erb:25
  [1m[36mUser Load (0.4ms)[0m  [1m[34mSELECT "users".* FROM "users" WHERE "users"."id" IN (?, ?)[0m  [["id", 1], ["id", 2]]
  ↳ app/views/pages/home.html.erb:25
  [1m[36mSource Load (0.2ms)[0m  [1m[34mSELECT "sources".* FROM "sources" WHERE "sources"."id" IN (?, ?, ?, ?, ?, ?, ?)[0m  [["id", 7], ["id", 3], ["id", 4], ["id", 6], ["id", 5], ["id", 2], ["id", 1]]
  ↳ app/views/pages/home.html.erb:25
  [1m[36mQuoteCategory Load (0.1ms)[0m  [1m[34mSELECT "quote_categories".* FROM "quote_categories" WHERE "quote_categories"."quote_id" IN (?, ?, ?, ?, ?, ?, ?, ?, ?)[0m  [["quote_id", 9], ["quote_id", 8], ["quote_id", 7], ["quote_id", 6], ["quote_id", 5], ["quote_id", 4], ["quote_id", 3], ["quote_id", 2], ["quote_id", 1]]
  ↳ app/views/pages/home.html.erb:25
  [1m[36mCategory Load (0.3ms)[0m  [1m[34mSELECT "categories".* FROM "categories" WHERE "categories"."id" IN (?, ?, ?, ?, ?, ?)[0m  [["id", 1], ["id", 10], ["id", 2], ["id", 5], ["id", 4], ["id", 3]]
  ↳ app/views/pages/home.html.erb:25
  Rendered pages/home.html.erb within layouts/application (Duration: 56.7ms | GC: 0.2ms)
  Rendered layout layouts/application.html.erb (Duration: 62.3ms | GC: 0.2ms)
Completed 200 OK in 73ms (Views: 63.3ms | ActiveRecord: 3.6ms (7 queries, 0 cached) | GC: 0.2ms)


Started GET "/login" for 127.0.0.1 at 2026-05-23 01:26:57 +0530
Processing by SessionsController#new as HTML
  Rendering layout layouts/application.html.erb
  Rendering sessions/new.html.erb within layouts/application
  Rendered sessions/new.html.erb within layouts/application (Duration: 2.8ms | GC: 0.0ms)
  Rendered layout layouts/application.html.erb (Duration: 15.5ms | GC: 0.0ms)
Completed 200 OK in 32ms (Views: 23.2ms | ActiveRecord: 0.0ms (0 queries, 0 cached) | GC: 0.0ms)


Started POST "/login" for 127.0.0.1 at 2026-05-23 01:27:03 +0530
Processing by SessionsController#create as HTML
  Parameters: {"authenticity_token" => "[FILTERED]", "email" => "admin@myquotes.com", "password" => "[FILTERED]", "commit" => "Log In"}
  [1m[36mUser Load (0.3ms)[0m  [1m[34mSELECT "users".* FROM "users" WHERE "users"."email" = ? LIMIT ?[0m  [["email", "admin@myquotes.com"], ["LIMIT", 1]]
  ↳ app/controllers/sessions_controller.rb:12:in 'SessionsController#create'
Redirected to http://127.0.0.1:4000/
Completed 302 Found in 457ms (ActiveRecord: 0.3ms (1 query, 0 cached) | GC: 0.0ms)


Started GET "/" for 127.0.0.1 at 2026-05-23 01:27:03 +0530
Processing by PagesController#home as HTML
  Rendering layout layouts/application.html.erb
  Rendering pages/home.html.erb within layouts/application
  [1m[36mUser Load (0.3ms)[0m  [1m[34mSELECT "users".* FROM "users" WHERE "users"."id" = ? LIMIT ?[0m  [["id", 1], ["LIMIT", 1]]
  ↳ app/controllers/application_controller.rb:10:in 'ApplicationController#current_user'
  [1m[36mCategory Load (0.2ms)[0m  [1m[34mSELECT "categories".* FROM "categories" ORDER BY "categories"."catname" ASC[0m
  ↳ app/views/pages/home.html.erb:16
  [1m[36mQuote Exists? (0.3ms)[0m  [1m[34mSELECT 1 AS one FROM "quotes" WHERE "quotes"."ispublic" = ? LIMIT ?[0m  [["ispublic", 1], ["LIMIT", 1]]
  ↳ app/views/pages/home.html.erb:24
  [1m[36mQuote Load (0.5ms)[0m  [1m[34mSELECT "quotes".* FROM "quotes" WHERE "quotes"."ispublic" = ? ORDER BY "quotes"."created_at" DESC LIMIT ?[0m  [["ispublic", 1], ["LIMIT", 10]]
  ↳ app/views/pages/home.html.erb:25
  [1m[36mUser Load (0.3ms)[0m  [1m[34mSELECT "users".* FROM "users" WHERE "users"."id" IN (?, ?)[0m  [["id", 1], ["id", 2]]
  ↳ app/views/pages/home.html.erb:25
  [1m[36mSource Load (0.4ms)[0m  [1m[34mSELECT "sources".* FROM "sources" WHERE "sources"."id" IN (?, ?, ?, ?, ?, ?, ?)[0m  [["id", 7], ["id", 3], ["id", 4], ["id", 6], ["id", 5], ["id", 2], ["id", 1]]
  ↳ app/views/pages/home.html.erb:25
  [1m[36mQuoteCategory Load (0.4ms)[0m  [1m[34mSELECT "quote_categories".* FROM "quote_categories" WHERE "quote_categories"."quote_id" IN (?, ?, ?, ?, ?, ?, ?, ?, ?)[0m  [["quote_id", 9], ["quote_id", 8], ["quote_id", 7], ["quote_id", 6], ["quote_id", 5], ["quote_id", 4], ["quote_id", 3], ["quote_id", 2], ["quote_id", 1]]
  ↳ app/views/pages/home.html.erb:25
  [1m[36mCategory Load (0.3ms)[0m  [1m[34mSELECT "categories".* FROM "categories" WHERE "categories"."id" IN (?, ?, ?, ?, ?, ?)[0m  [["id", 1], ["id", 10], ["id", 2], ["id", 5], ["id", 4], ["id", 3]]
  ↳ app/views/pages/home.html.erb:25
  Rendered pages/home.html.erb within layouts/application (Duration: 71.9ms | GC: 0.0ms)
  Rendered layout layouts/application.html.erb (Duration: 83.3ms | GC: 0.0ms)
Completed 200 OK in 95ms (Views: 85.9ms | ActiveRecord: 2.5ms (8 queries, 0 cached) | GC: 0.0ms)


Started GET "/quotes/new" for 127.0.0.1 at 2026-05-23 01:27:08 +0530
Processing by QuotesController#new as HTML
  [1m[36mUser Load (0.2ms)[0m  [1m[34mSELECT "users".* FROM "users" WHERE "users"."id" = ? LIMIT ?[0m  [["id", 1], ["LIMIT", 1]]
  ↳ app/controllers/application_controller.rb:10:in 'ApplicationController#current_user'
  Rendering layout layouts/application.html.erb
  Rendering quotes/new.html.erb within layouts/application
  [1m[36mSource Load (0.4ms)[0m  [1m[34mSELECT "sources".* FROM "sources" ORDER BY "sources"."fname" ASC[0m
  ↳ app/views/quotes/new.html.erb:18
  [1m[36mCategory Load (0.2ms)[0m  [1m[34mSELECT "categories".* FROM "categories" ORDER BY "categories"."catname" ASC[0m
  ↳ app/views/quotes/new.html.erb:36
  Rendered quotes/new.html.erb within layouts/application (Duration: 180.8ms | GC: 0.0ms)
  Rendered layout layouts/application.html.erb (Duration: 213.3ms | GC: 0.0ms)
Completed 200 OK in 327ms (Views: 250.6ms | ActiveRecord: 0.8ms (3 queries, 0 cached) | GC: 0.0ms)


Started POST "/quotes" for 127.0.0.1 at 2026-05-23 01:27:16 +0530
Processing by QuotesController#create as HTML
  Parameters: {"authenticity_token" => "[FILTERED]", "quote" => {"qtext" => "test", "source_id" => "7", "qyear" => "", "qcom" => "", "ispublic" => "true"}, "category_ids" => ["5"], "commit" => "Add Quote"}
  [1m[36mUser Load (0.2ms)[0m  [1m[34mSELECT "users".* FROM "users" WHERE "users"."id" = ? LIMIT ?[0m  [["id", 1], ["LIMIT", 1]]
  ↳ app/controllers/application_controller.rb:10:in 'ApplicationController#current_user'
  [1m[36mTRANSACTION (0.2ms)[0m  [1m[36mBEGIN immediate TRANSACTION[0m
  ↳ app/controllers/quotes_controller.rb:46:in 'QuotesController#create'
  [1m[36mSource Load (9.9ms)[0m  [1m[34mSELECT "sources".* FROM "sources" WHERE "sources"."id" = ? LIMIT ?[0m  [["id", 7], ["LIMIT", 1]]
  ↳ app/controllers/quotes_controller.rb:46:in 'QuotesController#create'
  [1m[36mQuote Create (0.3ms)[0m  [1m[32mINSERT INTO "quotes" ("qtext", "qyear", "qcom", "ispublic", "user_id", "source_id", "created_at", "updated_at") VALUES (?, ?, ?, ?, ?, ?, ?, ?) RETURNING "id"[0m  [["qtext", "test"], ["qyear", ""], ["qcom", ""], ["ispublic", 1], ["user_id", 1], ["source_id", 7], ["created_at", "2026-05-22 19:57:17.239927"], ["updated_at", "2026-05-22 19:57:17.239927"]]
  ↳ app/controllers/quotes_controller.rb:46:in 'QuotesController#create'
  [1m[36mTRANSACTION (3.6ms)[0m  [1m[36mCOMMIT TRANSACTION[0m
  ↳ app/controllers/quotes_controller.rb:46:in 'QuotesController#create'
  [1m[36mCategory Load (0.2ms)[0m  [1m[34mSELECT "categories".* FROM "categories" WHERE "categories"."id" = ? LIMIT ?[0m  [["id", 5], ["LIMIT", 1]]
  ↳ app/controllers/quotes_controller.rb:112:in 'block in QuotesController#assign_categories'
  [1m[36mTRANSACTION (0.1ms)[0m  [1m[36mBEGIN immediate TRANSACTION[0m
  ↳ app/controllers/quotes_controller.rb:113:in 'block in QuotesController#assign_categories'
  [1m[36mQuoteCategory Create (5.8ms)[0m  [1m[32mINSERT INTO "quote_categories" ("quote_id", "category_id", "created_at", "updated_at") VALUES (?, ?, ?, ?) RETURNING "id"[0m  [["quote_id", 11], ["category_id", 5], ["created_at", "2026-05-22 19:57:17.262335"], ["updated_at", "2026-05-22 19:57:17.262335"]]
  ↳ app/controllers/quotes_controller.rb:113:in 'block in QuotesController#assign_categories'
  [1m[36mTRANSACTION (0.4ms)[0m  [1m[36mCOMMIT TRANSACTION[0m
  ↳ app/controllers/quotes_controller.rb:113:in 'block in QuotesController#assign_categories'
Redirected to http://127.0.0.1:4000/quotes/11
Completed 302 Found in 77ms (ActiveRecord: 20.6ms (5 queries, 0 cached) | GC: 0.0ms)


Started GET "/quotes/11" for 127.0.0.1 at 2026-05-23 01:27:17 +0530
Processing by QuotesController#show as HTML
  Parameters: {"id" => "11"}
  [1m[36mQuote Load (0.3ms)[0m  [1m[34mSELECT "quotes".* FROM "quotes" WHERE "quotes"."id" = ? LIMIT ?[0m  [["id", 11], ["LIMIT", 1]]
  ↳ app/controllers/quotes_controller.rb:95:in 'QuotesController#set_quote'
  Rendering layout layouts/application.html.erb
  Rendering quotes/show.html.erb within layouts/application
  [1m[36mSource Load (0.2ms)[0m  [1m[34mSELECT "sources".* FROM "sources" WHERE "sources"."id" = ? LIMIT ?[0m  [["id", 7], ["LIMIT", 1]]
  ↳ app/views/quotes/show.html.erb:7
  [1m[36mUser Load (0.3ms)[0m  [1m[34mSELECT "users".* FROM "users" WHERE "users"."id" = ? LIMIT ?[0m  [["id", 1], ["LIMIT", 1]]
  ↳ app/views/quotes/show.html.erb:18
  [1m[36mCategory Load (0.3ms)[0m  [1m[34mSELECT "categories".* FROM "categories" INNER JOIN "quote_categories" ON "categories"."id" = "quote_categories"."category_id" WHERE "quote_categories"."quote_id" = ?[0m  [["quote_id", 11]]
  ↳ app/views/quotes/show.html.erb:29
  [1m[36mCACHE User Load (0.0ms)[0m  [1m[34mSELECT "users".* FROM "users" WHERE "users"."id" = ? LIMIT ?[0m  [["id", 1], ["LIMIT", 1]]
  ↳ app/controllers/application_controller.rb:10:in 'ApplicationController#current_user'
  Rendered quotes/show.html.erb within layouts/application (Duration: 52.5ms | GC: 0.0ms)
  Rendered layout layouts/application.html.erb (Duration: 70.8ms | GC: 0.0ms)
Completed 200 OK in 93ms (Views: 73.9ms | ActiveRecord: 1.0ms (5 queries, 1 cached) | GC: 0.0ms)


Started GET "/quotes/11" for 127.0.0.1 at 2026-05-23 01:27:19 +0530
Processing by QuotesController#show as HTML
  Parameters: {"id" => "11"}
  [1m[36mQuote Load (0.2ms)[0m  [1m[34mSELECT "quotes".* FROM "quotes" WHERE "quotes"."id" = ? LIMIT ?[0m  [["id", 11], ["LIMIT", 1]]
  ↳ app/controllers/quotes_controller.rb:95:in 'QuotesController#set_quote'
  Rendering layout layouts/application.html.erb
  Rendering quotes/show.html.erb within layouts/application
  [1m[36mSource Load (0.2ms)[0m  [1m[34mSELECT "sources".* FROM "sources" WHERE "sources"."id" = ? LIMIT ?[0m  [["id", 7], ["LIMIT", 1]]
  ↳ app/views/quotes/show.html.erb:7
  [1m[36mUser Load (0.2ms)[0m  [1m[34mSELECT "users".* FROM "users" WHERE "users"."id" = ? LIMIT ?[0m  [["id", 1], ["LIMIT", 1]]
  ↳ app/views/quotes/show.html.erb:18
  [1m[36mCategory Load (0.1ms)[0m  [1m[34mSELECT "categories".* FROM "categories" INNER JOIN "quote_categories" ON "categories"."id" = "quote_categories"."category_id" WHERE "quote_categories"."quote_id" = ?[0m  [["quote_id", 11]]
  ↳ app/views/quotes/show.html.erb:29
  [1m[36mCACHE User Load (0.0ms)[0m  [1m[34mSELECT "users".* FROM "users" WHERE "users"."id" = ? LIMIT ?[0m  [["id", 1], ["LIMIT", 1]]
  ↳ app/controllers/application_controller.rb:10:in 'ApplicationController#current_user'
  Rendered quotes/show.html.erb within layouts/application (Duration: 26.8ms | GC: 0.0ms)
  Rendered layout layouts/application.html.erb (Duration: 42.0ms | GC: 0.0ms)
Completed 200 OK in 61ms (Views: 45.8ms | ActiveRecord: 0.8ms (5 queries, 1 cached) | GC: 0.0ms)


Started GET "/quotes/11" for 127.0.0.1 at 2026-05-23 01:27:22 +0530
Processing by QuotesController#show as HTML
  Parameters: {"id" => "11"}
  [1m[36mQuote Load (0.2ms)[0m  [1m[34mSELECT "quotes".* FROM "quotes" WHERE "quotes"."id" = ? LIMIT ?[0m  [["id", 11], ["LIMIT", 1]]
  ↳ app/controllers/quotes_controller.rb:95:in 'QuotesController#set_quote'
  Rendering layout layouts/application.html.erb
  Rendering quotes/show.html.erb within layouts/application
  [1m[36mSource Load (0.2ms)[0m  [1m[34mSELECT "sources".* FROM "sources" WHERE "sources"."id" = ? LIMIT ?[0m  [["id", 7], ["LIMIT", 1]]
  ↳ app/views/quotes/show.html.erb:7
  [1m[36mUser Load (0.3ms)[0m  [1m[34mSELECT "users".* FROM "users" WHERE "users"."id" = ? LIMIT ?[0m  [["id", 1], ["LIMIT", 1]]
  ↳ app/views/quotes/show.html.erb:18
  [1m[36mCategory Load (0.2ms)[0m  [1m[34mSELECT "categories".* FROM "categories" INNER JOIN "quote_categories" ON "categories"."id" = "quote_categories"."category_id" WHERE "quote_categories"."quote_id" = ?[0m  [["quote_id", 11]]
  ↳ app/views/quotes/show.html.erb:29
  [1m[36mCACHE User Load (0.0ms)[0m  [1m[34mSELECT "users".* FROM "users" WHERE "users"."id" = ? LIMIT ?[0m  [["id", 1], ["LIMIT", 1]]
  ↳ app/controllers/application_controller.rb:10:in 'ApplicationController#current_user'
  Rendered quotes/show.html.erb within layouts/application (Duration: 26.6ms | GC: 0.0ms)
  Rendered layout layouts/application.html.erb (Duration: 41.5ms | GC: 0.0ms)
Completed 200 OK in 57ms (Views: 41.9ms | ActiveRecord: 0.8ms (5 queries, 1 cached) | GC: 0.0ms)


Started GET "/quotes/11" for 127.0.0.1 at 2026-05-23 01:27:24 +0530
Processing by QuotesController#show as HTML
  Parameters: {"id" => "11"}
  [1m[36mQuote Load (0.2ms)[0m  [1m[34mSELECT "quotes".* FROM "quotes" WHERE "quotes"."id" = ? LIMIT ?[0m  [["id", 11], ["LIMIT", 1]]
  ↳ app/controllers/quotes_controller.rb:95:in 'QuotesController#set_quote'
  Rendering layout layouts/application.html.erb
  Rendering quotes/show.html.erb within layouts/application
  [1m[36mSource Load (0.2ms)[0m  [1m[34mSELECT "sources".* FROM "sources" WHERE "sources"."id" = ? LIMIT ?[0m  [["id", 7], ["LIMIT", 1]]
  ↳ app/views/quotes/show.html.erb:7
  [1m[36mUser Load (0.3ms)[0m  [1m[34mSELECT "users".* FROM "users" WHERE "users"."id" = ? LIMIT ?[0m  [["id", 1], ["LIMIT", 1]]
  ↳ app/views/quotes/show.html.erb:18
  [1m[36mCategory Load (0.2ms)[0m  [1m[34mSELECT "categories".* FROM "categories" INNER JOIN "quote_categories" ON "categories"."id" = "quote_categories"."category_id" WHERE "quote_categories"."quote_id" = ?[0m  [["quote_id", 11]]
  ↳ app/views/quotes/show.html.erb:29
  [1m[36mCACHE User Load (0.0ms)[0m  [1m[34mSELECT "users".* FROM "users" WHERE "users"."id" = ? LIMIT ?[0m  [["id", 1], ["LIMIT", 1]]
  ↳ app/controllers/application_controller.rb:10:in 'ApplicationController#current_user'
  Rendered quotes/show.html.erb within layouts/application (Duration: 29.5ms | GC: 0.0ms)
  Rendered layout layouts/application.html.erb (Duration: 41.7ms | GC: 0.0ms)
Completed 200 OK in 53ms (Views: 42.6ms | ActiveRecord: 0.9ms (5 queries, 1 cached) | GC: 0.0ms)


Started GET "/quotes/11" for 127.0.0.1 at 2026-05-23 01:27:24 +0530
Started GET "/quotes/11" for 127.0.0.1 at 2026-05-23 01:27:25 +0530
Processing by QuotesController#show as HTML
  Parameters: {"id" => "11"}
  [1m[36mQuote Load (0.2ms)[0m  [1m[34mSELECT "quotes".* FROM "quotes" WHERE "quotes"."id" = ? LIMIT ?[0m  [["id", 11], ["LIMIT", 1]]
  ↳ app/controllers/quotes_controller.rb:95:in 'QuotesController#set_quote'
  Rendering layout layouts/application.html.erb
  Rendering quotes/show.html.erb within layouts/application
  [1m[36mSource Load (0.2ms)[0m  [1m[34mSELECT "sources".* FROM "sources" WHERE "sources"."id" = ? LIMIT ?[0m  [["id", 7], ["LIMIT", 1]]
  ↳ app/views/quotes/show.html.erb:7
  [1m[36mUser Load (0.2ms)[0m  [1m[34mSELECT "users".* FROM "users" WHERE "users"."id" = ? LIMIT ?[0m  [["id", 1], ["LIMIT", 1]]
  ↳ app/views/quotes/show.html.erb:18
  [1m[36mCategory Load (0.2ms)[0m  [1m[34mSELECT "categories".* FROM "categories" INNER JOIN "quote_categories" ON "categories"."id" = "quote_categories"."category_id" WHERE "quote_categories"."quote_id" = ?[0m  [["quote_id", 11]]
  ↳ app/views/quotes/show.html.erb:29
  [1m[36mCACHE User Load (0.0ms)[0m  [1m[34mSELECT "users".* FROM "users" WHERE "users"."id" = ? LIMIT ?[0m  [["id", 1], ["LIMIT", 1]]
  ↳ app/controllers/application_controller.rb:10:in 'ApplicationController#current_user'
  Rendered quotes/show.html.erb within layouts/application (Duration: 20.9ms | GC: 0.0ms)
  Rendered layout layouts/application.html.erb (Duration: 50.9ms | GC: 0.0ms)
Completed 200 OK in 62ms (Views: 51.2ms | ActiveRecord: 0.8ms (5 queries, 1 cached) | GC: 0.0ms)


Started GET "/quotes/11" for 127.0.0.1 at 2026-05-23 01:27:25 +0530
Processing by QuotesController#show as HTML
  Parameters: {"id" => "11"}
  [1m[36mQuote Load (0.2ms)[0m  [1m[34mSELECT "quotes".* FROM "quotes" WHERE "quotes"."id" = ? LIMIT ?[0m  [["id", 11], ["LIMIT", 1]]
  ↳ app/controllers/quotes_controller.rb:95:in 'QuotesController#set_quote'
  Rendering layout layouts/application.html.erb
  Rendering quotes/show.html.erb within layouts/application
  [1m[36mSource Load (0.2ms)[0m  [1m[34mSELECT "sources".* FROM "sources" WHERE "sources"."id" = ? LIMIT ?[0m  [["id", 7], ["LIMIT", 1]]
  ↳ app/views/quotes/show.html.erb:7
  [1m[36mUser Load (0.2ms)[0m  [1m[34mSELECT "users".* FROM "users" WHERE "users"."id" = ? LIMIT ?[0m  [["id", 1], ["LIMIT", 1]]
  ↳ app/views/quotes/show.html.erb:18
  [1m[36mCategory Load (0.1ms)[0m  [1m[34mSELECT "categories".* FROM "categories" INNER JOIN "quote_categories" ON "categories"."id" = "quote_categories"."category_id" WHERE "quote_categories"."quote_id" = ?[0m  [["quote_id", 11]]
  ↳ app/views/quotes/show.html.erb:29
  [1m[36mCACHE User Load (0.0ms)[0m  [1m[34mSELECT "users".* FROM "users" WHERE "users"."id" = ? LIMIT ?[0m  [["id", 1], ["LIMIT", 1]]
  ↳ app/controllers/application_controller.rb:10:in 'ApplicationController#current_user'
  Rendered quotes/show.html.erb within layouts/application (Duration: 30.1ms | GC: 0.0ms)
  Rendered layout layouts/application.html.erb (Duration: 54.3ms | GC: 0.0ms)
Completed 200 OK in 76ms (Views: 55.4ms | ActiveRecord: 0.8ms (5 queries, 1 cached) | GC: 0.0ms)


Started GET "/quotes/11" for 127.0.0.1 at 2026-05-23 01:27:25 +0530
Processing by QuotesController#show as HTML
  Parameters: {"id" => "11"}
  [1m[36mQuote Load (0.4ms)[0m  [1m[34mSELECT "quotes".* FROM "quotes" WHERE "quotes"."id" = ? LIMIT ?[0m  [["id", 11], ["LIMIT", 1]]
  ↳ app/controllers/quotes_controller.rb:95:in 'QuotesController#set_quote'
  Rendering layout layouts/application.html.erb
  Rendering quotes/show.html.erb within layouts/application
  [1m[36mSource Load (0.9ms)[0m  [1m[34mSELECT "sources".* FROM "sources" WHERE "sources"."id" = ? LIMIT ?[0m  [["id", 7], ["LIMIT", 1]]
  ↳ app/views/quotes/show.html.erb:7
  [1m[36mUser Load (0.3ms)[0m  [1m[34mSELECT "users".* FROM "users" WHERE "users"."id" = ? LIMIT ?[0m  [["id", 1], ["LIMIT", 1]]
  ↳ app/views/quotes/show.html.erb:18
  [1m[36mCategory Load (0.2ms)[0m  [1m[34mSELECT "categories".* FROM "categories" INNER JOIN "quote_categories" ON "categories"."id" = "quote_categories"."category_id" WHERE "quote_categories"."quote_id" = ?[0m  [["quote_id", 11]]
  ↳ app/views/quotes/show.html.erb:29
  [1m[36mCACHE User Load (0.0ms)[0m  [1m[34mSELECT "users".* FROM "users" WHERE "users"."id" = ? LIMIT ?[0m  [["id", 1], ["LIMIT", 1]]
  ↳ app/controllers/application_controller.rb:10:in 'ApplicationController#current_user'
  Rendered quotes/show.html.erb within layouts/application (Duration: 40.3ms | GC: 0.0ms)
  Rendered layout layouts/application.html.erb (Duration: 59.2ms | GC: 0.0ms)
Completed 200 OK in 90ms (Views: 59.0ms | ActiveRecord: 1.7ms (5 queries, 1 cached) | GC: 0.0ms)


Processing by QuotesController#show as HTML
  Parameters: {"id" => "11"}
  [1m[36mQuote Load (0.3ms)[0m  [1m[34mSELECT "quotes".* FROM "quotes" WHERE "quotes"."id" = ? LIMIT ?[0m  [["id", 11], ["LIMIT", 1]]
  ↳ app/controllers/quotes_controller.rb:95:in 'QuotesController#set_quote'
  Rendering layout layouts/application.html.erb
  Rendering quotes/show.html.erb within layouts/application
  [1m[36mSource Load (0.2ms)[0m  [1m[34mSELECT "sources".* FROM "sources" WHERE "sources"."id" = ? LIMIT ?[0m  [["id", 7], ["LIMIT", 1]]
  ↳ app/views/quotes/show.html.erb:7
  [1m[36mUser Load (0.2ms)[0m  [1m[34mSELECT "users".* FROM "users" WHERE "users"."id" = ? LIMIT ?[0m  [["id", 1], ["LIMIT", 1]]
  ↳ app/views/quotes/show.html.erb:18
  [1m[36mCategory Load (0.2ms)[0m  [1m[34mSELECT "categories".* FROM "categories" INNER JOIN "quote_categories" ON "categories"."id" = "quote_categories"."category_id" WHERE "quote_categories"."quote_id" = ?[0m  [["quote_id", 11]]
  ↳ app/views/quotes/show.html.erb:29
  [1m[36mCACHE User Load (0.0ms)[0m  [1m[34mSELECT "users".* FROM "users" WHERE "users"."id" = ? LIMIT ?[0m  [["id", 1], ["LIMIT", 1]]
  ↳ app/controllers/application_controller.rb:10:in 'ApplicationController#current_user'
  Rendered quotes/show.html.erb within layouts/application (Duration: 21.8ms | GC: 0.0ms)
  Rendered layout layouts/application.html.erb (Duration: 33.1ms | GC: 0.0ms)
Completed 200 OK in 46ms (Views: 33.4ms | ActiveRecord: 0.9ms (5 queries, 1 cached) | GC: 0.0ms)


Started GET "/quotes/11" for 127.0.0.1 at 2026-05-23 01:27:27 +0530
Processing by QuotesController#show as HTML
  Parameters: {"id" => "11"}
  [1m[36mQuote Load (0.3ms)[0m  [1m[34mSELECT "quotes".* FROM "quotes" WHERE "quotes"."id" = ? LIMIT ?[0m  [["id", 11], ["LIMIT", 1]]
  ↳ app/controllers/quotes_controller.rb:95:in 'QuotesController#set_quote'
  Rendering layout layouts/application.html.erb
  Rendering quotes/show.html.erb within layouts/application
  [1m[36mSource Load (0.2ms)[0m  [1m[34mSELECT "sources".* FROM "sources" WHERE "sources"."id" = ? LIMIT ?[0m  [["id", 7], ["LIMIT", 1]]
  ↳ app/views/quotes/show.html.erb:7
  [1m[36mUser Load (0.3ms)[0m  [1m[34mSELECT "users".* FROM "users" WHERE "users"."id" = ? LIMIT ?[0m  [["id", 1], ["LIMIT", 1]]
  ↳ app/views/quotes/show.html.erb:18
  [1m[36mCategory Load (0.1ms)[0m  [1m[34mSELECT "categories".* FROM "categories" INNER JOIN "quote_categories" ON "categories"."id" = "quote_categories"."category_id" WHERE "quote_categories"."quote_id" = ?[0m  [["quote_id", 11]]
  ↳ app/views/quotes/show.html.erb:29
  [1m[36mCACHE User Load (0.0ms)[0m  [1m[34mSELECT "users".* FROM "users" WHERE "users"."id" = ? LIMIT ?[0m  [["id", 1], ["LIMIT", 1]]
  ↳ app/controllers/application_controller.rb:10:in 'ApplicationController#current_user'
  Rendered quotes/show.html.erb within layouts/application (Duration: 24.3ms | GC: 0.0ms)
  Rendered layout layouts/application.html.erb (Duration: 37.5ms | GC: 0.0ms)
Completed 200 OK in 50ms (Views: 38.0ms | ActiveRecord: 0.9ms (5 queries, 1 cached) | GC: 0.0ms)


Started GET "/quotes/11" for 127.0.0.1 at 2026-05-23 01:27:29 +0530
Processing by QuotesController#show as HTML
  Parameters: {"id" => "11"}
  [1m[36mQuote Load (0.2ms)[0m  [1m[34mSELECT "quotes".* FROM "quotes" WHERE "quotes"."id" = ? LIMIT ?[0m  [["id", 11], ["LIMIT", 1]]
  ↳ app/controllers/quotes_controller.rb:95:in 'QuotesController#set_quote'
  Rendering layout layouts/application.html.erb
  Rendering quotes/show.html.erb within layouts/application
  [1m[36mSource Load (0.2ms)[0m  [1m[34mSELECT "sources".* FROM "sources" WHERE "sources"."id" = ? LIMIT ?[0m  [["id", 7], ["LIMIT", 1]]
  ↳ app/views/quotes/show.html.erb:7
  [1m[36mUser Load (0.3ms)[0m  [1m[34mSELECT "users".* FROM "users" WHERE "users"."id" = ? LIMIT ?[0m  [["id", 1], ["LIMIT", 1]]
  ↳ app/views/quotes/show.html.erb:18
  [1m[36mCategory Load (0.2ms)[0m  [1m[34mSELECT "categories".* FROM "categories" INNER JOIN "quote_categories" ON "categories"."id" = "quote_categories"."category_id" WHERE "quote_categories"."quote_id" = ?[0m  [["quote_id", 11]]
  ↳ app/views/quotes/show.html.erb:29
  [1m[36mCACHE User Load (0.0ms)[0m  [1m[34mSELECT "users".* FROM "users" WHERE "users"."id" = ? LIMIT ?[0m  [["id", 1], ["LIMIT", 1]]
  ↳ app/controllers/application_controller.rb:10:in 'ApplicationController#current_user'
  Rendered quotes/show.html.erb within layouts/application (Duration: 26.8ms | GC: 0.0ms)
  Rendered layout layouts/application.html.erb (Duration: 38.8ms | GC: 0.0ms)
Completed 200 OK in 52ms (Views: 39.3ms | ActiveRecord: 1.0ms (5 queries, 1 cached) | GC: 0.0ms)


Started GET "/quotes/11" for 127.0.0.1 at 2026-05-23 01:27:30 +0530
Started GET "/quotes/11" for 127.0.0.1 at 2026-05-23 01:27:30 +0530
Processing by QuotesController#show as HTML
  Parameters: {"id" => "11"}
  [1m[36mQuote Load (0.2ms)[0m  [1m[34mSELECT "quotes".* FROM "quotes" WHERE "quotes"."id" = ? LIMIT ?[0m  [["id", 11], ["LIMIT", 1]]
  ↳ app/controllers/quotes_controller.rb:95:in 'QuotesController#set_quote'
  Rendering layout layouts/application.html.erb
  Rendering quotes/show.html.erb within layouts/application
  [1m[36mSource Load (0.2ms)[0m  [1m[34mSELECT "sources".* FROM "sources" WHERE "sources"."id" = ? LIMIT ?[0m  [["id", 7], ["LIMIT", 1]]
  ↳ app/views/quotes/show.html.erb:7
  [1m[36mUser Load (0.7ms)[0m  [1m[34mSELECT "users".* FROM "users" WHERE "users"."id" = ? LIMIT ?[0m  [["id", 1], ["LIMIT", 1]]
  ↳ app/views/quotes/show.html.erb:18
  [1m[36mCategory Load (0.1ms)[0m  [1m[34mSELECT "categories".* FROM "categories" INNER JOIN "quote_categories" ON "categories"."id" = "quote_categories"."category_id" WHERE "quote_categories"."quote_id" = ?[0m  [["quote_id", 11]]
  ↳ app/views/quotes/show.html.erb:29
  [1m[36mCACHE User Load (0.0ms)[0m  [1m[34mSELECT "users".* FROM "users" WHERE "users"."id" = ? LIMIT ?[0m  [["id", 1], ["LIMIT", 1]]
  ↳ app/controllers/application_controller.rb:10:in 'ApplicationController#current_user'
  Rendered quotes/show.html.erb within layouts/application (Duration: 31.9ms | GC: 0.0ms)
  Rendered layout layouts/application.html.erb (Duration: 54.6ms | GC: 0.0ms)
Completed 200 OK in 83ms (Views: 54.9ms | ActiveRecord: 1.3ms (5 queries, 1 cached) | GC: 0.0ms)


Started GET "/quotes/11" for 127.0.0.1 at 2026-05-23 01:27:30 +0530
Processing by QuotesController#show as HTML
  Parameters: {"id" => "11"}
  [1m[36mQuote Load (0.2ms)[0m  [1m[34mSELECT "quotes".* FROM "quotes" WHERE "quotes"."id" = ? LIMIT ?[0m  [["id", 11], ["LIMIT", 1]]
  ↳ app/controllers/quotes_controller.rb:95:in 'QuotesController#set_quote'
  Rendering layout layouts/application.html.erb
  Rendering quotes/show.html.erb within layouts/application
  [1m[36mSource Load (0.2ms)[0m  [1m[34mSELECT "sources".* FROM "sources" WHERE "sources"."id" = ? LIMIT ?[0m  [["id", 7], ["LIMIT", 1]]
  ↳ app/views/quotes/show.html.erb:7
  [1m[36mUser Load (0.2ms)[0m  [1m[34mSELECT "users".* FROM "users" WHERE "users"."id" = ? LIMIT ?[0m  [["id", 1], ["LIMIT", 1]]
  ↳ app/views/quotes/show.html.erb:18
  [1m[36mCategory Load (0.1ms)[0m  [1m[34mSELECT "categories".* FROM "categories" INNER JOIN "quote_categories" ON "categories"."id" = "quote_categories"."category_id" WHERE "quote_categories"."quote_id" = ?[0m  [["quote_id", 11]]
  ↳ app/views/quotes/show.html.erb:29
  [1m[36mCACHE User Load (0.0ms)[0m  [1m[34mSELECT "users".* FROM "users" WHERE "users"."id" = ? LIMIT ?[0m  [["id", 1], ["LIMIT", 1]]
  ↳ app/controllers/application_controller.rb:10:in 'ApplicationController#current_user'
  Rendered quotes/show.html.erb within layouts/application (Duration: 43.8ms | GC: 0.0ms)
  Rendered layout layouts/application.html.erb (Duration: 78.5ms | GC: 0.0ms)
Completed 200 OK in 93ms (Views: 81.2ms | ActiveRecord: 0.8ms (5 queries, 1 cached) | GC: 0.0ms)


Processing by QuotesController#show as HTML
  Parameters: {"id" => "11"}
  [1m[36mQuote Load (0.2ms)[0m  [1m[34mSELECT "quotes".* FROM "quotes" WHERE "quotes"."id" = ? LIMIT ?[0m  [["id", 11], ["LIMIT", 1]]
  ↳ app/controllers/quotes_controller.rb:95:in 'QuotesController#set_quote'
  Rendering layout layouts/application.html.erb
  Rendering quotes/show.html.erb within layouts/application
  [1m[36mSource Load (0.2ms)[0m  [1m[34mSELECT "sources".* FROM "sources" WHERE "sources"."id" = ? LIMIT ?[0m  [["id", 7], ["LIMIT", 1]]
  ↳ app/views/quotes/show.html.erb:7
  [1m[36mUser Load (0.2ms)[0m  [1m[34mSELECT "users".* FROM "users" WHERE "users"."id" = ? LIMIT ?[0m  [["id", 1], ["LIMIT", 1]]
  ↳ app/views/quotes/show.html.erb:18
  [1m[36mCategory Load (0.1ms)[0m  [1m[34mSELECT "categories".* FROM "categories" INNER JOIN "quote_categories" ON "categories"."id" = "quote_categories"."category_id" WHERE "quote_categories"."quote_id" = ?[0m  [["quote_id", 11]]
  ↳ app/views/quotes/show.html.erb:29
  [1m[36mCACHE User Load (0.0ms)[0m  [1m[34mSELECT "users".* FROM "users" WHERE "users"."id" = ? LIMIT ?[0m  [["id", 1], ["LIMIT", 1]]
  ↳ app/controllers/application_controller.rb:10:in 'ApplicationController#current_user'
  Rendered quotes/show.html.erb within layouts/application (Duration: 31.1ms | GC: 0.0ms)
  Rendered layout layouts/application.html.erb (Duration: 46.1ms | GC: 0.0ms)
Completed 200 OK in 60ms (Views: 46.8ms | ActiveRecord: 0.7ms (5 queries, 1 cached) | GC: 0.0ms)


Started DELETE "/logout" for 127.0.0.1 at 2026-05-23 01:27:38 +0530
Processing by SessionsController#destroy as HTML
  Parameters: {"authenticity_token" => "[FILTERED]"}
Redirected to http://127.0.0.1:4000/
Completed 302 Found in 7ms (ActiveRecord: 0.0ms (0 queries, 0 cached) | GC: 0.0ms)


Started GET "/" for 127.0.0.1 at 2026-05-23 01:27:38 +0530
Processing by PagesController#home as HTML
  Rendering layout layouts/application.html.erb
  Rendering pages/home.html.erb within layouts/application
  [1m[36mCategory Load (0.4ms)[0m  [1m[34mSELECT "categories".* FROM "categories" ORDER BY "categories"."catname" ASC[0m
  ↳ app/views/pages/home.html.erb:16
  [1m[36mQuote Exists? (0.4ms)[0m  [1m[34mSELECT 1 AS one FROM "quotes" WHERE "quotes"."ispublic" = ? LIMIT ?[0m  [["ispublic", 1], ["LIMIT", 1]]
  ↳ app/views/pages/home.html.erb:24
  [1m[36mQuote Load (0.4ms)[0m  [1m[34mSELECT "quotes".* FROM "quotes" WHERE "quotes"."ispublic" = ? ORDER BY "quotes"."created_at" DESC LIMIT ?[0m  [["ispublic", 1], ["LIMIT", 10]]
  ↳ app/views/pages/home.html.erb:25
  [1m[36mUser Load (0.4ms)[0m  [1m[34mSELECT "users".* FROM "users" WHERE "users"."id" IN (?, ?)[0m  [["id", 1], ["id", 2]]
  ↳ app/views/pages/home.html.erb:25
  [1m[36mSource Load (0.4ms)[0m  [1m[34mSELECT "sources".* FROM "sources" WHERE "sources"."id" IN (?, ?, ?, ?, ?, ?, ?)[0m  [["id", 7], ["id", 3], ["id", 4], ["id", 6], ["id", 5], ["id", 2], ["id", 1]]
  ↳ app/views/pages/home.html.erb:25
  [1m[36mQuoteCategory Load (0.6ms)[0m  [1m[34mSELECT "quote_categories".* FROM "quote_categories" WHERE "quote_categories"."quote_id" IN (?, ?, ?, ?, ?, ?, ?, ?, ?, ?)[0m  [["quote_id", 11], ["quote_id", 9], ["quote_id", 8], ["quote_id", 7], ["quote_id", 6], ["quote_id", 5], ["quote_id", 4], ["quote_id", 3], ["quote_id", 2], ["quote_id", 1]]
  ↳ app/views/pages/home.html.erb:25
  [1m[36mCategory Load (0.3ms)[0m  [1m[34mSELECT "categories".* FROM "categories" WHERE "categories"."id" IN (?, ?, ?, ?, ?, ?)[0m  [["id", 1], ["id", 10], ["id", 2], ["id", 5], ["id", 4], ["id", 3]]
  ↳ app/views/pages/home.html.erb:25
  Rendered pages/home.html.erb within layouts/application (Duration: 67.6ms | GC: 0.0ms)
  Rendered layout layouts/application.html.erb (Duration: 79.4ms | GC: 0.0ms)
Completed 200 OK in 87ms (Views: 78.7ms | ActiveRecord: 2.7ms (7 queries, 0 cached) | GC: 0.0ms)


Started GET "/login" for 127.0.0.1 at 2026-05-23 01:27:40 +0530
Processing by SessionsController#new as HTML
  Rendering layout layouts/application.html.erb
  Rendering sessions/new.html.erb within layouts/application
  Rendered sessions/new.html.erb within layouts/application (Duration: 4.2ms | GC: 0.0ms)
  Rendered layout layouts/application.html.erb (Duration: 19.1ms | GC: 0.0ms)
Completed 200 OK in 28ms (Views: 20.3ms | ActiveRecord: 0.0ms (0 queries, 0 cached) | GC: 0.0ms)


Started GET "/" for 127.0.0.1 at 2026-05-23 01:30:33 +0530
Processing by PagesController#home as HTML
  Rendering layout layouts/application.html.erb
  Rendering pages/home.html.erb within layouts/application
  [1m[36mCategory Load (0.2ms)[0m  [1m[34mSELECT "categories".* FROM "categories" ORDER BY "categories"."catname" ASC[0m
  ↳ app/views/pages/home.html.erb:16
  [1m[36mQuote Exists? (0.5ms)[0m  [1m[34mSELECT 1 AS one FROM "quotes" WHERE "quotes"."ispublic" = ? LIMIT ?[0m  [["ispublic", 1], ["LIMIT", 1]]
  ↳ app/views/pages/home.html.erb:24
  [1m[36mQuote Load (0.3ms)[0m  [1m[34mSELECT "quotes".* FROM "quotes" WHERE "quotes"."ispublic" = ? ORDER BY "quotes"."created_at" DESC LIMIT ?[0m  [["ispublic", 1], ["LIMIT", 10]]
  ↳ app/views/pages/home.html.erb:25
  [1m[36mUser Load (0.4ms)[0m  [1m[34mSELECT "users".* FROM "users" WHERE "users"."id" IN (?, ?)[0m  [["id", 1], ["id", 2]]
  ↳ app/views/pages/home.html.erb:25
  [1m[36mSource Load (0.3ms)[0m  [1m[34mSELECT "sources".* FROM "sources" WHERE "sources"."id" IN (?, ?, ?, ?, ?, ?, ?)[0m  [["id", 7], ["id", 3], ["id", 4], ["id", 6], ["id", 5], ["id", 2], ["id", 1]]
  ↳ app/views/pages/home.html.erb:25
  [1m[36mQuoteCategory Load (0.4ms)[0m  [1m[34mSELECT "quote_categories".* FROM "quote_categories" WHERE "quote_categories"."quote_id" IN (?, ?, ?, ?, ?, ?, ?, ?, ?, ?)[0m  [["quote_id", 11], ["quote_id", 9], ["quote_id", 8], ["quote_id", 7], ["quote_id", 6], ["quote_id", 5], ["quote_id", 4], ["quote_id", 3], ["quote_id", 2], ["quote_id", 1]]
  ↳ app/views/pages/home.html.erb:25
  [1m[36mCategory Load (0.3ms)[0m  [1m[34mSELECT "categories".* FROM "categories" WHERE "categories"."id" IN (?, ?, ?, ?, ?, ?)[0m  [["id", 1], ["id", 10], ["id", 2], ["id", 5], ["id", 4], ["id", 3]]
  ↳ app/views/pages/home.html.erb:25
  Rendered pages/home.html.erb within layouts/application (Duration: 58.2ms | GC: 0.0ms)
  Rendered layout layouts/application.html.erb (Duration: 71.0ms | GC: 0.0ms)
Completed 200 OK in 76ms (Views: 70.4ms | ActiveRecord: 2.1ms (7 queries, 0 cached) | GC: 0.0ms)


Started GET "/login" for 127.0.0.1 at 2026-05-23 01:30:35 +0530
Processing by SessionsController#new as HTML
  Rendering layout layouts/application.html.erb
  Rendering sessions/new.html.erb within layouts/application
  Rendered sessions/new.html.erb within layouts/application (Duration: 1.8ms | GC: 0.0ms)
  Rendered layout layouts/application.html.erb (Duration: 14.8ms | GC: 0.0ms)
Completed 200 OK in 27ms (Views: 21.7ms | ActiveRecord: 0.0ms (0 queries, 0 cached) | GC: 0.0ms)


Started POST "/login" for 127.0.0.1 at 2026-05-23 01:30:43 +0530
Processing by SessionsController#create as HTML
  Parameters: {"authenticity_token" => "[FILTERED]", "email" => "admin@myquotes.com", "password" => "[FILTERED]", "commit" => "Log In"}
  [1m[36mUser Load (0.2ms)[0m  [1m[34mSELECT "users".* FROM "users" WHERE "users"."email" = ? LIMIT ?[0m  [["email", "admin@myquotes.com"], ["LIMIT", 1]]
  ↳ app/controllers/sessions_controller.rb:12:in 'SessionsController#create'
  Rendering layout layouts/application.html.erb
  Rendering sessions/new.html.erb within layouts/application
  Rendered sessions/new.html.erb within layouts/application (Duration: 1.9ms | GC: 0.0ms)
  Rendered layout layouts/application.html.erb (Duration: 11.7ms | GC: 0.0ms)
Completed 422 Unprocessable Content in 401ms (Views: 12.8ms | ActiveRecord: 0.2ms (1 query, 0 cached) | GC: 0.0ms)


Started POST "/login" for 127.0.0.1 at 2026-05-23 01:30:54 +0530
Processing by SessionsController#create as HTML
  Parameters: {"authenticity_token" => "[FILTERED]", "email" => "admin123admin@myquotes.com", "password" => "[FILTERED]", "commit" => "Log In"}
  [1m[36mUser Load (0.2ms)[0m  [1m[34mSELECT "users".* FROM "users" WHERE "users"."email" = ? LIMIT ?[0m  [["email", "admin123admin@myquotes.com"], ["LIMIT", 1]]
  ↳ app/controllers/sessions_controller.rb:12:in 'SessionsController#create'
  Rendering layout layouts/application.html.erb
  Rendering sessions/new.html.erb within layouts/application
  Rendered sessions/new.html.erb within layouts/application (Duration: 1.3ms | GC: 0.0ms)
  Rendered layout layouts/application.html.erb (Duration: 12.8ms | GC: 0.0ms)
Completed 422 Unprocessable Content in 32ms (Views: 17.1ms | ActiveRecord: 0.2ms (1 query, 0 cached) | GC: 0.0ms)


Started POST "/login" for 127.0.0.1 at 2026-05-23 01:31:06 +0530
Processing by SessionsController#create as HTML
  Parameters: {"authenticity_token" => "[FILTERED]", "email" => "admin@myquotes.com", "password" => "[FILTERED]", "commit" => "Log In"}
  [1m[36mUser Load (0.3ms)[0m  [1m[34mSELECT "users".* FROM "users" WHERE "users"."email" = ? LIMIT ?[0m  [["email", "admin@myquotes.com"], ["LIMIT", 1]]
  ↳ app/controllers/sessions_controller.rb:12:in 'SessionsController#create'
  Rendering layout layouts/application.html.erb
  Rendering sessions/new.html.erb within layouts/application
  Rendered sessions/new.html.erb within layouts/application (Duration: 1.7ms | GC: 0.0ms)
  Rendered layout layouts/application.html.erb (Duration: 11.5ms | GC: 0.0ms)
Completed 422 Unprocessable Content in 427ms (Views: 14.9ms | ActiveRecord: 0.3ms (1 query, 0 cached) | GC: 0.0ms)


Started POST "/login" for 127.0.0.1 at 2026-05-23 01:31:21 +0530
Processing by SessionsController#create as HTML
  Parameters: {"authenticity_token" => "[FILTERED]", "email" => "admin@myquotes.com", "password" => "[FILTERED]", "commit" => "Log In"}
  [1m[36mUser Load (0.3ms)[0m  [1m[34mSELECT "users".* FROM "users" WHERE "users"."email" = ? LIMIT ?[0m  [["email", "admin@myquotes.com"], ["LIMIT", 1]]
  ↳ app/controllers/sessions_controller.rb:12:in 'SessionsController#create'
Redirected to http://127.0.0.1:4000/
Completed 302 Found in 444ms (ActiveRecord: 0.3ms (1 query, 0 cached) | GC: 0.0ms)


Started GET "/" for 127.0.0.1 at 2026-05-23 01:31:22 +0530
Processing by PagesController#home as HTML
  Rendering layout layouts/application.html.erb
  Rendering pages/home.html.erb within layouts/application
  [1m[36mUser Load (0.2ms)[0m  [1m[34mSELECT "users".* FROM "users" WHERE "users"."id" = ? LIMIT ?[0m  [["id", 1], ["LIMIT", 1]]
  ↳ app/controllers/application_controller.rb:10:in 'ApplicationController#current_user'
  [1m[36mCategory Load (0.2ms)[0m  [1m[34mSELECT "categories".* FROM "categories" ORDER BY "categories"."catname" ASC[0m
  ↳ app/views/pages/home.html.erb:16
  [1m[36mQuote Exists? (0.3ms)[0m  [1m[34mSELECT 1 AS one FROM "quotes" WHERE "quotes"."ispublic" = ? LIMIT ?[0m  [["ispublic", 1], ["LIMIT", 1]]
  ↳ app/views/pages/home.html.erb:24
  [1m[36mQuote Load (0.4ms)[0m  [1m[34mSELECT "quotes".* FROM "quotes" WHERE "quotes"."ispublic" = ? ORDER BY "quotes"."created_at" DESC LIMIT ?[0m  [["ispublic", 1], ["LIMIT", 10]]
  ↳ app/views/pages/home.html.erb:25
  [1m[36mUser Load (1.3ms)[0m  [1m[34mSELECT "users".* FROM "users" WHERE "users"."id" IN (?, ?)[0m  [["id", 1], ["id", 2]]
  ↳ app/views/pages/home.html.erb:25
  [1m[36mSource Load (1.8ms)[0m  [1m[34mSELECT "sources".* FROM "sources" WHERE "sources"."id" IN (?, ?, ?, ?, ?, ?, ?)[0m  [["id", 7], ["id", 3], ["id", 4], ["id", 6], ["id", 5], ["id", 2], ["id", 1]]
  ↳ app/views/pages/home.html.erb:25
  [1m[36mQuoteCategory Load (0.7ms)[0m  [1m[34mSELECT "quote_categories".* FROM "quote_categories" WHERE "quote_categories"."quote_id" IN (?, ?, ?, ?, ?, ?, ?, ?, ?, ?)[0m  [["quote_id", 11], ["quote_id", 9], ["quote_id", 8], ["quote_id", 7], ["quote_id", 6], ["quote_id", 5], ["quote_id", 4], ["quote_id", 3], ["quote_id", 2], ["quote_id", 1]]
  ↳ app/views/pages/home.html.erb:25
  [1m[36mCategory Load (0.5ms)[0m  [1m[34mSELECT "categories".* FROM "categories" WHERE "categories"."id" IN (?, ?, ?, ?, ?, ?)[0m  [["id", 1], ["id", 10], ["id", 2], ["id", 5], ["id", 4], ["id", 3]]
  ↳ app/views/pages/home.html.erb:25
  Rendered pages/home.html.erb within layouts/application (Duration: 81.4ms | GC: 0.0ms)
  Rendered layout layouts/application.html.erb (Duration: 102.1ms | GC: 0.0ms)
Completed 200 OK in 110ms (Views: 97.9ms | ActiveRecord: 5.1ms (8 queries, 0 cached) | GC: 0.0ms)


Started GET "/" for 127.0.0.1 at 2026-05-23 01:34:11 +0530
Processing by PagesController#home as HTML
  Rendering layout layouts/application.html.erb
  Rendering pages/home.html.erb within layouts/application
  [1m[36mUser Load (0.4ms)[0m  [1m[34mSELECT "users".* FROM "users" WHERE "users"."id" = ? LIMIT ?[0m  [["id", 1], ["LIMIT", 1]]
  ↳ app/controllers/application_controller.rb:10:in 'ApplicationController#current_user'
  [1m[36mCategory Load (0.5ms)[0m  [1m[34mSELECT "categories".* FROM "categories" ORDER BY "categories"."catname" ASC[0m
  ↳ app/views/pages/home.html.erb:16
  [1m[36mQuote Exists? (0.2ms)[0m  [1m[34mSELECT 1 AS one FROM "quotes" WHERE "quotes"."ispublic" = ? LIMIT ?[0m  [["ispublic", 1], ["LIMIT", 1]]
  ↳ app/views/pages/home.html.erb:24
  [1m[36mQuote Load (0.8ms)[0m  [1m[34mSELECT "quotes".* FROM "quotes" WHERE "quotes"."ispublic" = ? ORDER BY "quotes"."created_at" DESC LIMIT ?[0m  [["ispublic", 1], ["LIMIT", 10]]
  ↳ app/views/pages/home.html.erb:25
  [1m[36mUser Load (0.3ms)[0m  [1m[34mSELECT "users".* FROM "users" WHERE "users"."id" IN (?, ?)[0m  [["id", 1], ["id", 2]]
  ↳ app/views/pages/home.html.erb:25
  [1m[36mSource Load (0.3ms)[0m  [1m[34mSELECT "sources".* FROM "sources" WHERE "sources"."id" IN (?, ?, ?, ?, ?, ?, ?)[0m  [["id", 7], ["id", 3], ["id", 4], ["id", 6], ["id", 5], ["id", 2], ["id", 1]]
  ↳ app/views/pages/home.html.erb:25
  [1m[36mQuoteCategory Load (0.4ms)[0m  [1m[34mSELECT "quote_categories".* FROM "quote_categories" WHERE "quote_categories"."quote_id" IN (?, ?, ?, ?, ?, ?, ?, ?, ?, ?)[0m  [["quote_id", 11], ["quote_id", 9], ["quote_id", 8], ["quote_id", 7], ["quote_id", 6], ["quote_id", 5], ["quote_id", 4], ["quote_id", 3], ["quote_id", 2], ["quote_id", 1]]
  ↳ app/views/pages/home.html.erb:25
  [1m[36mCategory Load (0.4ms)[0m  [1m[34mSELECT "categories".* FROM "categories" WHERE "categories"."id" IN (?, ?, ?, ?, ?, ?)[0m  [["id", 1], ["id", 10], ["id", 2], ["id", 5], ["id", 4], ["id", 3]]
  ↳ app/views/pages/home.html.erb:25
  Rendered pages/home.html.erb within layouts/application (Duration: 174.3ms | GC: 0.2ms)
  Rendered layout layouts/application.html.erb (Duration: 203.1ms | GC: 0.2ms)
Completed 200 OK in 487ms (Views: 444.2ms | ActiveRecord: 12.8ms (8 queries, 0 cached) | GC: 0.2ms)


Started GET "/" for 127.0.0.1 at 2026-05-23 01:34:36 +0530
Processing by PagesController#home as HTML
  Rendering layout layouts/application.html.erb
  Rendering pages/home.html.erb within layouts/application
  [1m[36mUser Load (0.3ms)[0m  [1m[34mSELECT "users".* FROM "users" WHERE "users"."id" = ? LIMIT ?[0m  [["id", 1], ["LIMIT", 1]]
  ↳ app/controllers/application_controller.rb:10:in 'ApplicationController#current_user'
  [1m[36mCategory Load (0.2ms)[0m  [1m[34mSELECT "categories".* FROM "categories" ORDER BY "categories"."catname" ASC[0m
  ↳ app/views/pages/home.html.erb:16
  [1m[36mQuote Exists? (0.3ms)[0m  [1m[34mSELECT 1 AS one FROM "quotes" WHERE "quotes"."ispublic" = ? LIMIT ?[0m  [["ispublic", 1], ["LIMIT", 1]]
  ↳ app/views/pages/home.html.erb:24
  [1m[36mQuote Load (0.3ms)[0m  [1m[34mSELECT "quotes".* FROM "quotes" WHERE "quotes"."ispublic" = ? ORDER BY "quotes"."created_at" DESC LIMIT ?[0m  [["ispublic", 1], ["LIMIT", 10]]
  ↳ app/views/pages/home.html.erb:25
  [1m[36mUser Load (0.3ms)[0m  [1m[34mSELECT "users".* FROM "users" WHERE "users"."id" IN (?, ?)[0m  [["id", 1], ["id", 2]]
  ↳ app/views/pages/home.html.erb:25
  [1m[36mSource Load (0.3ms)[0m  [1m[34mSELECT "sources".* FROM "sources" WHERE "sources"."id" IN (?, ?, ?, ?, ?, ?, ?)[0m  [["id", 7], ["id", 3], ["id", 4], ["id", 6], ["id", 5], ["id", 2], ["id", 1]]
  ↳ app/views/pages/home.html.erb:25
  [1m[36mQuoteCategory Load (0.4ms)[0m  [1m[34mSELECT "quote_categories".* FROM "quote_categories" WHERE "quote_categories"."quote_id" IN (?, ?, ?, ?, ?, ?, ?, ?, ?, ?)[0m  [["quote_id", 11], ["quote_id", 9], ["quote_id", 8], ["quote_id", 7], ["quote_id", 6], ["quote_id", 5], ["quote_id", 4], ["quote_id", 3], ["quote_id", 2], ["quote_id", 1]]
  ↳ app/views/pages/home.html.erb:25
  [1m[36mCategory Load (0.3ms)[0m  [1m[34mSELECT "categories".* FROM "categories" WHERE "categories"."id" IN (?, ?, ?, ?, ?, ?)[0m  [["id", 1], ["id", 10], ["id", 2], ["id", 5], ["id", 4], ["id", 3]]
  ↳ app/views/pages/home.html.erb:25
  Rendered pages/home.html.erb within layouts/application (Duration: 91.2ms | GC: 0.0ms)
  Rendered layout layouts/application.html.erb (Duration: 172.7ms | GC: 0.3ms)
Completed 200 OK in 179ms (Views: 171.4ms | ActiveRecord: 2.4ms (8 queries, 0 cached) | GC: 0.3ms)


Started GET "/assets/application-6673033281926e1da76abf46c32811ff016c2cd519b58142ebb50b7129fbbc07.css" for 127.0.0.1 at 2026-05-23 01:34:36 +0530
Started DELETE "/logout" for 127.0.0.1 at 2026-05-23 01:34:41 +0530
Processing by SessionsController#destroy as HTML
  Parameters: {"authenticity_token" => "[FILTERED]"}
Redirected to http://127.0.0.1:4000/
Completed 302 Found in 12ms (ActiveRecord: 0.0ms (0 queries, 0 cached) | GC: 0.0ms)


Started GET "/" for 127.0.0.1 at 2026-05-23 01:34:41 +0530
Processing by PagesController#home as HTML
  Rendering layout layouts/application.html.erb
  Rendering pages/home.html.erb within layouts/application
  [1m[36mCategory Load (0.2ms)[0m  [1m[34mSELECT "categories".* FROM "categories" ORDER BY "categories"."catname" ASC[0m
  ↳ app/views/pages/home.html.erb:16
  [1m[36mQuote Exists? (0.3ms)[0m  [1m[34mSELECT 1 AS one FROM "quotes" WHERE "quotes"."ispublic" = ? LIMIT ?[0m  [["ispublic", 1], ["LIMIT", 1]]
  ↳ app/views/pages/home.html.erb:24
  [1m[36mQuote Load (1.1ms)[0m  [1m[34mSELECT "quotes".* FROM "quotes" WHERE "quotes"."ispublic" = ? ORDER BY "quotes"."created_at" DESC LIMIT ?[0m  [["ispublic", 1], ["LIMIT", 10]]
  ↳ app/views/pages/home.html.erb:25
  [1m[36mUser Load (0.3ms)[0m  [1m[34mSELECT "users".* FROM "users" WHERE "users"."id" IN (?, ?)[0m  [["id", 1], ["id", 2]]
  ↳ app/views/pages/home.html.erb:25
  [1m[36mSource Load (0.4ms)[0m  [1m[34mSELECT "sources".* FROM "sources" WHERE "sources"."id" IN (?, ?, ?, ?, ?, ?, ?)[0m  [["id", 7], ["id", 3], ["id", 4], ["id", 6], ["id", 5], ["id", 2], ["id", 1]]
  ↳ app/views/pages/home.html.erb:25
  [1m[36mQuoteCategory Load (0.7ms)[0m  [1m[34mSELECT "quote_categories".* FROM "quote_categories" WHERE "quote_categories"."quote_id" IN (?, ?, ?, ?, ?, ?, ?, ?, ?, ?)[0m  [["quote_id", 11], ["quote_id", 9], ["quote_id", 8], ["quote_id", 7], ["quote_id", 6], ["quote_id", 5], ["quote_id", 4], ["quote_id", 3], ["quote_id", 2], ["quote_id", 1]]
  ↳ app/views/pages/home.html.erb:25
  [1m[36mCategory Load (0.5ms)[0m  [1m[34mSELECT "categories".* FROM "categories" WHERE "categories"."id" IN (?, ?, ?, ?, ?, ?)[0m  [["id", 1], ["id", 10], ["id", 2], ["id", 5], ["id", 4], ["id", 3]]
  ↳ app/views/pages/home.html.erb:25
  Rendered pages/home.html.erb within layouts/application (Duration: 80.1ms | GC: 0.0ms)
  Rendered layout layouts/application.html.erb (Duration: 103.6ms | GC: 0.0ms)
Completed 200 OK in 111ms (Views: 102.3ms | ActiveRecord: 3.4ms (7 queries, 0 cached) | GC: 0.0ms)


Started GET "/quotes/11" for 127.0.0.1 at 2026-05-23 01:35:09 +0530
Processing by QuotesController#show as HTML
  Parameters: {"id" => "11"}
  [1m[36mQuote Load (0.3ms)[0m  [1m[34mSELECT "quotes".* FROM "quotes" WHERE "quotes"."id" = ? LIMIT ?[0m  [["id", 11], ["LIMIT", 1]]
  ↳ app/controllers/quotes_controller.rb:95:in 'QuotesController#set_quote'
  Rendering layout layouts/application.html.erb
  Rendering quotes/show.html.erb within layouts/application
  [1m[36mSource Load (0.5ms)[0m  [1m[34mSELECT "sources".* FROM "sources" WHERE "sources"."id" = ? LIMIT ?[0m  [["id", 7], ["LIMIT", 1]]
  ↳ app/views/quotes/show.html.erb:7
  [1m[36mUser Load (0.4ms)[0m  [1m[34mSELECT "users".* FROM "users" WHERE "users"."id" = ? LIMIT ?[0m  [["id", 1], ["LIMIT", 1]]
  ↳ app/views/quotes/show.html.erb:18
  [1m[36mCategory Load (0.3ms)[0m  [1m[34mSELECT "categories".* FROM "categories" INNER JOIN "quote_categories" ON "categories"."id" = "quote_categories"."category_id" WHERE "quote_categories"."quote_id" = ?[0m  [["quote_id", 11]]
  ↳ app/views/quotes/show.html.erb:29
  Rendered quotes/show.html.erb within layouts/application (Duration: 28.5ms | GC: 0.0ms)
  Rendered layout layouts/application.html.erb (Duration: 35.7ms | GC: 0.0ms)
Completed 200 OK in 59ms (Views: 46.4ms | ActiveRecord: 1.4ms (4 queries, 0 cached) | GC: 0.0ms)


Started GET "/quotes/11" for 127.0.0.1 at 2026-05-23 01:37:19 +0530
Processing by QuotesController#show as HTML
  Parameters: {"id" => "11"}
  [1m[36mQuote Load (0.3ms)[0m  [1m[34mSELECT "quotes".* FROM "quotes" WHERE "quotes"."id" = ? LIMIT ?[0m  [["id", 11], ["LIMIT", 1]]
  ↳ app/controllers/quotes_controller.rb:95:in 'QuotesController#set_quote'
  Rendering layout layouts/application.html.erb
  Rendering quotes/show.html.erb within layouts/application
  [1m[36mSource Load (0.3ms)[0m  [1m[34mSELECT "sources".* FROM "sources" WHERE "sources"."id" = ? LIMIT ?[0m  [["id", 7], ["LIMIT", 1]]
  ↳ app/views/quotes/show.html.erb:14
  [1m[36mUser Load (0.4ms)[0m  [1m[34mSELECT "users".* FROM "users" WHERE "users"."id" = ? LIMIT ?[0m  [["id", 1], ["LIMIT", 1]]
  ↳ app/views/quotes/show.html.erb:48
  [1m[36mCategory Load (0.1ms)[0m  [1m[34mSELECT "categories".* FROM "categories" INNER JOIN "quote_categories" ON "categories"."id" = "quote_categories"."category_id" WHERE "quote_categories"."quote_id" = ?[0m  [["quote_id", 11]]
  ↳ app/views/quotes/show.html.erb:72
  Rendered quotes/show.html.erb within layouts/application (Duration: 59.0ms | GC: 0.2ms)
  Rendered layout layouts/application.html.erb (Duration: 68.8ms | GC: 0.2ms)
Completed 200 OK in 229ms (Views: 78.8ms | ActiveRecord: 5.8ms (4 queries, 0 cached) | GC: 0.2ms)


Started GET "/" for 127.0.0.1 at 2026-05-23 01:38:57 +0530
Processing by PagesController#home as HTML
  Rendering layout layouts/application.html.erb
  Rendering pages/home.html.erb within layouts/application
  [1m[36mCategory Load (0.4ms)[0m  [1m[34mSELECT "categories".* FROM "categories" ORDER BY "categories"."catname" ASC[0m
  ↳ app/views/pages/home.html.erb:16
  [1m[36mQuote Exists? (0.4ms)[0m  [1m[34mSELECT 1 AS one FROM "quotes" WHERE "quotes"."ispublic" = ? LIMIT ?[0m  [["ispublic", 1], ["LIMIT", 1]]
  ↳ app/views/pages/home.html.erb:24
  [1m[36mQuote Load (0.7ms)[0m  [1m[34mSELECT "quotes".* FROM "quotes" WHERE "quotes"."ispublic" = ? ORDER BY "quotes"."created_at" DESC LIMIT ?[0m  [["ispublic", 1], ["LIMIT", 10]]
  ↳ app/views/pages/home.html.erb:25
  [1m[36mUser Load (0.6ms)[0m  [1m[34mSELECT "users".* FROM "users" WHERE "users"."id" IN (?, ?)[0m  [["id", 1], ["id", 2]]
  ↳ app/views/pages/home.html.erb:25
  [1m[36mSource Load (0.5ms)[0m  [1m[34mSELECT "sources".* FROM "sources" WHERE "sources"."id" IN (?, ?, ?, ?, ?, ?, ?)[0m  [["id", 7], ["id", 3], ["id", 4], ["id", 6], ["id", 5], ["id", 2], ["id", 1]]
  ↳ app/views/pages/home.html.erb:25
  [1m[36mQuoteCategory Load (0.6ms)[0m  [1m[34mSELECT "quote_categories".* FROM "quote_categories" WHERE "quote_categories"."quote_id" IN (?, ?, ?, ?, ?, ?, ?, ?, ?, ?)[0m  [["quote_id", 11], ["quote_id", 9], ["quote_id", 8], ["quote_id", 7], ["quote_id", 6], ["quote_id", 5], ["quote_id", 4], ["quote_id", 3], ["quote_id", 2], ["quote_id", 1]]
  ↳ app/views/pages/home.html.erb:25
  [1m[36mCategory Load (0.6ms)[0m  [1m[34mSELECT "categories".* FROM "categories" WHERE "categories"."id" IN (?, ?, ?, ?, ?, ?)[0m  [["id", 1], ["id", 10], ["id", 2], ["id", 5], ["id", 4], ["id", 3]]
  ↳ app/views/pages/home.html.erb:25
  Rendered pages/home.html.erb within layouts/application (Duration: 106.1ms | GC: 0.0ms)
  Rendered layout layouts/application.html.erb (Duration: 137.9ms | GC: 0.0ms)
Completed 200 OK in 177ms (Views: 154.1ms | ActiveRecord: 4.4ms (7 queries, 0 cached) | GC: 0.0ms)


Started GET "/login" for 127.0.0.1 at 2026-05-23 01:39:07 +0530
Processing by SessionsController#new as HTML
  Rendering layout layouts/application.html.erb
  Rendering sessions/new.html.erb within layouts/application
  Rendered sessions/new.html.erb within layouts/application (Duration: 3.1ms | GC: 0.0ms)
  Rendered layout layouts/application.html.erb (Duration: 15.4ms | GC: 0.0ms)
Completed 200 OK in 37ms (Views: 23.8ms | ActiveRecord: 0.0ms (0 queries, 0 cached) | GC: 0.0ms)


Started GET "/" for 127.0.0.1 at 2026-05-23 01:39:15 +0530
Processing by PagesController#home as HTML
  Rendering layout layouts/application.html.erb
  Rendering pages/home.html.erb within layouts/application
  [1m[36mCategory Load (0.4ms)[0m  [1m[34mSELECT "categories".* FROM "categories" ORDER BY "categories"."catname" ASC[0m
  ↳ app/views/pages/home.html.erb:16
  [1m[36mQuote Exists? (0.4ms)[0m  [1m[34mSELECT 1 AS one FROM "quotes" WHERE "quotes"."ispublic" = ? LIMIT ?[0m  [["ispublic", 1], ["LIMIT", 1]]
  ↳ app/views/pages/home.html.erb:24
  [1m[36mQuote Load (0.4ms)[0m  [1m[34mSELECT "quotes".* FROM "quotes" WHERE "quotes"."ispublic" = ? ORDER BY "quotes"."created_at" DESC LIMIT ?[0m  [["ispublic", 1], ["LIMIT", 10]]
  ↳ app/views/pages/home.html.erb:25
  [1m[36mUser Load (0.4ms)[0m  [1m[34mSELECT "users".* FROM "users" WHERE "users"."id" IN (?, ?)[0m  [["id", 1], ["id", 2]]
  ↳ app/views/pages/home.html.erb:25
  [1m[36mSource Load (0.5ms)[0m  [1m[34mSELECT "sources".* FROM "sources" WHERE "sources"."id" IN (?, ?, ?, ?, ?, ?, ?)[0m  [["id", 7], ["id", 3], ["id", 4], ["id", 6], ["id", 5], ["id", 2], ["id", 1]]
  ↳ app/views/pages/home.html.erb:25
  [1m[36mQuoteCategory Load (0.4ms)[0m  [1m[34mSELECT "quote_categories".* FROM "quote_categories" WHERE "quote_categories"."quote_id" IN (?, ?, ?, ?, ?, ?, ?, ?, ?, ?)[0m  [["quote_id", 11], ["quote_id", 9], ["quote_id", 8], ["quote_id", 7], ["quote_id", 6], ["quote_id", 5], ["quote_id", 4], ["quote_id", 3], ["quote_id", 2], ["quote_id", 1]]
  ↳ app/views/pages/home.html.erb:25
  [1m[36mCategory Load (0.5ms)[0m  [1m[34mSELECT "categories".* FROM "categories" WHERE "categories"."id" IN (?, ?, ?, ?, ?, ?)[0m  [["id", 1], ["id", 10], ["id", 2], ["id", 5], ["id", 4], ["id", 3]]
  ↳ app/views/pages/home.html.erb:25
  Rendered pages/home.html.erb within layouts/application (Duration: 43.6ms | GC: 0.0ms)
  Rendered layout layouts/application.html.erb (Duration: 55.0ms | GC: 0.0ms)
Completed 200 OK in 61ms (Views: 53.5ms | ActiveRecord: 2.7ms (7 queries, 0 cached) | GC: 0.0ms)


Started GET "/login" for 127.0.0.1 at 2026-05-23 01:40:02 +0530
Processing by SessionsController#new as HTML
  Rendering layout layouts/application.html.erb
  Rendering sessions/new.html.erb within layouts/application
  Rendered sessions/new.html.erb within layouts/application (Duration: 2.8ms | GC: 0.0ms)
  Rendered layout layouts/application.html.erb (Duration: 12.2ms | GC: 0.0ms)
Completed 200 OK in 19ms (Views: 13.3ms | ActiveRecord: 0.0ms (0 queries, 0 cached) | GC: 0.0ms)


Started POST "/login" for 127.0.0.1 at 2026-05-23 01:40:10 +0530
Processing by SessionsController#create as HTML
  Parameters: {"authenticity_token" => "[FILTERED]", "email" => "admin@myquotes.com", "password" => "[FILTERED]", "commit" => "Log In"}
  [1m[36mUser Load (0.6ms)[0m  [1m[34mSELECT "users".* FROM "users" WHERE "users"."email" = ? LIMIT ?[0m  [["email", "admin@myquotes.com"], ["LIMIT", 1]]
  ↳ app/controllers/sessions_controller.rb:12:in 'SessionsController#create'
Redirected to http://127.0.0.1:4000/
Completed 302 Found in 536ms (ActiveRecord: 0.5ms (1 query, 0 cached) | GC: 0.0ms)


Started GET "/" for 127.0.0.1 at 2026-05-23 01:40:11 +0530
Processing by PagesController#home as HTML
  Rendering layout layouts/application.html.erb
  Rendering pages/home.html.erb within layouts/application
  [1m[36mUser Load (0.3ms)[0m  [1m[34mSELECT "users".* FROM "users" WHERE "users"."id" = ? LIMIT ?[0m  [["id", 1], ["LIMIT", 1]]
  ↳ app/controllers/application_controller.rb:10:in 'ApplicationController#current_user'
  [1m[36mCategory Load (0.2ms)[0m  [1m[34mSELECT "categories".* FROM "categories" ORDER BY "categories"."catname" ASC[0m
  ↳ app/views/pages/home.html.erb:16
  [1m[36mQuote Exists? (0.6ms)[0m  [1m[34mSELECT 1 AS one FROM "quotes" WHERE "quotes"."ispublic" = ? LIMIT ?[0m  [["ispublic", 1], ["LIMIT", 1]]
  ↳ app/views/pages/home.html.erb:24
  [1m[36mQuote Load (0.4ms)[0m  [1m[34mSELECT "quotes".* FROM "quotes" WHERE "quotes"."ispublic" = ? ORDER BY "quotes"."created_at" DESC LIMIT ?[0m  [["ispublic", 1], ["LIMIT", 10]]
  ↳ app/views/pages/home.html.erb:25
  [1m[36mUser Load (0.4ms)[0m  [1m[34mSELECT "users".* FROM "users" WHERE "users"."id" IN (?, ?)[0m  [["id", 1], ["id", 2]]
  ↳ app/views/pages/home.html.erb:25
  [1m[36mSource Load (0.6ms)[0m  [1m[34mSELECT "sources".* FROM "sources" WHERE "sources"."id" IN (?, ?, ?, ?, ?, ?, ?)[0m  [["id", 7], ["id", 3], ["id", 4], ["id", 6], ["id", 5], ["id", 2], ["id", 1]]
  ↳ app/views/pages/home.html.erb:25
  [1m[36mQuoteCategory Load (0.4ms)[0m  [1m[34mSELECT "quote_categories".* FROM "quote_categories" WHERE "quote_categories"."quote_id" IN (?, ?, ?, ?, ?, ?, ?, ?, ?, ?)[0m  [["quote_id", 11], ["quote_id", 9], ["quote_id", 8], ["quote_id", 7], ["quote_id", 6], ["quote_id", 5], ["quote_id", 4], ["quote_id", 3], ["quote_id", 2], ["quote_id", 1]]
  ↳ app/views/pages/home.html.erb:25
  [1m[36mCategory Load (0.4ms)[0m  [1m[34mSELECT "categories".* FROM "categories" WHERE "categories"."id" IN (?, ?, ?, ?, ?, ?)[0m  [["id", 1], ["id", 10], ["id", 2], ["id", 5], ["id", 4], ["id", 3]]
  ↳ app/views/pages/home.html.erb:25
  Rendered pages/home.html.erb within layouts/application (Duration: 51.7ms | GC: 0.0ms)
  Rendered layout layouts/application.html.erb (Duration: 61.5ms | GC: 0.0ms)
Completed 200 OK in 68ms (Views: 59.7ms | ActiveRecord: 3.1ms (8 queries, 0 cached) | GC: 0.0ms)


Started GET "/quotes" for 127.0.0.1 at 2026-05-23 01:40:15 +0530
Processing by QuotesController#index as HTML
  [1m[36mUser Load (0.3ms)[0m  [1m[34mSELECT "users".* FROM "users" WHERE "users"."id" = ? LIMIT ?[0m  [["id", 1], ["LIMIT", 1]]
  ↳ app/controllers/application_controller.rb:10:in 'ApplicationController#current_user'
  Rendering layout layouts/application.html.erb
  Rendering quotes/index.html.erb within layouts/application
  [1m[36mQuote Exists? (1.0ms)[0m  [1m[34mSELECT 1 AS one FROM "quotes" LIMIT ?[0m  [["LIMIT", 1]]
  ↳ app/views/quotes/index.html.erb:8
  [1m[36mQuote Load (0.5ms)[0m  [1m[34mSELECT "quotes".* FROM "quotes" ORDER BY "quotes"."created_at" DESC[0m
  ↳ app/views/quotes/index.html.erb:18
  [1m[36mUser Load (0.4ms)[0m  [1m[34mSELECT "users".* FROM "users" WHERE "users"."id" IN (?, ?)[0m  [["id", 1], ["id", 2]]
  ↳ app/views/quotes/index.html.erb:18
  [1m[36mSource Load (0.6ms)[0m  [1m[34mSELECT "sources".* FROM "sources" WHERE "sources"."id" IN (?, ?, ?, ?, ?, ?, ?)[0m  [["id", 7], ["id", 2], ["id", 3], ["id", 4], ["id", 6], ["id", 5], ["id", 1]]
  ↳ app/views/quotes/index.html.erb:18
  [1m[36mQuoteCategory Load (0.4ms)[0m  [1m[34mSELECT "quote_categories".* FROM "quote_categories" WHERE "quote_categories"."quote_id" IN (?, ?, ?, ?, ?, ?, ?, ?, ?, ?, ?)[0m  [["quote_id", 11], ["quote_id", 10], ["quote_id", 9], ["quote_id", 8], ["quote_id", 7], ["quote_id", 6], ["quote_id", 5], ["quote_id", 4], ["quote_id", 3], ["quote_id", 2], ["quote_id", 1]]
  ↳ app/views/quotes/index.html.erb:18
  [1m[36mCategory Load (0.6ms)[0m  [1m[34mSELECT "categories".* FROM "categories" WHERE "categories"."id" IN (?, ?, ?, ?, ?, ?, ?)[0m  [["id", 1], ["id", 10], ["id", 2], ["id", 5], ["id", 4], ["id", 3], ["id", 7]]
  ↳ app/views/quotes/index.html.erb:18
  Rendered quotes/index.html.erb within layouts/application (Duration: 58.4ms | GC: 0.0ms)
  Rendered layout layouts/application.html.erb (Duration: 73.0ms | GC: 0.0ms)
Completed 200 OK in 91ms (Views: 72.3ms | ActiveRecord: 3.6ms (7 queries, 0 cached) | GC: 0.0ms)


Started GET "/quotes/new" for 127.0.0.1 at 2026-05-23 01:52:49 +0530
Processing by QuotesController#new as HTML
  [1m[36mUser Load (5.0ms)[0m  [1m[34mSELECT "users".* FROM "users" WHERE "users"."id" = ? LIMIT ?[0m  [["id", 1], ["LIMIT", 1]]
  ↳ app/controllers/application_controller.rb:10:in 'ApplicationController#current_user'
  Rendering layout layouts/application.html.erb
  Rendering quotes/new.html.erb within layouts/application
  [1m[36mSource Load (0.5ms)[0m  [1m[34mSELECT "sources".* FROM "sources" ORDER BY "sources"."fname" ASC[0m
  ↳ app/views/quotes/new.html.erb:18
  [1m[36mCategory Load (0.4ms)[0m  [1m[34mSELECT "categories".* FROM "categories" ORDER BY "categories"."catname" ASC[0m
  ↳ app/views/quotes/new.html.erb:36
  Rendered quotes/new.html.erb within layouts/application (Duration: 19.7ms | GC: 0.0ms)
  Rendered layout layouts/application.html.erb (Duration: 31.5ms | GC: 0.0ms)
Completed 200 OK in 54ms (Views: 32.1ms | ActiveRecord: 5.6ms (3 queries, 0 cached) | GC: 0.0ms)


Started POST "/quotes" for 127.0.0.1 at 2026-05-23 01:52:59 +0530
Processing by QuotesController#create as HTML
  Parameters: {"authenticity_token" => "[FILTERED]", "quote" => {"qtext" => "test 2", "source_id" => "7", "qyear" => "", "qcom" => "", "ispublic" => "true"}, "category_ids" => ["7"], "commit" => "Add Quote"}
  [1m[36mUser Load (0.3ms)[0m  [1m[34mSELECT "users".* FROM "users" WHERE "users"."id" = ? LIMIT ?[0m  [["id", 1], ["LIMIT", 1]]
  ↳ app/controllers/application_controller.rb:10:in 'ApplicationController#current_user'
  [1m[36mTRANSACTION (0.2ms)[0m  [1m[36mBEGIN immediate TRANSACTION[0m
  ↳ app/controllers/quotes_controller.rb:46:in 'QuotesController#create'
  [1m[36mSource Load (6.2ms)[0m  [1m[34mSELECT "sources".* FROM "sources" WHERE "sources"."id" = ? LIMIT ?[0m  [["id", 7], ["LIMIT", 1]]
  ↳ app/controllers/quotes_controller.rb:46:in 'QuotesController#create'
  [1m[36mQuote Create (0.6ms)[0m  [1m[32mINSERT INTO "quotes" ("qtext", "qyear", "qcom", "ispublic", "user_id", "source_id", "created_at", "updated_at") VALUES (?, ?, ?, ?, ?, ?, ?, ?) RETURNING "id"[0m  [["qtext", "test 2"], ["qyear", ""], ["qcom", ""], ["ispublic", 1], ["user_id", 1], ["source_id", 7], ["created_at", "2026-05-22 20:22:59.222307"], ["updated_at", "2026-05-22 20:22:59.222307"]]
  ↳ app/controllers/quotes_controller.rb:46:in 'QuotesController#create'
  [1m[36mTRANSACTION (6.0ms)[0m  [1m[36mCOMMIT TRANSACTION[0m
  ↳ app/controllers/quotes_controller.rb:46:in 'QuotesController#create'
  [1m[36mCategory Load (0.3ms)[0m  [1m[34mSELECT "categories".* FROM "categories" WHERE "categories"."id" = ? LIMIT ?[0m  [["id", 7], ["LIMIT", 1]]
  ↳ app/controllers/quotes_controller.rb:112:in 'block in QuotesController#assign_categories'
  [1m[36mTRANSACTION (0.1ms)[0m  [1m[36mBEGIN immediate TRANSACTION[0m
  ↳ app/controllers/quotes_controller.rb:113:in 'block in QuotesController#assign_categories'
  [1m[36mQuoteCategory Create (4.9ms)[0m  [1m[32mINSERT INTO "quote_categories" ("quote_id", "category_id", "created_at", "updated_at") VALUES (?, ?, ?, ?) RETURNING "id"[0m  [["quote_id", 12], ["category_id", 7], ["created_at", "2026-05-22 20:22:59.262854"], ["updated_at", "2026-05-22 20:22:59.262854"]]
  ↳ app/controllers/quotes_controller.rb:113:in 'block in QuotesController#assign_categories'
  [1m[36mTRANSACTION (0.5ms)[0m  [1m[36mCOMMIT TRANSACTION[0m
  ↳ app/controllers/quotes_controller.rb:113:in 'block in QuotesController#assign_categories'
Redirected to http://127.0.0.1:4000/quotes/12
Completed 302 Found in 84ms (ActiveRecord: 18.9ms (5 queries, 0 cached) | GC: 0.0ms)


Started GET "/quotes/12" for 127.0.0.1 at 2026-05-23 01:52:59 +0530
Processing by QuotesController#show as HTML
  Parameters: {"id" => "12"}
  [1m[36mQuote Load (0.4ms)[0m  [1m[34mSELECT "quotes".* FROM "quotes" WHERE "quotes"."id" = ? LIMIT ?[0m  [["id", 12], ["LIMIT", 1]]
  ↳ app/controllers/quotes_controller.rb:95:in 'QuotesController#set_quote'
  Rendering layout layouts/application.html.erb
  Rendering quotes/show.html.erb within layouts/application
  [1m[36mSource Load (0.3ms)[0m  [1m[34mSELECT "sources".* FROM "sources" WHERE "sources"."id" = ? LIMIT ?[0m  [["id", 7], ["LIMIT", 1]]
  ↳ app/views/quotes/show.html.erb:14
  [1m[36mUser Load (0.3ms)[0m  [1m[34mSELECT "users".* FROM "users" WHERE "users"."id" = ? LIMIT ?[0m  [["id", 1], ["LIMIT", 1]]
  ↳ app/views/quotes/show.html.erb:48
  [1m[36mCategory Load (0.3ms)[0m  [1m[34mSELECT "categories".* FROM "categories" INNER JOIN "quote_categories" ON "categories"."id" = "quote_categories"."category_id" WHERE "quote_categories"."quote_id" = ?[0m  [["quote_id", 12]]
  ↳ app/views/quotes/show.html.erb:72
  [1m[36mCACHE User Load (0.0ms)[0m  [1m[34mSELECT "users".* FROM "users" WHERE "users"."id" = ? LIMIT ?[0m  [["id", 1], ["LIMIT", 1]]
  ↳ app/controllers/application_controller.rb:10:in 'ApplicationController#current_user'
  Rendered quotes/show.html.erb within layouts/application (Duration: 19.4ms | GC: 0.0ms)
  Rendered layout layouts/application.html.erb (Duration: 32.5ms | GC: 0.0ms)
Completed 200 OK in 47ms (Views: 33.0ms | ActiveRecord: 1.2ms (5 queries, 1 cached) | GC: 0.0ms)


Started GET "/quotes/12" for 127.0.0.1 at 2026-05-23 01:53:02 +0530
Processing by QuotesController#show as HTML
  Parameters: {"id" => "12"}
  [1m[36mQuote Load (0.3ms)[0m  [1m[34mSELECT "quotes".* FROM "quotes" WHERE "quotes"."id" = ? LIMIT ?[0m  [["id", 12], ["LIMIT", 1]]
  ↳ app/controllers/quotes_controller.rb:95:in 'QuotesController#set_quote'
  Rendering layout layouts/application.html.erb
  Rendering quotes/show.html.erb within layouts/application
  [1m[36mSource Load (0.2ms)[0m  [1m[34mSELECT "sources".* FROM "sources" WHERE "sources"."id" = ? LIMIT ?[0m  [["id", 7], ["LIMIT", 1]]
  ↳ app/views/quotes/show.html.erb:14
  [1m[36mUser Load (0.3ms)[0m  [1m[34mSELECT "users".* FROM "users" WHERE "users"."id" = ? LIMIT ?[0m  [["id", 1], ["LIMIT", 1]]
  ↳ app/views/quotes/show.html.erb:48
  [1m[36mCategory Load (0.2ms)[0m  [1m[34mSELECT "categories".* FROM "categories" INNER JOIN "quote_categories" ON "categories"."id" = "quote_categories"."category_id" WHERE "quote_categories"."quote_id" = ?[0m  [["quote_id", 12]]
  ↳ app/views/quotes/show.html.erb:72
  [1m[36mCACHE User Load (0.0ms)[0m  [1m[34mSELECT "users".* FROM "users" WHERE "users"."id" = ? LIMIT ?[0m  [["id", 1], ["LIMIT", 1]]
  ↳ app/controllers/application_controller.rb:10:in 'ApplicationController#current_user'
  Rendered quotes/show.html.erb within layouts/application (Duration: 20.0ms | GC: 0.0ms)
  Rendered layout layouts/application.html.erb (Duration: 29.9ms | GC: 0.0ms)
Completed 200 OK in 40ms (Views: 30.5ms | ActiveRecord: 0.9ms (5 queries, 1 cached) | GC: 0.0ms)


Started GET "/quotes/12" for 127.0.0.1 at 2026-05-23 02:10:22 +0530
Processing by QuotesController#show as HTML
  Parameters: {"id" => "12"}
  [1m[36mQuote Load (6.8ms)[0m  [1m[34mSELECT "quotes".* FROM "quotes" WHERE "quotes"."id" = ? LIMIT ?[0m  [["id", 12], ["LIMIT", 1]]
  ↳ app/controllers/quotes_controller.rb:95:in 'QuotesController#set_quote'
  Rendering layout layouts/application.html.erb
  Rendering quotes/show.html.erb within layouts/application
  [1m[36mSource Load (0.4ms)[0m  [1m[34mSELECT "sources".* FROM "sources" WHERE "sources"."id" = ? LIMIT ?[0m  [["id", 7], ["LIMIT", 1]]
  ↳ app/views/quotes/show.html.erb:14
  [1m[36mUser Load (0.4ms)[0m  [1m[34mSELECT "users".* FROM "users" WHERE "users"."id" = ? LIMIT ?[0m  [["id", 1], ["LIMIT", 1]]
  ↳ app/views/quotes/show.html.erb:48
  [1m[36mCategory Load (0.6ms)[0m  [1m[34mSELECT "categories".* FROM "categories" INNER JOIN "quote_categories" ON "categories"."id" = "quote_categories"."category_id" WHERE "quote_categories"."quote_id" = ?[0m  [["quote_id", 12]]
  ↳ app/views/quotes/show.html.erb:72
  [1m[36mCACHE User Load (0.0ms)[0m  [1m[34mSELECT "users".* FROM "users" WHERE "users"."id" = ? LIMIT ?[0m  [["id", 1], ["LIMIT", 1]]
  ↳ app/controllers/application_controller.rb:10:in 'ApplicationController#current_user'
  Rendered quotes/show.html.erb within layouts/application (Duration: 73.5ms | GC: 0.0ms)
  Rendered layout layouts/application.html.erb (Duration: 88.5ms | GC: 0.0ms)
Completed 200 OK in 135ms (Views: 97.6ms | ActiveRecord: 8.0ms (5 queries, 1 cached) | GC: 0.0ms)


Started GET "/quotes/12" for 127.0.0.1 at 2026-05-23 02:10:37 +0530
Processing by QuotesController#show as HTML
  Parameters: {"id" => "12"}
  [1m[36mQuote Load (0.3ms)[0m  [1m[34mSELECT "quotes".* FROM "quotes" WHERE "quotes"."id" = ? LIMIT ?[0m  [["id", 12], ["LIMIT", 1]]
  ↳ app/controllers/quotes_controller.rb:95:in 'QuotesController#set_quote'
  Rendering layout layouts/application.html.erb
  Rendering quotes/show.html.erb within layouts/application
  [1m[36mSource Load (0.3ms)[0m  [1m[34mSELECT "sources".* FROM "sources" WHERE "sources"."id" = ? LIMIT ?[0m  [["id", 7], ["LIMIT", 1]]
  ↳ app/views/quotes/show.html.erb:14
  [1m[36mUser Load (0.3ms)[0m  [1m[34mSELECT "users".* FROM "users" WHERE "users"."id" = ? LIMIT ?[0m  [["id", 1], ["LIMIT", 1]]
  ↳ app/views/quotes/show.html.erb:48
  [1m[36mCategory Load (0.2ms)[0m  [1m[34mSELECT "categories".* FROM "categories" INNER JOIN "quote_categories" ON "categories"."id" = "quote_categories"."category_id" WHERE "quote_categories"."quote_id" = ?[0m  [["quote_id", 12]]
  ↳ app/views/quotes/show.html.erb:72
  [1m[36mCACHE User Load (0.0ms)[0m  [1m[34mSELECT "users".* FROM "users" WHERE "users"."id" = ? LIMIT ?[0m  [["id", 1], ["LIMIT", 1]]
  ↳ app/controllers/application_controller.rb:10:in 'ApplicationController#current_user'
  Rendered quotes/show.html.erb within layouts/application (Duration: 24.8ms | GC: 0.0ms)
  Rendered layout layouts/application.html.erb (Duration: 37.9ms | GC: 0.0ms)
Completed 200 OK in 49ms (Views: 38.2ms | ActiveRecord: 1.1ms (5 queries, 1 cached) | GC: 0.0ms)


Started GET "/quotes/12" for 127.0.0.1 at 2026-05-23 02:10:38 +0530
Processing by QuotesController#show as HTML
  Parameters: {"id" => "12"}
  [1m[36mQuote Load (0.3ms)[0m  [1m[34mSELECT "quotes".* FROM "quotes" WHERE "quotes"."id" = ? LIMIT ?[0m  [["id", 12], ["LIMIT", 1]]
  ↳ app/controllers/quotes_controller.rb:95:in 'QuotesController#set_quote'
  Rendering layout layouts/application.html.erb
  Rendering quotes/show.html.erb within layouts/application
  [1m[36mSource Load (0.3ms)[0m  [1m[34mSELECT "sources".* FROM "sources" WHERE "sources"."id" = ? LIMIT ?[0m  [["id", 7], ["LIMIT", 1]]
  ↳ app/views/quotes/show.html.erb:14
  [1m[36mUser Load (0.3ms)[0m  [1m[34mSELECT "users".* FROM "users" WHERE "users"."id" = ? LIMIT ?[0m  [["id", 1], ["LIMIT", 1]]
  ↳ app/views/quotes/show.html.erb:48
  [1m[36mCategory Load (0.3ms)[0m  [1m[34mSELECT "categories".* FROM "categories" INNER JOIN "quote_categories" ON "categories"."id" = "quote_categories"."category_id" WHERE "quote_categories"."quote_id" = ?[0m  [["quote_id", 12]]
  ↳ app/views/quotes/show.html.erb:72
  [1m[36mCACHE User Load (0.0ms)[0m  [1m[34mSELECT "users".* FROM "users" WHERE "users"."id" = ? LIMIT ?[0m  [["id", 1], ["LIMIT", 1]]
  ↳ app/controllers/application_controller.rb:10:in 'ApplicationController#current_user'
  Rendered quotes/show.html.erb within layouts/application (Duration: 21.8ms | GC: 0.0ms)
  Rendered layout layouts/application.html.erb (Duration: 34.6ms | GC: 0.0ms)
Completed 200 OK in 46ms (Views: 35.3ms | ActiveRecord: 0.9ms (5 queries, 1 cached) | GC: 0.0ms)


Started GET "/quotes/12" for 127.0.0.1 at 2026-05-23 02:11:08 +0530
Processing by QuotesController#show as HTML
  Parameters: {"id" => "12"}
  [1m[36mQuote Load (0.3ms)[0m  [1m[34mSELECT "quotes".* FROM "quotes" WHERE "quotes"."id" = ? LIMIT ?[0m  [["id", 12], ["LIMIT", 1]]
  ↳ app/controllers/quotes_controller.rb:95:in 'QuotesController#set_quote'
  Rendering layout layouts/application.html.erb
  Rendering quotes/show.html.erb within layouts/application
  [1m[36mSource Load (0.3ms)[0m  [1m[34mSELECT "sources".* FROM "sources" WHERE "sources"."id" = ? LIMIT ?[0m  [["id", 7], ["LIMIT", 1]]
  ↳ app/views/quotes/show.html.erb:14
  [1m[36mUser Load (0.3ms)[0m  [1m[34mSELECT "users".* FROM "users" WHERE "users"."id" = ? LIMIT ?[0m  [["id", 1], ["LIMIT", 1]]
  ↳ app/views/quotes/show.html.erb:48
  [1m[36mCategory Load (0.3ms)[0m  [1m[34mSELECT "categories".* FROM "categories" INNER JOIN "quote_categories" ON "categories"."id" = "quote_categories"."category_id" WHERE "quote_categories"."quote_id" = ?[0m  [["quote_id", 12]]
  ↳ app/views/quotes/show.html.erb:72
  [1m[36mCACHE User Load (0.0ms)[0m  [1m[34mSELECT "users".* FROM "users" WHERE "users"."id" = ? LIMIT ?[0m  [["id", 1], ["LIMIT", 1]]
  ↳ app/controllers/application_controller.rb:10:in 'ApplicationController#current_user'
  Rendered quotes/show.html.erb within layouts/application (Duration: 76.0ms | GC: 0.0ms)
  Rendered layout layouts/application.html.erb (Duration: 88.0ms | GC: 0.0ms)
Completed 200 OK in 137ms (Views: 98.2ms | ActiveRecord: 11.0ms (5 queries, 1 cached) | GC: 0.0ms)


Started GET "/quotes/12" for 127.0.0.1 at 2026-05-23 02:11:15 +0530
Processing by QuotesController#show as HTML
  Parameters: {"id" => "12"}
  [1m[36mQuote Load (0.3ms)[0m  [1m[34mSELECT "quotes".* FROM "quotes" WHERE "quotes"."id" = ? LIMIT ?[0m  [["id", 12], ["LIMIT", 1]]
  ↳ app/controllers/quotes_controller.rb:95:in 'QuotesController#set_quote'
  Rendering layout layouts/application.html.erb
  Rendering quotes/show.html.erb within layouts/application
  [1m[36mSource Load (0.3ms)[0m  [1m[34mSELECT "sources".* FROM "sources" WHERE "sources"."id" = ? LIMIT ?[0m  [["id", 7], ["LIMIT", 1]]
  ↳ app/views/quotes/show.html.erb:14
  [1m[36mUser Load (0.3ms)[0m  [1m[34mSELECT "users".* FROM "users" WHERE "users"."id" = ? LIMIT ?[0m  [["id", 1], ["LIMIT", 1]]
  ↳ app/views/quotes/show.html.erb:48
  [1m[36mCategory Load (0.2ms)[0m  [1m[34mSELECT "categories".* FROM "categories" INNER JOIN "quote_categories" ON "categories"."id" = "quote_categories"."category_id" WHERE "quote_categories"."quote_id" = ?[0m  [["quote_id", 12]]
  ↳ app/views/quotes/show.html.erb:72
  [1m[36mCACHE User Load (0.1ms)[0m  [1m[34mSELECT "users".* FROM "users" WHERE "users"."id" = ? LIMIT ?[0m  [["id", 1], ["LIMIT", 1]]
  ↳ app/controllers/application_controller.rb:10:in 'ApplicationController#current_user'
  Rendered quotes/show.html.erb within layouts/application (Duration: 20.4ms | GC: 0.0ms)
  Rendered layout layouts/application.html.erb (Duration: 30.6ms | GC: 0.0ms)
Completed 200 OK in 42ms (Views: 31.1ms | ActiveRecord: 0.9ms (5 queries, 1 cached) | GC: 0.0ms)


Started GET "/quotes" for 127.0.0.1 at 2026-05-23 02:11:17 +0530
Processing by QuotesController#index as HTML
  [1m[36mUser Load (0.3ms)[0m  [1m[34mSELECT "users".* FROM "users" WHERE "users"."id" = ? LIMIT ?[0m  [["id", 1], ["LIMIT", 1]]
  ↳ app/controllers/application_controller.rb:10:in 'ApplicationController#current_user'
  Rendering layout layouts/application.html.erb
  Rendering quotes/index.html.erb within layouts/application
  [1m[36mQuote Exists? (0.4ms)[0m  [1m[34mSELECT 1 AS one FROM "quotes" LIMIT ?[0m  [["LIMIT", 1]]
  ↳ app/views/quotes/index.html.erb:8
  [1m[36mQuote Load (0.4ms)[0m  [1m[34mSELECT "quotes".* FROM "quotes" ORDER BY "quotes"."created_at" DESC[0m
  ↳ app/views/quotes/index.html.erb:18
  [1m[36mUser Load (0.5ms)[0m  [1m[34mSELECT "users".* FROM "users" WHERE "users"."id" IN (?, ?)[0m  [["id", 1], ["id", 2]]
  ↳ app/views/quotes/index.html.erb:18
  [1m[36mSource Load (0.4ms)[0m  [1m[34mSELECT "sources".* FROM "sources" WHERE "sources"."id" IN (?, ?, ?, ?, ?, ?, ?)[0m  [["id", 7], ["id", 2], ["id", 3], ["id", 4], ["id", 6], ["id", 5], ["id", 1]]
  ↳ app/views/quotes/index.html.erb:18
  [1m[36mQuoteCategory Load (0.6ms)[0m  [1m[34mSELECT "quote_categories".* FROM "quote_categories" WHERE "quote_categories"."quote_id" IN (?, ?, ?, ?, ?, ?, ?, ?, ?, ?, ?, ?)[0m  [["quote_id", 12], ["quote_id", 11], ["quote_id", 10], ["quote_id", 9], ["quote_id", 8], ["quote_id", 7], ["quote_id", 6], ["quote_id", 5], ["quote_id", 4], ["quote_id", 3], ["quote_id", 2], ["quote_id", 1]]
  ↳ app/views/quotes/index.html.erb:18
  [1m[36mCategory Load (0.4ms)[0m  [1m[34mSELECT "categories".* FROM "categories" WHERE "categories"."id" IN (?, ?, ?, ?, ?, ?, ?)[0m  [["id", 1], ["id", 10], ["id", 2], ["id", 5], ["id", 4], ["id", 3], ["id", 7]]
  ↳ app/views/quotes/index.html.erb:18
  Rendered quotes/index.html.erb within layouts/application (Duration: 70.4ms | GC: 0.2ms)
  Rendered layout layouts/application.html.erb (Duration: 81.1ms | GC: 0.2ms)
Completed 200 OK in 239ms (Views: 79.1ms | ActiveRecord: 3.6ms (7 queries, 0 cached) | GC: 0.2ms)


Started GET "/quotes/12" for 127.0.0.1 at 2026-05-23 02:11:49 +0530
Processing by QuotesController#show as HTML
  Parameters: {"id" => "12"}
  [1m[36mQuote Load (0.3ms)[0m  [1m[34mSELECT "quotes".* FROM "quotes" WHERE "quotes"."id" = ? LIMIT ?[0m  [["id", 12], ["LIMIT", 1]]
  ↳ app/controllers/quotes_controller.rb:95:in 'QuotesController#set_quote'
  Rendering layout layouts/application.html.erb
  Rendering quotes/show.html.erb within layouts/application
  [1m[36mSource Load (0.3ms)[0m  [1m[34mSELECT "sources".* FROM "sources" WHERE "sources"."id" = ? LIMIT ?[0m  [["id", 7], ["LIMIT", 1]]
  ↳ app/views/quotes/show.html.erb:14
  [1m[36mUser Load (1.1ms)[0m  [1m[34mSELECT "users".* FROM "users" WHERE "users"."id" = ? LIMIT ?[0m  [["id", 1], ["LIMIT", 1]]
  ↳ app/views/quotes/show.html.erb:48
  [1m[36mCategory Load (0.2ms)[0m  [1m[34mSELECT "categories".* FROM "categories" INNER JOIN "quote_categories" ON "categories"."id" = "quote_categories"."category_id" WHERE "quote_categories"."quote_id" = ?[0m  [["quote_id", 12]]
  ↳ app/views/quotes/show.html.erb:72
  [1m[36mCACHE User Load (0.1ms)[0m  [1m[34mSELECT "users".* FROM "users" WHERE "users"."id" = ? LIMIT ?[0m  [["id", 1], ["LIMIT", 1]]
  ↳ app/controllers/application_controller.rb:10:in 'ApplicationController#current_user'
  Rendered quotes/show.html.erb within layouts/application (Duration: 37.0ms | GC: 0.0ms)
  Rendered layout layouts/application.html.erb (Duration: 50.2ms | GC: 0.0ms)
Completed 200 OK in 64ms (Views: 49.6ms | ActiveRecord: 2.1ms (5 queries, 1 cached) | GC: 0.0ms)


Started GET "/quotes/12" for 127.0.0.1 at 2026-05-23 02:11:54 +0530
Processing by QuotesController#show as HTML
  Parameters: {"id" => "12"}
  [1m[36mQuote Load (0.3ms)[0m  [1m[34mSELECT "quotes".* FROM "quotes" WHERE "quotes"."id" = ? LIMIT ?[0m  [["id", 12], ["LIMIT", 1]]
  ↳ app/controllers/quotes_controller.rb:95:in 'QuotesController#set_quote'
  Rendering layout layouts/application.html.erb
  Rendering quotes/show.html.erb within layouts/application
  [1m[36mSource Load (0.3ms)[0m  [1m[34mSELECT "sources".* FROM "sources" WHERE "sources"."id" = ? LIMIT ?[0m  [["id", 7], ["LIMIT", 1]]
  ↳ app/views/quotes/show.html.erb:14
  [1m[36mUser Load (0.6ms)[0m  [1m[34mSELECT "users".* FROM "users" WHERE "users"."id" = ? LIMIT ?[0m  [["id", 1], ["LIMIT", 1]]
  ↳ app/views/quotes/show.html.erb:48
  [1m[36mCategory Load (0.3ms)[0m  [1m[34mSELECT "categories".* FROM "categories" INNER JOIN "quote_categories" ON "categories"."id" = "quote_categories"."category_id" WHERE "quote_categories"."quote_id" = ?[0m  [["quote_id", 12]]
  ↳ app/views/quotes/show.html.erb:72
  [1m[36mCACHE User Load (0.0ms)[0m  [1m[34mSELECT "users".* FROM "users" WHERE "users"."id" = ? LIMIT ?[0m  [["id", 1], ["LIMIT", 1]]
  ↳ app/controllers/application_controller.rb:10:in 'ApplicationController#current_user'
  Rendered quotes/show.html.erb within layouts/application (Duration: 27.7ms | GC: 0.0ms)
  Rendered layout layouts/application.html.erb (Duration: 41.3ms | GC: 0.0ms)
Completed 200 OK in 53ms (Views: 41.3ms | ActiveRecord: 1.3ms (5 queries, 1 cached) | GC: 0.0ms)


Started GET "/quotes/12" for 127.0.0.1 at 2026-05-23 02:12:09 +0530
Processing by QuotesController#show as HTML
  Parameters: {"id" => "12"}
  [1m[36mQuote Load (0.4ms)[0m  [1m[34mSELECT "quotes".* FROM "quotes" WHERE "quotes"."id" = ? LIMIT ?[0m  [["id", 12], ["LIMIT", 1]]
  ↳ app/controllers/quotes_controller.rb:95:in 'QuotesController#set_quote'
  Rendering layout layouts/application.html.erb
  Rendering quotes/show.html.erb within layouts/application
  [1m[36mSource Load (0.5ms)[0m  [1m[34mSELECT "sources".* FROM "sources" WHERE "sources"."id" = ? LIMIT ?[0m  [["id", 7], ["LIMIT", 1]]
  ↳ app/views/quotes/show.html.erb:14
  [1m[36mUser Load (0.3ms)[0m  [1m[34mSELECT "users".* FROM "users" WHERE "users"."id" = ? LIMIT ?[0m  [["id", 1], ["LIMIT", 1]]
  ↳ app/views/quotes/show.html.erb:48
  [1m[36mCategory Load (0.2ms)[0m  [1m[34mSELECT "categories".* FROM "categories" INNER JOIN "quote_categories" ON "categories"."id" = "quote_categories"."category_id" WHERE "quote_categories"."quote_id" = ?[0m  [["quote_id", 12]]
  ↳ app/views/quotes/show.html.erb:72
  [1m[36mCACHE User Load (0.0ms)[0m  [1m[34mSELECT "users".* FROM "users" WHERE "users"."id" = ? LIMIT ?[0m  [["id", 1], ["LIMIT", 1]]
  ↳ app/controllers/application_controller.rb:10:in 'ApplicationController#current_user'
  Rendered quotes/show.html.erb within layouts/application (Duration: 96.4ms | GC: 0.0ms)
  Rendered layout layouts/application.html.erb (Duration: 143.5ms | GC: 0.0ms)
Completed 200 OK in 155ms (Views: 143.9ms | ActiveRecord: 1.3ms (5 queries, 1 cached) | GC: 0.0ms)


Started GET "/quotes/12" for 127.0.0.1 at 2026-05-23 02:13:58 +0530
Processing by QuotesController#show as HTML
  Parameters: {"id" => "12"}
  [1m[36mQuote Load (0.4ms)[0m  [1m[34mSELECT "quotes".* FROM "quotes" WHERE "quotes"."id" = ? LIMIT ?[0m  [["id", 12], ["LIMIT", 1]]
  ↳ app/controllers/quotes_controller.rb:95:in 'QuotesController#set_quote'
  Rendering layout layouts/application.html.erb
  Rendering quotes/show.html.erb within layouts/application
  [1m[36mSource Load (0.7ms)[0m  [1m[34mSELECT "sources".* FROM "sources" WHERE "sources"."id" = ? LIMIT ?[0m  [["id", 7], ["LIMIT", 1]]
  ↳ app/views/quotes/show.html.erb:14
  [1m[36mUser Load (0.5ms)[0m  [1m[34mSELECT "users".* FROM "users" WHERE "users"."id" = ? LIMIT ?[0m  [["id", 1], ["LIMIT", 1]]
  ↳ app/views/quotes/show.html.erb:48
  [1m[36mCategory Load (0.4ms)[0m  [1m[34mSELECT "categories".* FROM "categories" INNER JOIN "quote_categories" ON "categories"."id" = "quote_categories"."category_id" WHERE "quote_categories"."quote_id" = ?[0m  [["quote_id", 12]]
  ↳ app/views/quotes/show.html.erb:72
  [1m[36mCACHE User Load (0.1ms)[0m  [1m[34mSELECT "users".* FROM "users" WHERE "users"."id" = ? LIMIT ?[0m  [["id", 1], ["LIMIT", 1]]
  ↳ app/controllers/application_controller.rb:10:in 'ApplicationController#current_user'
  Rendered quotes/show.html.erb within layouts/application (Duration: 116.9ms | GC: 0.0ms)
  Rendered layout layouts/application.html.erb (Duration: 130.9ms | GC: 0.0ms)
Completed 200 OK in 197ms (Views: 136.8ms | ActiveRecord: 13.5ms (5 queries, 1 cached) | GC: 0.0ms)


Started GET "/quotes/12" for 127.0.0.1 at 2026-05-23 02:13:59 +0530
Processing by QuotesController#show as HTML
  Parameters: {"id" => "12"}
  [1m[36mQuote Load (0.2ms)[0m  [1m[34mSELECT "quotes".* FROM "quotes" WHERE "quotes"."id" = ? LIMIT ?[0m  [["id", 12], ["LIMIT", 1]]
  ↳ app/controllers/quotes_controller.rb:95:in 'QuotesController#set_quote'
  Rendering layout layouts/application.html.erb
  Rendering quotes/show.html.erb within layouts/application
  [1m[36mSource Load (0.5ms)[0m  [1m[34mSELECT "sources".* FROM "sources" WHERE "sources"."id" = ? LIMIT ?[0m  [["id", 7], ["LIMIT", 1]]
  ↳ app/views/quotes/show.html.erb:14
  [1m[36mUser Load (0.4ms)[0m  [1m[34mSELECT "users".* FROM "users" WHERE "users"."id" = ? LIMIT ?[0m  [["id", 1], ["LIMIT", 1]]
  ↳ app/views/quotes/show.html.erb:48
  [1m[36mCategory Load (1.5ms)[0m  [1m[34mSELECT "categories".* FROM "categories" INNER JOIN "quote_categories" ON "categories"."id" = "quote_categories"."category_id" WHERE "quote_categories"."quote_id" = ?[0m  [["quote_id", 12]]
  ↳ app/views/quotes/show.html.erb:72
  [1m[36mCACHE User Load (0.0ms)[0m  [1m[34mSELECT "users".* FROM "users" WHERE "users"."id" = ? LIMIT ?[0m  [["id", 1], ["LIMIT", 1]]
  ↳ app/controllers/application_controller.rb:10:in 'ApplicationController#current_user'
  Rendered quotes/show.html.erb within layouts/application (Duration: 23.7ms | GC: 0.0ms)
  Rendered layout layouts/application.html.erb (Duration: 35.7ms | GC: 0.0ms)
Completed 200 OK in 45ms (Views: 34.8ms | ActiveRecord: 2.4ms (5 queries, 1 cached) | GC: 0.0ms)


Started GET "/quotes/12" for 127.0.0.1 at 2026-05-23 02:14:50 +0530
Processing by QuotesController#show as HTML
  Parameters: {"id" => "12"}
  [1m[36mQuote Load (1.4ms)[0m  [1m[34mSELECT "quotes".* FROM "quotes" WHERE "quotes"."id" = ? LIMIT ?[0m  [["id", 12], ["LIMIT", 1]]
  ↳ app/controllers/quotes_controller.rb:95:in 'QuotesController#set_quote'
  Rendering layout layouts/application.html.erb
  Rendering quotes/show.html.erb within layouts/application
  [1m[36mSource Load (0.5ms)[0m  [1m[34mSELECT "sources".* FROM "sources" WHERE "sources"."id" = ? LIMIT ?[0m  [["id", 7], ["LIMIT", 1]]
  ↳ app/views/quotes/show.html.erb:14
  [1m[36mUser Load (0.4ms)[0m  [1m[34mSELECT "users".* FROM "users" WHERE "users"."id" = ? LIMIT ?[0m  [["id", 1], ["LIMIT", 1]]
  ↳ app/views/quotes/show.html.erb:48
  [1m[36mCategory Load (0.5ms)[0m  [1m[34mSELECT "categories".* FROM "categories" INNER JOIN "quote_categories" ON "categories"."id" = "quote_categories"."category_id" WHERE "quote_categories"."quote_id" = ?[0m  [["quote_id", 12]]
  ↳ app/views/quotes/show.html.erb:72
  [1m[36mCACHE User Load (0.1ms)[0m  [1m[34mSELECT "users".* FROM "users" WHERE "users"."id" = ? LIMIT ?[0m  [["id", 1], ["LIMIT", 1]]
  ↳ app/controllers/application_controller.rb:10:in 'ApplicationController#current_user'
  Rendered quotes/show.html.erb within layouts/application (Duration: 122.7ms | GC: 0.0ms)
  Rendered layout layouts/application.html.erb (Duration: 162.1ms | GC: 0.0ms)
Completed 200 OK in 238ms (Views: 175.2ms | ActiveRecord: 13.6ms (5 queries, 1 cached) | GC: 0.0ms)


Started GET "/quotes/12" for 127.0.0.1 at 2026-05-23 02:16:17 +0530
Processing by QuotesController#show as HTML
  Parameters: {"id" => "12"}
  [1m[36mQuote Load (0.4ms)[0m  [1m[34mSELECT "quotes".* FROM "quotes" WHERE "quotes"."id" = ? LIMIT ?[0m  [["id", 12], ["LIMIT", 1]]
  ↳ app/controllers/quotes_controller.rb:95:in 'QuotesController#set_quote'
  Rendering layout layouts/application.html.erb
  Rendering quotes/show.html.erb within layouts/application
  Rendered quotes/show.html.erb within layouts/application (Duration: 4.3ms | GC: 0.0ms)
  Rendered layout layouts/application.html.erb (Duration: 5.5ms | GC: 0.0ms)
Completed 500 Internal Server Error in 208ms (ActiveRecord: 7.8ms (1 query, 0 cached) | GC: 0.0ms)


  
ActionView::SyntaxErrorInTemplate (Encountered a syntax error while rendering template: check <div class="quote-show">

  <div class="quote-card quote-card-large">

    <blockquote class="quote-text-large">
      "<%= @quote.qtext %>"
    </blockquote>

    <div class="quote-attribution">

      <div class="source-details">

        <strong>
          <%= @quote.source.full_name %>
        </strong>

        <% if @quote.source.byear.present? || @quote.source.dyear.present? %>

          <span class="life-years">
            <%= @quote.source.life_years %>
          </span>

        <% end %>

        <% if @quote.qyear.present? %>

          <span class="pub-year">
            Published: <%= @quote.qyear %>
          </span>

        <% end %>

        <% if @quote.source.bio.present? %>

          <p class="source-bio">
            <%= @quote.source.bio %>
          </p>

        <% end %>

      </div>

      <p class="quote-collector">

        Collected by

        <strong>
          <%= @quote.user.full_name %>
        </strong>

      </p>

    </div>

    <% if @quote.qcom.present? %>

      <div class="quote-comment-box">

        <strong>Collector's note:</strong>

        <%= @quote.qcom %>

      </div>

    <% end %>

    <!-- Categories -->
    <div class="quote-categories">

      <strong>Categories:</strong>

      <% @quote.categories.each do |cat| %>

        <%= link_to cat.catname,
            search_path(category_id: cat.id),
            class: "cat-badge" %>

      <% end %>

    </div>

    <!-- Visibility -->
    <div class="quote-visibility">
        <strong>Visibility:</strong>
      <span class="visibility-badge <%= @quote.ispublic? ? 'public' : 'private' %>">

        <%= @quote.ispublic? ? "Public" : "Private" %>

      </span>

    </div>

    <!-- Added Information -->
    <div class="quote-added-public">

      <p>

        <strong>Added By:</strong>

        <%= @quote.user.full_name %>

      </p>

      <p>

        <strong>Date Added:</strong>

        <%= @quote.created_at.strftime("%B %d, %Y") %>

      </p>

      <p>

        <strong>Time Added:</strong>

        <%= @quote.created_at.strftime("%I:%M %p") %>

      </p>

    </div>

  </div>

  <!-- Action Buttons -->
  <div class="page-actions">

    <% if logged_in? && (current_user == @quote.user || admin_user?) %>

      <%= link_to "Edit Quote",
          edit_quote_path(@quote),
          class: "btn btn-secondary" %>
      <%= form_with url: quote_path(@quote), method: :delete, local: true, style: "display:inline;" do %>
        <%= submit_tag "Delete Quote", class: "btn btn-danger", onclick: "return confirm('Are you sure you want to delete this quote?')" %>
      <% end %>

    <%= link_to "Back",
        quotes_path,
        class: "btn btn-link" %>

  </div>

</div>
)
Caused by: ActiveSupport::SyntaxErrorProxy (C:/Users/ASUS/Documents/myquote_category_fix/myquote/app/views/quotes/show.html.erb:144: syntax errors found
  [2m142 | [m</div>'.freeze;
  [2m143 | [m@output_buffer
[1;31m> [m[2m144 | [m          end
  [2m    | [m             [1;31m^[m unexpected end-of-input, assuming it is closing the parent top level context
[1;31m> [m[2m145 | [m
  [2m    | [m[1;31m^[m expected an `end` to close the `def` statement
)

Information for: ActionView::SyntaxErrorInTemplate (Encountered a syntax error while rendering template: check <div class="quote-show">

  <div class="quote-card quote-card-large">

    <blockquote class="quote-text-large">
      "<%= @quote.qtext %>"
    </blockquote>

    <div class="quote-attribution">

      <div class="source-details">

        <strong>
          <%= @quote.source.full_name %>
        </strong>

        <% if @quote.source.byear.present? || @quote.source.dyear.present? %>

          <span class="life-years">
            <%= @quote.source.life_years %>
          </span>

        <% end %>

        <% if @quote.qyear.present? %>

          <span class="pub-year">
            Published: <%= @quote.qyear %>
          </span>

        <% end %>

        <% if @quote.source.bio.present? %>

          <p class="source-bio">
            <%= @quote.source.bio %>
          </p>

        <% end %>

      </div>

      <p class="quote-collector">

        Collected by

        <strong>
          <%= @quote.user.full_name %>
        </strong>

      </p>

    </div>

    <% if @quote.qcom.present? %>

      <div class="quote-comment-box">

        <strong>Collector's note:</strong>

        <%= @quote.qcom %>

      </div>

    <% end %>

    <!-- Categories -->
    <div class="quote-categories">

      <strong>Categories:</strong>

      <% @quote.categories.each do |cat| %>

        <%= link_to cat.catname,
            search_path(category_id: cat.id),
            class: "cat-badge" %>

      <% end %>

    </div>

    <!-- Visibility -->
    <div class="quote-visibility">
        <strong>Visibility:</strong>
      <span class="visibility-badge <%= @quote.ispublic? ? 'public' : 'private' %>">

        <%= @quote.ispublic? ? "Public" : "Private" %>

      </span>

    </div>

    <!-- Added Information -->
    <div class="quote-added-public">

      <p>

        <strong>Added By:</strong>

        <%= @quote.user.full_name %>

      </p>

      <p>

        <strong>Date Added:</strong>

        <%= @quote.created_at.strftime("%B %d, %Y") %>

      </p>

      <p>

        <strong>Time Added:</strong>

        <%= @quote.created_at.strftime("%I:%M %p") %>

      </p>

    </div>

  </div>

  <!-- Action Buttons -->
  <div class="page-actions">

    <% if logged_in? && (current_user == @quote.user || admin_user?) %>

      <%= link_to "Edit Quote",
          edit_quote_path(@quote),
          class: "btn btn-secondary" %>
      <%= form_with url: quote_path(@quote), method: :delete, local: true, style: "display:inline;" do %>
        <%= submit_tag "Delete Quote", class: "btn btn-danger", onclick: "return confirm('Are you sure you want to delete this quote?')" %>
      <% end %>

    <%= link_to "Back",
        quotes_path,
        class: "btn btn-link" %>

  </div>

</div>
):
1:    <div class="quote-show">
2:    
3:      <div class="quote-card quote-card-large">
4:    
5:        <blockquote class="quote-text-large">
6:          "<%= @quote.qtext %>"
7:        </blockquote>
8:    
9:        <div class="quote-attribution">
10:    
11:          <div class="source-details">
12:    
13:            <strong>
14:              <%= @quote.source.full_name %>
15:            </strong>
16:    
17:            <% if @quote.source.byear.present? || @quote.source.dyear.present? %>
18:    
19:              <span class="life-years">
20:                <%= @quote.source.life_years %>
21:              </span>
22:    
23:            <% end %>
24:    
25:            <% if @quote.qyear.present? %>
26:    
27:              <span class="pub-year">
28:                Published: <%= @quote.qyear %>
29:              </span>
30:    
31:            <% end %>
32:    
33:            <% if @quote.source.bio.present? %>
34:    
35:              <p class="source-bio">
36:                <%= @quote.source.bio %>
37:              </p>
38:    
39:            <% end %>
40:    
41:          </div>
42:    
43:          <p class="quote-collector">
44:    
45:            Collected by
46:    
47:            <strong>
48:              <%= @quote.user.full_name %>
49:            </strong>
50:    
51:          </p>
52:    
53:        </div>
54:    
55:        <% if @quote.qcom.present? %>
56:    
57:          <div class="quote-comment-box">
58:    
59:            <strong>Collector's note:</strong>
60:    
61:            <%= @quote.qcom %>
62:    
63:          </div>
64:    
65:        <% end %>
66:    
67:        <!-- Categories -->
68:        <div class="quote-categories">
69:    
70:          <strong>Categories:</strong>
71:    
72:          <% @quote.categories.each do |cat| %>
73:    
74:            <%= link_to cat.catname,
75:                search_path(category_id: cat.id),
76:                class: "cat-badge" %>
77:    
78:          <% end %>
79:    
80:        </div>
81:    
82:        <!-- Visibility -->
83:        <div class="quote-visibility">
84:            <strong>Visibility:</strong>
85:          <span class="visibility-badge <%= @quote.ispublic? ? 'public' : 'private' %>">
86:    
87:            <%= @quote.ispublic? ? "Public" : "Private" %>
88:    
89:          </span>
90:    
91:        </div>
92:    
93:        <!-- Added Information -->
94:        <div class="quote-added-public">
95:    
96:          <p>
97:    
98:            <strong>Added By:</strong>
99:    
100:            <%= @quote.user.full_name %>
101:    
102:          </p>
103:    
104:          <p>
105:    
106:            <strong>Date Added:</strong>
107:    
108:            <%= @quote.created_at.strftime("%B %d, %Y") %>
109:    
110:          </p>
111:    
112:          <p>
113:    
114:            <strong>Time Added:</strong>
115:    
116:            <%= @quote.created_at.strftime("%I:%M %p") %>
117:    
118:          </p>
119:    
120:        </div>
121:    
122:      </div>
123:    
124:      <!-- Action Buttons -->
125:      <div class="page-actions">
126:    
127:        <% if logged_in? && (current_user == @quote.user || admin_user?) %>
128:    
129:          <%= link_to "Edit Quote",
130:              edit_quote_path(@quote),
131:              class: "btn btn-secondary" %>
132:          <%= form_with url: quote_path(@quote), method: :delete, local: true, style: "display:inline;" do %>
133:            <%= submit_tag "Delete Quote", class: "btn btn-danger", onclick: "return confirm('Are you sure you want to delete this quote?')" %>
134:          <% end %>
135:    
136:        <%= link_to "Back",
137:            quotes_path,
138:            class: "btn btn-link" %>
139:    
140:      </div>
141:    
142:    </div>
  
app/views/quotes/show.html.erb:144: syntax errors found

Information for cause: ActiveSupport::SyntaxErrorProxy (C:/Users/ASUS/Documents/myquote_category_fix/myquote/app/views/quotes/show.html.erb:144: syntax errors found
  [2m142 | [m</div>'.freeze;
  [2m143 | [m@output_buffer
[1;31m> [m[2m144 | [m          end
  [2m    | [m             [1;31m^[m unexpected end-of-input, assuming it is closing the parent top level context
[1;31m> [m[2m145 | [m
  [2m    | [m[1;31m^[m expected an `end` to close the `def` statement
):
  
app/views/quotes/show.html.erb:144: syntax errors found
Started GET "/quotes/12" for 127.0.0.1 at 2026-05-23 02:17:33 +0530
Processing by QuotesController#show as HTML
  Parameters: {"id" => "12"}
  [1m[36mQuote Load (0.5ms)[0m  [1m[34mSELECT "quotes".* FROM "quotes" WHERE "quotes"."id" = ? LIMIT ?[0m  [["id", 12], ["LIMIT", 1]]
  ↳ app/controllers/quotes_controller.rb:95:in 'QuotesController#set_quote'
  Rendering layout layouts/application.html.erb
  Rendering quotes/show.html.erb within layouts/application
  Rendered quotes/show.html.erb within layouts/application (Duration: 2.9ms | GC: 0.0ms)
  Rendered layout layouts/application.html.erb (Duration: 3.9ms | GC: 0.0ms)
Completed 500 Internal Server Error in 209ms (ActiveRecord: 6.6ms (1 query, 0 cached) | GC: 0.0ms)


  
ActionView::SyntaxErrorInTemplate (Encountered a syntax error while rendering template: check <div class="quote-show">

  <div class="quote-card quote-card-large">

    <blockquote class="quote-text-large">
      "<%= @quote.qtext %>"
    </blockquote>

    <div class="quote-attribution">

      <div class="source-details">

        <strong>
          <%= @quote.source.full_name %>
        </strong>

        <% if @quote.source.byear.present? || @quote.source.dyear.present? %>

          <span class="life-years">
            <%= @quote.source.life_years %>
          </span>

        <% end %>

        <% if @quote.qyear.present? %>

          <span class="pub-year">
            Published: <%= @quote.qyear %>
          </span>

        <% end %>

        <% if @quote.source.bio.present? %>

          <p class="source-bio">
            <%= @quote.source.bio %>
          </p>

        <% end %>

      </div>

      <p class="quote-collector">

        Collected by

        <strong>
          <%= @quote.user.full_name %>
        </strong>

      </p>

    </div>

    <% if @quote.qcom.present? %>

      <div class="quote-comment-box">

        <strong>Collector's note:</strong>

        <%= @quote.qcom %>

      </div>

    <% end %>

    <!-- Categories -->
    <div class="quote-categories">

      <strong>Categories:</strong>

      <% @quote.categories.each do |cat| %>

        <%= link_to cat.catname,
            search_path(category_id: cat.id),
            class: "cat-badge" %>

      <% end %>

    </div>

    <!-- Visibility -->
    <div class="quote-visibility">
        <strong>Visibility:</strong>
      <span class="visibility-badge <%= @quote.ispublic? ? 'public' : 'private' %>">

        <%= @quote.ispublic? ? "Public" : "Private" %>

      </span>

    </div>

    <!-- Added Information -->
    <div class="quote-added-public">

      <p>

        <strong>Added By:</strong>

        <%= @quote.user.full_name %>

      </p>

      <p>

        <strong>Date Added:</strong>

        <%= @quote.created_at.strftime("%B %d, %Y") %>

      </p>

      <p>

        <strong>Time Added:</strong>

        <%= @quote.created_at.strftime("%I:%M %p") %>

      </p>

    </div>

  </div>

  <!-- Action Buttons -->
  <div class="page-actions">

<% if logged_in? && (current_user == @quote.user || admin_user?) %>

  <%= link_to "Edit Quote",
      edit_quote_path(@quote),
      class: "btn btn-secondary" %>

  <%= form_with url: quote_path(@quote), method: :delete, local: true, style: "display:inline;" do %>
    <%= submit_tag "Delete Quote", class: "btn btn-danger", onclick: "return confirm('Are you sure you want to delete this quote?')" %>
  <% end %>

<% end %>

<%= link_to "Back",
    quotes_path,
    class: "btn btn-link" %>

    <% end %>

    <%= link_to "Back",
        quotes_path,
        class: "btn btn-link" %>

  </div>

</div>
)
Caused by: ActiveSupport::SyntaxErrorProxy (C:/Users/ASUS/Documents/myquote_category_fix/myquote/app/views/quotes/show.html.erb:153: syntax error found
  [2m151 | [m</div>'.freeze;
  [2m152 | [m@output_buffer
[1;31m> [m[2m153 | [m          end
  [2m    | [m          [1;31m^~~[m unexpected 'end', ignoring it
)

Information for: ActionView::SyntaxErrorInTemplate (Encountered a syntax error while rendering template: check <div class="quote-show">

  <div class="quote-card quote-card-large">

    <blockquote class="quote-text-large">
      "<%= @quote.qtext %>"
    </blockquote>

    <div class="quote-attribution">

      <div class="source-details">

        <strong>
          <%= @quote.source.full_name %>
        </strong>

        <% if @quote.source.byear.present? || @quote.source.dyear.present? %>

          <span class="life-years">
            <%= @quote.source.life_years %>
          </span>

        <% end %>

        <% if @quote.qyear.present? %>

          <span class="pub-year">
            Published: <%= @quote.qyear %>
          </span>

        <% end %>

        <% if @quote.source.bio.present? %>

          <p class="source-bio">
            <%= @quote.source.bio %>
          </p>

        <% end %>

      </div>

      <p class="quote-collector">

        Collected by

        <strong>
          <%= @quote.user.full_name %>
        </strong>

      </p>

    </div>

    <% if @quote.qcom.present? %>

      <div class="quote-comment-box">

        <strong>Collector's note:</strong>

        <%= @quote.qcom %>

      </div>

    <% end %>

    <!-- Categories -->
    <div class="quote-categories">

      <strong>Categories:</strong>

      <% @quote.categories.each do |cat| %>

        <%= link_to cat.catname,
            search_path(category_id: cat.id),
            class: "cat-badge" %>

      <% end %>

    </div>

    <!-- Visibility -->
    <div class="quote-visibility">
        <strong>Visibility:</strong>
      <span class="visibility-badge <%= @quote.ispublic? ? 'public' : 'private' %>">

        <%= @quote.ispublic? ? "Public" : "Private" %>

      </span>

    </div>

    <!-- Added Information -->
    <div class="quote-added-public">

      <p>

        <strong>Added By:</strong>

        <%= @quote.user.full_name %>

      </p>

      <p>

        <strong>Date Added:</strong>

        <%= @quote.created_at.strftime("%B %d, %Y") %>

      </p>

      <p>

        <strong>Time Added:</strong>

        <%= @quote.created_at.strftime("%I:%M %p") %>

      </p>

    </div>

  </div>

  <!-- Action Buttons -->
  <div class="page-actions">

<% if logged_in? && (current_user == @quote.user || admin_user?) %>

  <%= link_to "Edit Quote",
      edit_quote_path(@quote),
      class: "btn btn-secondary" %>

  <%= form_with url: quote_path(@quote), method: :delete, local: true, style: "display:inline;" do %>
    <%= submit_tag "Delete Quote", class: "btn btn-danger", onclick: "return confirm('Are you sure you want to delete this quote?')" %>
  <% end %>

<% end %>

<%= link_to "Back",
    quotes_path,
    class: "btn btn-link" %>

    <% end %>

    <%= link_to "Back",
        quotes_path,
        class: "btn btn-link" %>

  </div>

</div>
):
1:    <div class="quote-show">
2:    
3:      <div class="quote-card quote-card-large">
4:    
5:        <blockquote class="quote-text-large">
6:          "<%= @quote.qtext %>"
7:        </blockquote>
8:    
9:        <div class="quote-attribution">
10:    
11:          <div class="source-details">
12:    
13:            <strong>
14:              <%= @quote.source.full_name %>
15:            </strong>
16:    
17:            <% if @quote.source.byear.present? || @quote.source.dyear.present? %>
18:    
19:              <span class="life-years">
20:                <%= @quote.source.life_years %>
21:              </span>
22:    
23:            <% end %>
24:    
25:            <% if @quote.qyear.present? %>
26:    
27:              <span class="pub-year">
28:                Published: <%= @quote.qyear %>
29:              </span>
30:    
31:            <% end %>
32:    
33:            <% if @quote.source.bio.present? %>
34:    
35:              <p class="source-bio">
36:                <%= @quote.source.bio %>
37:              </p>
38:    
39:            <% end %>
40:    
41:          </div>
42:    
43:          <p class="quote-collector">
44:    
45:            Collected by
46:    
47:            <strong>
48:              <%= @quote.user.full_name %>
49:            </strong>
50:    
51:          </p>
52:    
53:        </div>
54:    
55:        <% if @quote.qcom.present? %>
56:    
57:          <div class="quote-comment-box">
58:    
59:            <strong>Collector's note:</strong>
60:    
61:            <%= @quote.qcom %>
62:    
63:          </div>
64:    
65:        <% end %>
66:    
67:        <!-- Categories -->
68:        <div class="quote-categories">
69:    
70:          <strong>Categories:</strong>
71:    
72:          <% @quote.categories.each do |cat| %>
73:    
74:            <%= link_to cat.catname,
75:                search_path(category_id: cat.id),
76:                class: "cat-badge" %>
77:    
78:          <% end %>
79:    
80:        </div>
81:    
82:        <!-- Visibility -->
83:        <div class="quote-visibility">
84:            <strong>Visibility:</strong>
85:          <span class="visibility-badge <%= @quote.ispublic? ? 'public' : 'private' %>">
86:    
87:            <%= @quote.ispublic? ? "Public" : "Private" %>
88:    
89:          </span>
90:    
91:        </div>
92:    
93:        <!-- Added Information -->
94:        <div class="quote-added-public">
95:    
96:          <p>
97:    
98:            <strong>Added By:</strong>
99:    
100:            <%= @quote.user.full_name %>
101:    
102:          </p>
103:    
104:          <p>
105:    
106:            <strong>Date Added:</strong>
107:    
108:            <%= @quote.created_at.strftime("%B %d, %Y") %>
109:    
110:          </p>
111:    
112:          <p>
113:    
114:            <strong>Time Added:</strong>
115:    
116:            <%= @quote.created_at.strftime("%I:%M %p") %>
117:    
118:          </p>
119:    
120:        </div>
121:    
122:      </div>
123:    
124:      <!-- Action Buttons -->
125:      <div class="page-actions">
126:    
127:    <% if logged_in? && (current_user == @quote.user || admin_user?) %>
128:    
129:      <%= link_to "Edit Quote",
130:          edit_quote_path(@quote),
131:          class: "btn btn-secondary" %>
132:    
133:      <%= form_with url: quote_path(@quote), method: :delete, local: true, style: "display:inline;" do %>
134:        <%= submit_tag "Delete Quote", class: "btn btn-danger", onclick: "return confirm('Are you sure you want to delete this quote?')" %>
135:      <% end %>
136:    
137:    <% end %>
138:    
139:    <%= link_to "Back",
140:        quotes_path,
141:        class: "btn btn-link" %>
142:    
143:        <% end %>
144:    
145:        <%= link_to "Back",
146:            quotes_path,
147:            class: "btn btn-link" %>
148:    
149:      </div>
150:    
151:    </div>
  
app/views/quotes/show.html.erb:153: syntax error found

Information for cause: ActiveSupport::SyntaxErrorProxy (C:/Users/ASUS/Documents/myquote_category_fix/myquote/app/views/quotes/show.html.erb:153: syntax error found
  [2m151 | [m</div>'.freeze;
  [2m152 | [m@output_buffer
[1;31m> [m[2m153 | [m          end
  [2m    | [m          [1;31m^~~[m unexpected 'end', ignoring it
):
  
app/views/quotes/show.html.erb:153: syntax error found
Started GET "/quotes/12" for 127.0.0.1 at 2026-05-23 02:17:42 +0530
Processing by QuotesController#show as HTML
  Parameters: {"id" => "12"}
  [1m[36mQuote Load (0.7ms)[0m  [1m[34mSELECT "quotes".* FROM "quotes" WHERE "quotes"."id" = ? LIMIT ?[0m  [["id", 12], ["LIMIT", 1]]
  ↳ app/controllers/quotes_controller.rb:95:in 'QuotesController#set_quote'
  Rendering layout layouts/application.html.erb
  Rendering quotes/show.html.erb within layouts/application
  [1m[36mSource Load (0.2ms)[0m  [1m[34mSELECT "sources".* FROM "sources" WHERE "sources"."id" = ? LIMIT ?[0m  [["id", 7], ["LIMIT", 1]]
  ↳ app/views/quotes/show.html.erb:7
  [1m[36mUser Load (0.3ms)[0m  [1m[34mSELECT "users".* FROM "users" WHERE "users"."id" = ? LIMIT ?[0m  [["id", 1], ["LIMIT", 1]]
  ↳ app/views/quotes/show.html.erb:18
  [1m[36mCategory Load (0.3ms)[0m  [1m[34mSELECT "categories".* FROM "categories" INNER JOIN "quote_categories" ON "categories"."id" = "quote_categories"."category_id" WHERE "quote_categories"."quote_id" = ?[0m  [["quote_id", 12]]
  ↳ app/views/quotes/show.html.erb:29
  [1m[36mCACHE User Load (0.1ms)[0m  [1m[34mSELECT "users".* FROM "users" WHERE "users"."id" = ? LIMIT ?[0m  [["id", 1], ["LIMIT", 1]]
  ↳ app/controllers/application_controller.rb:10:in 'ApplicationController#current_user'
  Rendered quotes/show.html.erb within layouts/application (Duration: 74.1ms | GC: 0.0ms)
  Rendered layout layouts/application.html.erb (Duration: 90.7ms | GC: 0.0ms)
Completed 200 OK in 244ms (Views: 98.7ms | ActiveRecord: 9.3ms (5 queries, 1 cached) | GC: 0.0ms)


Started GET "/quotes/12" for 127.0.0.1 at 2026-05-23 02:18:18 +0530
Processing by QuotesController#show as HTML
  Parameters: {"id" => "12"}
  [1m[36mQuote Load (0.4ms)[0m  [1m[34mSELECT "quotes".* FROM "quotes" WHERE "quotes"."id" = ? LIMIT ?[0m  [["id", 12], ["LIMIT", 1]]
  ↳ app/controllers/quotes_controller.rb:95:in 'QuotesController#set_quote'
  Rendering layout layouts/application.html.erb
  Rendering quotes/show.html.erb within layouts/application
  [1m[36mSource Load (0.3ms)[0m  [1m[34mSELECT "sources".* FROM "sources" WHERE "sources"."id" = ? LIMIT ?[0m  [["id", 7], ["LIMIT", 1]]
  ↳ app/views/quotes/show.html.erb:14
  [1m[36mUser Load (0.7ms)[0m  [1m[34mSELECT "users".* FROM "users" WHERE "users"."id" = ? LIMIT ?[0m  [["id", 1], ["LIMIT", 1]]
  ↳ app/views/quotes/show.html.erb:48
  [1m[36mCategory Load (1.1ms)[0m  [1m[34mSELECT "categories".* FROM "categories" INNER JOIN "quote_categories" ON "categories"."id" = "quote_categories"."category_id" WHERE "quote_categories"."quote_id" = ?[0m  [["quote_id", 12]]
  ↳ app/views/quotes/show.html.erb:72
  [1m[36mCACHE User Load (0.0ms)[0m  [1m[34mSELECT "users".* FROM "users" WHERE "users"."id" = ? LIMIT ?[0m  [["id", 1], ["LIMIT", 1]]
  ↳ app/controllers/application_controller.rb:10:in 'ApplicationController#current_user'
  Rendered quotes/show.html.erb within layouts/application (Duration: 133.3ms | GC: 0.0ms)
  Rendered layout layouts/application.html.erb (Duration: 151.9ms | GC: 0.2ms)
Completed 200 OK in 394ms (Views: 159.6ms | ActiveRecord: 14.8ms (5 queries, 1 cached) | GC: 0.2ms)


Started DELETE "/quotes/12" for 127.0.0.1 at 2026-05-23 02:18:22 +0530
Processing by QuotesController#destroy as HTML
  Parameters: {"authenticity_token" => "[FILTERED]", "commit" => "Delete Quote", "id" => "12"}
  [1m[36mUser Load (0.3ms)[0m  [1m[34mSELECT "users".* FROM "users" WHERE "users"."id" = ? LIMIT ?[0m  [["id", 1], ["LIMIT", 1]]
  ↳ app/controllers/application_controller.rb:10:in 'ApplicationController#current_user'
  [1m[36mQuote Load (0.2ms)[0m  [1m[34mSELECT "quotes".* FROM "quotes" WHERE "quotes"."id" = ? LIMIT ?[0m  [["id", 12], ["LIMIT", 1]]
  ↳ app/controllers/quotes_controller.rb:95:in 'QuotesController#set_quote'
  [1m[36mCACHE User Load (0.1ms)[0m  [1m[34mSELECT "users".* FROM "users" WHERE "users"."id" = ? LIMIT ?[0m  [["id", 1], ["LIMIT", 1]]
  ↳ app/controllers/quotes_controller.rb:103:in 'QuotesController#require_quote_owner'
  [1m[36mTRANSACTION (0.2ms)[0m  [1m[36mBEGIN immediate TRANSACTION[0m
  ↳ app/controllers/quotes_controller.rb:87:in 'QuotesController#destroy'
  [1m[36mQuoteCategory Load (0.4ms)[0m  [1m[34mSELECT "quote_categories".* FROM "quote_categories" WHERE "quote_categories"."quote_id" = ?[0m  [["quote_id", 12]]
  ↳ app/controllers/quotes_controller.rb:87:in 'QuotesController#destroy'
  [1m[36mQuoteCategory Destroy (0.4ms)[0m  [1m[31mDELETE FROM "quote_categories" WHERE "quote_categories"."id" = ?[0m  [["id", 20]]
  ↳ app/controllers/quotes_controller.rb:87:in 'QuotesController#destroy'
  [1m[36mQuote Destroy (0.4ms)[0m  [1m[31mDELETE FROM "quotes" WHERE "quotes"."id" = ?[0m  [["id", 12]]
  ↳ app/controllers/quotes_controller.rb:87:in 'QuotesController#destroy'
  [1m[36mTRANSACTION (5.0ms)[0m  [1m[36mCOMMIT TRANSACTION[0m
  ↳ app/controllers/quotes_controller.rb:87:in 'QuotesController#destroy'
Redirected to http://127.0.0.1:4000/profile
Completed 302 Found in 83ms (ActiveRecord: 12.3ms (6 queries, 1 cached) | GC: 0.0ms)


Started GET "/profile" for 127.0.0.1 at 2026-05-23 02:18:23 +0530
Processing by UsersController#show as HTML
  [1m[36mUser Load (0.3ms)[0m  [1m[34mSELECT "users".* FROM "users" WHERE "users"."id" = ? LIMIT ?[0m  [["id", 1], ["LIMIT", 1]]
  ↳ app/controllers/application_controller.rb:10:in 'ApplicationController#current_user'
  Rendering layout layouts/application.html.erb
  Rendering users/show.html.erb within layouts/application
  [1m[36mQuote Count (0.5ms)[0m  [1m[34mSELECT COUNT(*) FROM "quotes" WHERE "quotes"."user_id" = ?[0m  [["user_id", 1]]
  ↳ app/views/users/show.html.erb:18
  [1m[36mQuote Exists? (0.4ms)[0m  [1m[34mSELECT 1 AS one FROM "quotes" WHERE "quotes"."user_id" = ? LIMIT ?[0m  [["user_id", 1], ["LIMIT", 1]]
  ↳ app/views/users/show.html.erb:19
  [1m[36mQuote Load (0.4ms)[0m  [1m[34mSELECT "quotes".* FROM "quotes" WHERE "quotes"."user_id" = ? ORDER BY "quotes"."created_at" DESC[0m  [["user_id", 1]]
  ↳ app/views/users/show.html.erb:25
  [1m[36mSource Load (0.5ms)[0m  [1m[34mSELECT "sources".* FROM "sources" WHERE "sources"."id" IN (?, ?, ?)[0m  [["id", 7], ["id", 3], ["id", 4]]
  ↳ app/views/users/show.html.erb:25
  [1m[36mQuoteCategory Load (0.5ms)[0m  [1m[34mSELECT "quote_categories".* FROM "quote_categories" WHERE "quote_categories"."quote_id" IN (?, ?, ?, ?)[0m  [["quote_id", 11], ["quote_id", 9], ["quote_id", 8], ["quote_id", 7]]
  ↳ app/views/users/show.html.erb:25
  [1m[36mCategory Load (0.7ms)[0m  [1m[34mSELECT "categories".* FROM "categories" WHERE "categories"."id" IN (?, ?, ?, ?, ?)[0m  [["id", 10], ["id", 1], ["id", 4], ["id", 3], ["id", 5]]
  ↳ app/views/users/show.html.erb:25
  Rendered users/show.html.erb within layouts/application (Duration: 57.2ms | GC: 0.0ms)
  Rendered layout layouts/application.html.erb (Duration: 77.0ms | GC: 0.0ms)
Completed 200 OK in 105ms (Views: 86.9ms | ActiveRecord: 3.2ms (7 queries, 0 cached) | GC: 0.0ms)


Started GET "/quotes/11" for 127.0.0.1 at 2026-05-23 02:18:30 +0530
Processing by QuotesController#show as HTML
  Parameters: {"id" => "11"}
  [1m[36mQuote Load (0.3ms)[0m  [1m[34mSELECT "quotes".* FROM "quotes" WHERE "quotes"."id" = ? LIMIT ?[0m  [["id", 11], ["LIMIT", 1]]
  ↳ app/controllers/quotes_controller.rb:95:in 'QuotesController#set_quote'
  Rendering layout layouts/application.html.erb
  Rendering quotes/show.html.erb within layouts/application
  [1m[36mSource Load (0.5ms)[0m  [1m[34mSELECT "sources".* FROM "sources" WHERE "sources"."id" = ? LIMIT ?[0m  [["id", 7], ["LIMIT", 1]]
  ↳ app/views/quotes/show.html.erb:14
  [1m[36mUser Load (0.4ms)[0m  [1m[34mSELECT "users".* FROM "users" WHERE "users"."id" = ? LIMIT ?[0m  [["id", 1], ["LIMIT", 1]]
  ↳ app/views/quotes/show.html.erb:48
  [1m[36mCategory Load (0.2ms)[0m  [1m[34mSELECT "categories".* FROM "categories" INNER JOIN "quote_categories" ON "categories"."id" = "quote_categories"."category_id" WHERE "quote_categories"."quote_id" = ?[0m  [["quote_id", 11]]
  ↳ app/views/quotes/show.html.erb:72
  [1m[36mCACHE User Load (0.1ms)[0m  [1m[34mSELECT "users".* FROM "users" WHERE "users"."id" = ? LIMIT ?[0m  [["id", 1], ["LIMIT", 1]]
  ↳ app/controllers/application_controller.rb:10:in 'ApplicationController#current_user'
  Rendered quotes/show.html.erb within layouts/application (Duration: 32.2ms | GC: 0.0ms)
  Rendered layout layouts/application.html.erb (Duration: 45.1ms | GC: 0.0ms)
Completed 200 OK in 58ms (Views: 46.3ms | ActiveRecord: 1.3ms (5 queries, 1 cached) | GC: 0.0ms)


Started GET "/quotes/11" for 127.0.0.1 at 2026-05-23 02:22:47 +0530
Processing by QuotesController#show as HTML
  Parameters: {"id" => "11"}
  [1m[36mQuote Load (0.6ms)[0m  [1m[34mSELECT "quotes".* FROM "quotes" WHERE "quotes"."id" = ? LIMIT ?[0m  [["id", 11], ["LIMIT", 1]]
  ↳ app/controllers/quotes_controller.rb:95:in 'QuotesController#set_quote'
  Rendering layout layouts/application.html.erb
  Rendering quotes/show.html.erb within layouts/application
  [1m[36mSource Load (0.4ms)[0m  [1m[34mSELECT "sources".* FROM "sources" WHERE "sources"."id" = ? LIMIT ?[0m  [["id", 7], ["LIMIT", 1]]
  ↳ app/views/quotes/show.html.erb:14
  [1m[36mUser Load (1.0ms)[0m  [1m[34mSELECT "users".* FROM "users" WHERE "users"."id" = ? LIMIT ?[0m  [["id", 1], ["LIMIT", 1]]
  ↳ app/views/quotes/show.html.erb:48
  [1m[36mCategory Load (0.4ms)[0m  [1m[34mSELECT "categories".* FROM "categories" INNER JOIN "quote_categories" ON "categories"."id" = "quote_categories"."category_id" WHERE "quote_categories"."quote_id" = ?[0m  [["quote_id", 11]]
  ↳ app/views/quotes/show.html.erb:72
  [1m[36mCACHE User Load (0.1ms)[0m  [1m[34mSELECT "users".* FROM "users" WHERE "users"."id" = ? LIMIT ?[0m  [["id", 1], ["LIMIT", 1]]
  ↳ app/controllers/application_controller.rb:10:in 'ApplicationController#current_user'
  Rendered quotes/show.html.erb within layouts/application (Duration: 128.5ms | GC: 0.0ms)
  Rendered layout layouts/application.html.erb (Duration: 144.6ms | GC: 0.0ms)
Completed 200 OK in 246ms (Views: 164.5ms | ActiveRecord: 14.6ms (5 queries, 1 cached) | GC: 0.0ms)


Started GET "/quotes/11" for 127.0.0.1 at 2026-05-23 02:23:03 +0530
Processing by QuotesController#show as HTML
  Parameters: {"id" => "11"}
  [1m[36mQuote Load (0.7ms)[0m  [1m[34mSELECT "quotes".* FROM "quotes" WHERE "quotes"."id" = ? LIMIT ?[0m  [["id", 11], ["LIMIT", 1]]
  ↳ app/controllers/quotes_controller.rb:95:in 'QuotesController#set_quote'
  Rendering layout layouts/application.html.erb
  Rendering quotes/show.html.erb within layouts/application
  [1m[36mSource Load (0.3ms)[0m  [1m[34mSELECT "sources".* FROM "sources" WHERE "sources"."id" = ? LIMIT ?[0m  [["id", 7], ["LIMIT", 1]]
  ↳ app/views/quotes/show.html.erb:14
  [1m[36mUser Load (0.6ms)[0m  [1m[34mSELECT "users".* FROM "users" WHERE "users"."id" = ? LIMIT ?[0m  [["id", 1], ["LIMIT", 1]]
  ↳ app/views/quotes/show.html.erb:48
  [1m[36mCategory Load (0.3ms)[0m  [1m[34mSELECT "categories".* FROM "categories" INNER JOIN "quote_categories" ON "categories"."id" = "quote_categories"."category_id" WHERE "quote_categories"."quote_id" = ?[0m  [["quote_id", 11]]
  ↳ app/views/quotes/show.html.erb:72
  [1m[36mCACHE User Load (0.1ms)[0m  [1m[34mSELECT "users".* FROM "users" WHERE "users"."id" = ? LIMIT ?[0m  [["id", 1], ["LIMIT", 1]]
  ↳ app/controllers/application_controller.rb:10:in 'ApplicationController#current_user'
  Rendered quotes/show.html.erb within layouts/application (Duration: 118.1ms | GC: 0.0ms)
  Rendered layout layouts/application.html.erb (Duration: 145.3ms | GC: 0.0ms)
Completed 200 OK in 203ms (Views: 157.3ms | ActiveRecord: 11.7ms (5 queries, 1 cached) | GC: 0.0ms)


Started GET "/quotes/11" for 127.0.0.1 at 2026-05-23 02:27:06 +0530
Processing by QuotesController#show as HTML
  Parameters: {"id" => "11"}
  [1m[36mQuote Load (0.6ms)[0m  [1m[34mSELECT "quotes".* FROM "quotes" WHERE "quotes"."id" = ? LIMIT ?[0m  [["id", 11], ["LIMIT", 1]]
  ↳ app/controllers/quotes_controller.rb:95:in 'QuotesController#set_quote'
  Rendering layout layouts/application.html.erb
  Rendering quotes/show.html.erb within layouts/application
  [1m[36mSource Load (0.4ms)[0m  [1m[34mSELECT "sources".* FROM "sources" WHERE "sources"."id" = ? LIMIT ?[0m  [["id", 7], ["LIMIT", 1]]
  ↳ app/views/quotes/show.html.erb:14
  [1m[36mUser Load (0.3ms)[0m  [1m[34mSELECT "users".* FROM "users" WHERE "users"."id" = ? LIMIT ?[0m  [["id", 1], ["LIMIT", 1]]
  ↳ app/views/quotes/show.html.erb:48
  [1m[36mCategory Load (0.3ms)[0m  [1m[34mSELECT "categories".* FROM "categories" INNER JOIN "quote_categories" ON "categories"."id" = "quote_categories"."category_id" WHERE "quote_categories"."quote_id" = ?[0m  [["quote_id", 11]]
  ↳ app/views/quotes/show.html.erb:72
  [1m[36mCACHE User Load (0.0ms)[0m  [1m[34mSELECT "users".* FROM "users" WHERE "users"."id" = ? LIMIT ?[0m  [["id", 1], ["LIMIT", 1]]
  ↳ app/controllers/application_controller.rb:10:in 'ApplicationController#current_user'
  Rendered quotes/show.html.erb within layouts/application (Duration: 85.2ms | GC: 0.0ms)
  Rendered layout layouts/application.html.erb (Duration: 157.5ms | GC: 0.0ms)
Completed 200 OK in 370ms (Views: 169.5ms | ActiveRecord: 10.5ms (5 queries, 1 cached) | GC: 0.2ms)


Started GET "/assets/application-a75f7a8a5987ae1e0bbbcd6cff973e813565619ff9e27acea10fdb983b3ae768.css" for 127.0.0.1 at 2026-05-23 02:27:07 +0530
Started DELETE "/quotes/11" for 127.0.0.1 at 2026-05-23 02:27:12 +0530
Processing by QuotesController#destroy as HTML
  Parameters: {"authenticity_token" => "[FILTERED]", "commit" => "Delete", "id" => "11"}
  [1m[36mUser Load (0.3ms)[0m  [1m[34mSELECT "users".* FROM "users" WHERE "users"."id" = ? LIMIT ?[0m  [["id", 1], ["LIMIT", 1]]
  ↳ app/controllers/application_controller.rb:10:in 'ApplicationController#current_user'
  [1m[36mQuote Load (0.2ms)[0m  [1m[34mSELECT "quotes".* FROM "quotes" WHERE "quotes"."id" = ? LIMIT ?[0m  [["id", 11], ["LIMIT", 1]]
  ↳ app/controllers/quotes_controller.rb:95:in 'QuotesController#set_quote'
  [1m[36mCACHE User Load (0.0ms)[0m  [1m[34mSELECT "users".* FROM "users" WHERE "users"."id" = ? LIMIT ?[0m  [["id", 1], ["LIMIT", 1]]
  ↳ app/controllers/quotes_controller.rb:103:in 'QuotesController#require_quote_owner'
  [1m[36mTRANSACTION (0.2ms)[0m  [1m[36mBEGIN immediate TRANSACTION[0m
  ↳ app/controllers/quotes_controller.rb:87:in 'QuotesController#destroy'
  [1m[36mQuoteCategory Load (0.2ms)[0m  [1m[34mSELECT "quote_categories".* FROM "quote_categories" WHERE "quote_categories"."quote_id" = ?[0m  [["quote_id", 11]]
  ↳ app/controllers/quotes_controller.rb:87:in 'QuotesController#destroy'
  [1m[36mQuoteCategory Destroy (0.2ms)[0m  [1m[31mDELETE FROM "quote_categories" WHERE "quote_categories"."id" = ?[0m  [["id", 19]]
  ↳ app/controllers/quotes_controller.rb:87:in 'QuotesController#destroy'
  [1m[36mQuote Destroy (0.6ms)[0m  [1m[31mDELETE FROM "quotes" WHERE "quotes"."id" = ?[0m  [["id", 11]]
  ↳ app/controllers/quotes_controller.rb:87:in 'QuotesController#destroy'
  [1m[36mTRANSACTION (8.6ms)[0m  [1m[36mCOMMIT TRANSACTION[0m
  ↳ app/controllers/quotes_controller.rb:87:in 'QuotesController#destroy'
Redirected to http://127.0.0.1:4000/profile
Completed 302 Found in 74ms (ActiveRecord: 16.8ms (6 queries, 1 cached) | GC: 0.0ms)


Started GET "/profile" for 127.0.0.1 at 2026-05-23 02:27:13 +0530
Processing by UsersController#show as HTML
  [1m[36mUser Load (0.4ms)[0m  [1m[34mSELECT "users".* FROM "users" WHERE "users"."id" = ? LIMIT ?[0m  [["id", 1], ["LIMIT", 1]]
  ↳ app/controllers/application_controller.rb:10:in 'ApplicationController#current_user'
  Rendering layout layouts/application.html.erb
  Rendering users/show.html.erb within layouts/application
  [1m[36mQuote Count (0.4ms)[0m  [1m[34mSELECT COUNT(*) FROM "quotes" WHERE "quotes"."user_id" = ?[0m  [["user_id", 1]]
  ↳ app/views/users/show.html.erb:18
  [1m[36mQuote Exists? (0.5ms)[0m  [1m[34mSELECT 1 AS one FROM "quotes" WHERE "quotes"."user_id" = ? LIMIT ?[0m  [["user_id", 1], ["LIMIT", 1]]
  ↳ app/views/users/show.html.erb:19
  [1m[36mQuote Load (1.6ms)[0m  [1m[34mSELECT "quotes".* FROM "quotes" WHERE "quotes"."user_id" = ? ORDER BY "quotes"."created_at" DESC[0m  [["user_id", 1]]
  ↳ app/views/users/show.html.erb:25
  [1m[36mSource Load (0.7ms)[0m  [1m[34mSELECT "sources".* FROM "sources" WHERE "sources"."id" IN (?, ?, ?)[0m  [["id", 7], ["id", 3], ["id", 4]]
  ↳ app/views/users/show.html.erb:25
  [1m[36mQuoteCategory Load (0.5ms)[0m  [1m[34mSELECT "quote_categories".* FROM "quote_categories" WHERE "quote_categories"."quote_id" IN (?, ?, ?)[0m  [["quote_id", 9], ["quote_id", 8], ["quote_id", 7]]
  ↳ app/views/users/show.html.erb:25
  [1m[36mCategory Load (0.3ms)[0m  [1m[34mSELECT "categories".* FROM "categories" WHERE "categories"."id" IN (?, ?, ?, ?)[0m  [["id", 10], ["id", 1], ["id", 4], ["id", 3]]
  ↳ app/views/users/show.html.erb:25
  Rendered users/show.html.erb within layouts/application (Duration: 81.7ms | GC: 0.0ms)
  Rendered layout layouts/application.html.erb (Duration: 102.3ms | GC: 0.0ms)
Completed 200 OK in 142ms (Views: 116.9ms | ActiveRecord: 4.2ms (7 queries, 0 cached) | GC: 0.0ms)


Started GET "/quotes/9" for 127.0.0.1 at 2026-05-23 02:27:18 +0530
Processing by QuotesController#show as HTML
  Parameters: {"id" => "9"}
  [1m[36mQuote Load (0.4ms)[0m  [1m[34mSELECT "quotes".* FROM "quotes" WHERE "quotes"."id" = ? LIMIT ?[0m  [["id", 9], ["LIMIT", 1]]
  ↳ app/controllers/quotes_controller.rb:95:in 'QuotesController#set_quote'
  Rendering layout layouts/application.html.erb
  Rendering quotes/show.html.erb within layouts/application
  [1m[36mSource Load (0.3ms)[0m  [1m[34mSELECT "sources".* FROM "sources" WHERE "sources"."id" = ? LIMIT ?[0m  [["id", 7], ["LIMIT", 1]]
  ↳ app/views/quotes/show.html.erb:14
  [1m[36mUser Load (0.3ms)[0m  [1m[34mSELECT "users".* FROM "users" WHERE "users"."id" = ? LIMIT ?[0m  [["id", 1], ["LIMIT", 1]]
  ↳ app/views/quotes/show.html.erb:48
  [1m[36mCategory Load (0.2ms)[0m  [1m[34mSELECT "categories".* FROM "categories" INNER JOIN "quote_categories" ON "categories"."id" = "quote_categories"."category_id" WHERE "quote_categories"."quote_id" = ?[0m  [["quote_id", 9]]
  ↳ app/views/quotes/show.html.erb:72
  [1m[36mCACHE User Load (0.0ms)[0m  [1m[34mSELECT "users".* FROM "users" WHERE "users"."id" = ? LIMIT ?[0m  [["id", 1], ["LIMIT", 1]]
  ↳ app/controllers/application_controller.rb:10:in 'ApplicationController#current_user'
  Rendered quotes/show.html.erb within layouts/application (Duration: 25.4ms | GC: 0.0ms)
  Rendered layout layouts/application.html.erb (Duration: 38.0ms | GC: 0.0ms)
Completed 200 OK in 49ms (Views: 38.4ms | ActiveRecord: 1.0ms (5 queries, 1 cached) | GC: 0.0ms)


Started GET "/quotes/9" for 127.0.0.1 at 2026-05-23 02:28:06 +0530
Processing by QuotesController#show as HTML
  Parameters: {"id" => "9"}
  [1m[36mQuote Load (0.4ms)[0m  [1m[34mSELECT "quotes".* FROM "quotes" WHERE "quotes"."id" = ? LIMIT ?[0m  [["id", 9], ["LIMIT", 1]]
  ↳ app/controllers/quotes_controller.rb:95:in 'QuotesController#set_quote'
  Rendering layout layouts/application.html.erb
  Rendering quotes/show.html.erb within layouts/application
  [1m[36mSource Load (0.3ms)[0m  [1m[34mSELECT "sources".* FROM "sources" WHERE "sources"."id" = ? LIMIT ?[0m  [["id", 7], ["LIMIT", 1]]
  ↳ app/views/quotes/show.html.erb:14
  [1m[36mUser Load (0.3ms)[0m  [1m[34mSELECT "users".* FROM "users" WHERE "users"."id" = ? LIMIT ?[0m  [["id", 1], ["LIMIT", 1]]
  ↳ app/views/quotes/show.html.erb:48
  [1m[36mCategory Load (0.2ms)[0m  [1m[34mSELECT "categories".* FROM "categories" INNER JOIN "quote_categories" ON "categories"."id" = "quote_categories"."category_id" WHERE "quote_categories"."quote_id" = ?[0m  [["quote_id", 9]]
  ↳ app/views/quotes/show.html.erb:72
  [1m[36mCACHE User Load (0.1ms)[0m  [1m[34mSELECT "users".* FROM "users" WHERE "users"."id" = ? LIMIT ?[0m  [["id", 1], ["LIMIT", 1]]
  ↳ app/controllers/application_controller.rb:10:in 'ApplicationController#current_user'
  Rendered quotes/show.html.erb within layouts/application (Duration: 21.5ms | GC: 0.0ms)
  Rendered layout layouts/application.html.erb (Duration: 90.5ms | GC: 0.0ms)
Completed 200 OK in 103ms (Views: 90.8ms | ActiveRecord: 1.1ms (5 queries, 1 cached) | GC: 0.0ms)


Started GET "/assets/application-a6624e8bc87c736c29102ad7a9f10a198d42498828ebf8a69119f6fa98b7250d.css" for 127.0.0.1 at 2026-05-23 02:28:06 +0530
Started GET "/quotes/9" for 127.0.0.1 at 2026-05-23 02:28:33 +0530
Processing by QuotesController#show as HTML
  Parameters: {"id" => "9"}
  [1m[36mQuote Load (0.4ms)[0m  [1m[34mSELECT "quotes".* FROM "quotes" WHERE "quotes"."id" = ? LIMIT ?[0m  [["id", 9], ["LIMIT", 1]]
  ↳ app/controllers/quotes_controller.rb:95:in 'QuotesController#set_quote'
  Rendering layout layouts/application.html.erb
  Rendering quotes/show.html.erb within layouts/application
  [1m[36mSource Load (0.2ms)[0m  [1m[34mSELECT "sources".* FROM "sources" WHERE "sources"."id" = ? LIMIT ?[0m  [["id", 7], ["LIMIT", 1]]
  ↳ app/views/quotes/show.html.erb:14
  [1m[36mUser Load (0.4ms)[0m  [1m[34mSELECT "users".* FROM "users" WHERE "users"."id" = ? LIMIT ?[0m  [["id", 1], ["LIMIT", 1]]
  ↳ app/views/quotes/show.html.erb:48
  [1m[36mCategory Load (0.2ms)[0m  [1m[34mSELECT "categories".* FROM "categories" INNER JOIN "quote_categories" ON "categories"."id" = "quote_categories"."category_id" WHERE "quote_categories"."quote_id" = ?[0m  [["quote_id", 9]]
  ↳ app/views/quotes/show.html.erb:72
  [1m[36mCACHE User Load (0.1ms)[0m  [1m[34mSELECT "users".* FROM "users" WHERE "users"."id" = ? LIMIT ?[0m  [["id", 1], ["LIMIT", 1]]
  ↳ app/controllers/application_controller.rb:10:in 'ApplicationController#current_user'
  Rendered quotes/show.html.erb within layouts/application (Duration: 29.5ms | GC: 0.0ms)
  Rendered layout layouts/application.html.erb (Duration: 94.3ms | GC: 0.0ms)
Completed 200 OK in 106ms (Views: 94.6ms | ActiveRecord: 1.2ms (5 queries, 1 cached) | GC: 0.0ms)


Started GET "/assets/application-773f25af89a48b70d6fd1686203be2d156b9f824ba3eed1b9943fbc5e02738cc.css" for 127.0.0.1 at 2026-05-23 02:28:34 +0530
Started GET "/quotes/9" for 127.0.0.1 at 2026-05-23 02:29:39 +0530
Processing by QuotesController#show as HTML
  Parameters: {"id" => "9"}
  [1m[36mQuote Load (0.4ms)[0m  [1m[34mSELECT "quotes".* FROM "quotes" WHERE "quotes"."id" = ? LIMIT ?[0m  [["id", 9], ["LIMIT", 1]]
  ↳ app/controllers/quotes_controller.rb:95:in 'QuotesController#set_quote'
  Rendering layout layouts/application.html.erb
  Rendering quotes/show.html.erb within layouts/application
  [1m[36mSource Load (0.2ms)[0m  [1m[34mSELECT "sources".* FROM "sources" WHERE "sources"."id" = ? LIMIT ?[0m  [["id", 7], ["LIMIT", 1]]
  ↳ app/views/quotes/show.html.erb:14
  [1m[36mUser Load (0.3ms)[0m  [1m[34mSELECT "users".* FROM "users" WHERE "users"."id" = ? LIMIT ?[0m  [["id", 1], ["LIMIT", 1]]
  ↳ app/views/quotes/show.html.erb:48
  [1m[36mCategory Load (0.2ms)[0m  [1m[34mSELECT "categories".* FROM "categories" INNER JOIN "quote_categories" ON "categories"."id" = "quote_categories"."category_id" WHERE "quote_categories"."quote_id" = ?[0m  [["quote_id", 9]]
  ↳ app/views/quotes/show.html.erb:72
  [1m[36mCACHE User Load (0.0ms)[0m  [1m[34mSELECT "users".* FROM "users" WHERE "users"."id" = ? LIMIT ?[0m  [["id", 1], ["LIMIT", 1]]
  ↳ app/controllers/application_controller.rb:10:in 'ApplicationController#current_user'
  Rendered quotes/show.html.erb within layouts/application (Duration: 26.6ms | GC: 0.0ms)
  Rendered layout layouts/application.html.erb (Duration: 89.4ms | GC: 0.0ms)
Completed 200 OK in 100ms (Views: 90.1ms | ActiveRecord: 1.1ms (5 queries, 1 cached) | GC: 0.0ms)


Started GET "/assets/application-031ee17a0bfea463f983132cdeff93eb276b24020a91194c5173be4d619c7dae.css" for 127.0.0.1 at 2026-05-23 02:29:39 +0530
Started GET "/quotes/9" for 127.0.0.1 at 2026-05-23 02:29:47 +0530
Processing by QuotesController#show as HTML
  Parameters: {"id" => "9"}
  [1m[36mQuote Load (0.3ms)[0m  [1m[34mSELECT "quotes".* FROM "quotes" WHERE "quotes"."id" = ? LIMIT ?[0m  [["id", 9], ["LIMIT", 1]]
  ↳ app/controllers/quotes_controller.rb:95:in 'QuotesController#set_quote'
  Rendering layout layouts/application.html.erb
  Rendering quotes/show.html.erb within layouts/application
  [1m[36mSource Load (0.2ms)[0m  [1m[34mSELECT "sources".* FROM "sources" WHERE "sources"."id" = ? LIMIT ?[0m  [["id", 7], ["LIMIT", 1]]
  ↳ app/views/quotes/show.html.erb:14
  [1m[36mUser Load (0.3ms)[0m  [1m[34mSELECT "users".* FROM "users" WHERE "users"."id" = ? LIMIT ?[0m  [["id", 1], ["LIMIT", 1]]
  ↳ app/views/quotes/show.html.erb:48
  [1m[36mCategory Load (0.2ms)[0m  [1m[34mSELECT "categories".* FROM "categories" INNER JOIN "quote_categories" ON "categories"."id" = "quote_categories"."category_id" WHERE "quote_categories"."quote_id" = ?[0m  [["quote_id", 9]]
  ↳ app/views/quotes/show.html.erb:72
  [1m[36mCACHE User Load (0.0ms)[0m  [1m[34mSELECT "users".* FROM "users" WHERE "users"."id" = ? LIMIT ?[0m  [["id", 1], ["LIMIT", 1]]
  ↳ app/controllers/application_controller.rb:10:in 'ApplicationController#current_user'
  Rendered quotes/show.html.erb within layouts/application (Duration: 23.2ms | GC: 0.0ms)
  Rendered layout layouts/application.html.erb (Duration: 109.2ms | GC: 0.0ms)
Completed 200 OK in 121ms (Views: 109.6ms | ActiveRecord: 1.1ms (5 queries, 1 cached) | GC: 0.0ms)


Started GET "/assets/application-bb1532734cb259bf49cedabac629d5fa26416642e680d9c1d0d3c52df7be6050.css" for 127.0.0.1 at 2026-05-23 02:29:48 +0530
Started GET "/quotes/9" for 127.0.0.1 at 2026-05-23 02:29:50 +0530
Processing by QuotesController#show as HTML
  Parameters: {"id" => "9"}
  [1m[36mQuote Load (0.5ms)[0m  [1m[34mSELECT "quotes".* FROM "quotes" WHERE "quotes"."id" = ? LIMIT ?[0m  [["id", 9], ["LIMIT", 1]]
  ↳ app/controllers/quotes_controller.rb:95:in 'QuotesController#set_quote'
  Rendering layout layouts/application.html.erb
  Rendering quotes/show.html.erb within layouts/application
  [1m[36mSource Load (0.4ms)[0m  [1m[34mSELECT "sources".* FROM "sources" WHERE "sources"."id" = ? LIMIT ?[0m  [["id", 7], ["LIMIT", 1]]
  ↳ app/views/quotes/show.html.erb:14
  [1m[36mUser Load (0.7ms)[0m  [1m[34mSELECT "users".* FROM "users" WHERE "users"."id" = ? LIMIT ?[0m  [["id", 1], ["LIMIT", 1]]
  ↳ app/views/quotes/show.html.erb:48
  [1m[36mCategory Load (0.2ms)[0m  [1m[34mSELECT "categories".* FROM "categories" INNER JOIN "quote_categories" ON "categories"."id" = "quote_categories"."category_id" WHERE "quote_categories"."quote_id" = ?[0m  [["quote_id", 9]]
  ↳ app/views/quotes/show.html.erb:72
  [1m[36mCACHE User Load (0.0ms)[0m  [1m[34mSELECT "users".* FROM "users" WHERE "users"."id" = ? LIMIT ?[0m  [["id", 1], ["LIMIT", 1]]
  ↳ app/controllers/application_controller.rb:10:in 'ApplicationController#current_user'
  Rendered quotes/show.html.erb within layouts/application (Duration: 38.4ms | GC: 0.0ms)
  Rendered layout layouts/application.html.erb (Duration: 60.1ms | GC: 0.0ms)
Completed 200 OK in 80ms (Views: 60.6ms | ActiveRecord: 1.6ms (5 queries, 1 cached) | GC: 0.0ms)


Started GET "/quotes/9" for 127.0.0.1 at 2026-05-23 02:29:58 +0530
Processing by QuotesController#show as HTML
  Parameters: {"id" => "9"}
  [1m[36mQuote Load (0.2ms)[0m  [1m[34mSELECT "quotes".* FROM "quotes" WHERE "quotes"."id" = ? LIMIT ?[0m  [["id", 9], ["LIMIT", 1]]
  ↳ app/controllers/quotes_controller.rb:95:in 'QuotesController#set_quote'
  Rendering layout layouts/application.html.erb
  Rendering quotes/show.html.erb within layouts/application
  [1m[36mSource Load (0.3ms)[0m  [1m[34mSELECT "sources".* FROM "sources" WHERE "sources"."id" = ? LIMIT ?[0m  [["id", 7], ["LIMIT", 1]]
  ↳ app/views/quotes/show.html.erb:14
  [1m[36mUser Load (0.3ms)[0m  [1m[34mSELECT "users".* FROM "users" WHERE "users"."id" = ? LIMIT ?[0m  [["id", 1], ["LIMIT", 1]]
  ↳ app/views/quotes/show.html.erb:48
  [1m[36mCategory Load (0.2ms)[0m  [1m[34mSELECT "categories".* FROM "categories" INNER JOIN "quote_categories" ON "categories"."id" = "quote_categories"."category_id" WHERE "quote_categories"."quote_id" = ?[0m  [["quote_id", 9]]
  ↳ app/views/quotes/show.html.erb:72
  [1m[36mCACHE User Load (0.0ms)[0m  [1m[34mSELECT "users".* FROM "users" WHERE "users"."id" = ? LIMIT ?[0m  [["id", 1], ["LIMIT", 1]]
  ↳ app/controllers/application_controller.rb:10:in 'ApplicationController#current_user'
  Rendered quotes/show.html.erb within layouts/application (Duration: 22.2ms | GC: 0.0ms)
  Rendered layout layouts/application.html.erb (Duration: 41.3ms | GC: 0.0ms)
Completed 200 OK in 51ms (Views: 41.7ms | ActiveRecord: 1.0ms (5 queries, 1 cached) | GC: 0.0ms)


Started GET "/quotes/9" for 127.0.0.1 at 2026-05-23 02:33:19 +0530
Processing by QuotesController#show as HTML
  Parameters: {"id" => "9"}
  [1m[36mQuote Load (0.4ms)[0m  [1m[34mSELECT "quotes".* FROM "quotes" WHERE "quotes"."id" = ? LIMIT ?[0m  [["id", 9], ["LIMIT", 1]]
  ↳ app/controllers/quotes_controller.rb:95:in 'QuotesController#set_quote'
  Rendering layout layouts/application.html.erb
  Rendering quotes/show.html.erb within layouts/application
  [1m[36mSource Load (0.3ms)[0m  [1m[34mSELECT "sources".* FROM "sources" WHERE "sources"."id" = ? LIMIT ?[0m  [["id", 7], ["LIMIT", 1]]
  ↳ app/views/quotes/show.html.erb:14
  [1m[36mUser Load (0.4ms)[0m  [1m[34mSELECT "users".* FROM "users" WHERE "users"."id" = ? LIMIT ?[0m  [["id", 1], ["LIMIT", 1]]
  ↳ app/views/quotes/show.html.erb:48
  [1m[36mCategory Load (0.6ms)[0m  [1m[34mSELECT "categories".* FROM "categories" INNER JOIN "quote_categories" ON "categories"."id" = "quote_categories"."category_id" WHERE "quote_categories"."quote_id" = ?[0m  [["quote_id", 9]]
  ↳ app/views/quotes/show.html.erb:72
  [1m[36mCACHE User Load (0.1ms)[0m  [1m[34mSELECT "users".* FROM "users" WHERE "users"."id" = ? LIMIT ?[0m  [["id", 1], ["LIMIT", 1]]
  ↳ app/controllers/application_controller.rb:10:in 'ApplicationController#current_user'
  Rendered quotes/show.html.erb within layouts/application (Duration: 101.7ms | GC: 0.0ms)
  Rendered layout layouts/application.html.erb (Duration: 159.5ms | GC: 0.0ms)
Completed 200 OK in 358ms (Views: 167.9ms | ActiveRecord: 10.8ms (5 queries, 1 cached) | GC: 0.0ms)


Started GET "/assets/application-bf76b8ecde3354084b64105557ac60882ded384a745c11c36189bace3f4c2c13.css" for 127.0.0.1 at 2026-05-23 02:33:20 +0530
Started GET "/" for 127.0.0.1 at 2026-05-23 02:34:23 +0530
Processing by PagesController#home as HTML
  Rendering layout layouts/application.html.erb
  Rendering pages/home.html.erb within layouts/application
  [1m[36mUser Load (0.6ms)[0m  [1m[34mSELECT "users".* FROM "users" WHERE "users"."id" = ? LIMIT ?[0m  [["id", 1], ["LIMIT", 1]]
  ↳ app/controllers/application_controller.rb:10:in 'ApplicationController#current_user'
  [1m[36mCategory Load (0.4ms)[0m  [1m[34mSELECT "categories".* FROM "categories" ORDER BY "categories"."catname" ASC[0m
  ↳ app/views/pages/home.html.erb:16
  [1m[36mQuote Exists? (0.5ms)[0m  [1m[34mSELECT 1 AS one FROM "quotes" WHERE "quotes"."ispublic" = ? LIMIT ?[0m  [["ispublic", 1], ["LIMIT", 1]]
  ↳ app/views/pages/home.html.erb:24
  [1m[36mQuote Load (0.9ms)[0m  [1m[34mSELECT "quotes".* FROM "quotes" WHERE "quotes"."ispublic" = ? ORDER BY "quotes"."created_at" DESC LIMIT ?[0m  [["ispublic", 1], ["LIMIT", 10]]
  ↳ app/views/pages/home.html.erb:25
  [1m[36mUser Load (0.4ms)[0m  [1m[34mSELECT "users".* FROM "users" WHERE "users"."id" IN (?, ?)[0m  [["id", 1], ["id", 2]]
  ↳ app/views/pages/home.html.erb:25
  [1m[36mSource Load (0.4ms)[0m  [1m[34mSELECT "sources".* FROM "sources" WHERE "sources"."id" IN (?, ?, ?, ?, ?, ?, ?)[0m  [["id", 7], ["id", 3], ["id", 4], ["id", 6], ["id", 5], ["id", 2], ["id", 1]]
  ↳ app/views/pages/home.html.erb:25
  [1m[36mQuoteCategory Load (1.4ms)[0m  [1m[34mSELECT "quote_categories".* FROM "quote_categories" WHERE "quote_categories"."quote_id" IN (?, ?, ?, ?, ?, ?, ?, ?, ?)[0m  [["quote_id", 9], ["quote_id", 8], ["quote_id", 7], ["quote_id", 6], ["quote_id", 5], ["quote_id", 4], ["quote_id", 3], ["quote_id", 2], ["quote_id", 1]]
  ↳ app/views/pages/home.html.erb:25
  [1m[36mCategory Load (0.5ms)[0m  [1m[34mSELECT "categories".* FROM "categories" WHERE "categories"."id" IN (?, ?, ?, ?, ?, ?)[0m  [["id", 1], ["id", 10], ["id", 2], ["id", 5], ["id", 4], ["id", 3]]
  ↳ app/views/pages/home.html.erb:25
  Rendered pages/home.html.erb within layouts/application (Duration: 67.7ms | GC: 0.0ms)
  Rendered layout layouts/application.html.erb (Duration: 79.2ms | GC: 0.0ms)
Completed 200 OK in 95ms (Views: 81.0ms | ActiveRecord: 5.8ms (8 queries, 0 cached) | GC: 0.0ms)


Started GET "/search" for 127.0.0.1 at 2026-05-23 02:35:06 +0530
Processing by PagesController#search as HTML
  [1m[36mCategory Load (0.4ms)[0m  [1m[34mSELECT "categories".* FROM "categories" WHERE "categories"."id" IS NULL LIMIT ?[0m  [["LIMIT", 1]]
  ↳ app/controllers/pages_controller.rb:13:in 'PagesController#search'
  Rendering layout layouts/application.html.erb
  Rendering pages/search.html.erb within layouts/application
  [1m[36mCategory Load (0.2ms)[0m  [1m[34mSELECT "categories".* FROM "categories" ORDER BY "categories"."catname" ASC[0m
  ↳ app/views/pages/search.html.erb:8
  Rendered pages/search.html.erb within layouts/application (Duration: 8.0ms | GC: 0.0ms)
  [1m[36mUser Load (0.3ms)[0m  [1m[34mSELECT "users".* FROM "users" WHERE "users"."id" = ? LIMIT ?[0m  [["id", 1], ["LIMIT", 1]]
  ↳ app/controllers/application_controller.rb:10:in 'ApplicationController#current_user'
  Rendered layout layouts/application.html.erb (Duration: 28.9ms | GC: 0.0ms)
Completed 200 OK in 51ms (Views: 29.5ms | ActiveRecord: 0.9ms (3 queries, 0 cached) | GC: 0.0ms)


Started GET "/search" for 127.0.0.1 at 2026-05-23 02:37:39 +0530
Processing by PagesController#search as HTML
  [1m[36mCategory Load (0.3ms)[0m  [1m[34mSELECT "categories".* FROM "categories" WHERE "categories"."id" IS NULL LIMIT ?[0m  [["LIMIT", 1]]
  ↳ app/controllers/pages_controller.rb:13:in 'PagesController#search'
  Rendering layout layouts/application.html.erb
  Rendering pages/search.html.erb within layouts/application
  [1m[36mCategory Load (0.4ms)[0m  [1m[34mSELECT "categories".* FROM "categories" ORDER BY "categories"."catname" ASC[0m
  ↳ app/views/pages/search.html.erb:8
  Rendered pages/search.html.erb within layouts/application (Duration: 6.9ms | GC: 0.0ms)
  [1m[36mUser Load (0.4ms)[0m  [1m[34mSELECT "users".* FROM "users" WHERE "users"."id" = ? LIMIT ?[0m  [["id", 1], ["LIMIT", 1]]
  ↳ app/controllers/application_controller.rb:10:in 'ApplicationController#current_user'
  Rendered layout layouts/application.html.erb (Duration: 30.4ms | GC: 0.0ms)
Completed 200 OK in 46ms (Views: 31.0ms | ActiveRecord: 1.1ms (3 queries, 0 cached) | GC: 0.0ms)


Started DELETE "/logout" for 127.0.0.1 at 2026-05-23 02:38:32 +0530
Processing by SessionsController#destroy as HTML
  Parameters: {"authenticity_token" => "[FILTERED]"}
Redirected to http://127.0.0.1:4000/
Completed 302 Found in 11ms (ActiveRecord: 0.0ms (0 queries, 0 cached) | GC: 0.0ms)


Started GET "/" for 127.0.0.1 at 2026-05-23 02:38:33 +0530
Processing by PagesController#home as HTML
  Rendering layout layouts/application.html.erb
  Rendering pages/home.html.erb within layouts/application
  [1m[36mCategory Load (0.3ms)[0m  [1m[34mSELECT "categories".* FROM "categories" ORDER BY "categories"."catname" ASC[0m
  ↳ app/views/pages/home.html.erb:16
  [1m[36mQuote Exists? (0.4ms)[0m  [1m[34mSELECT 1 AS one FROM "quotes" WHERE "quotes"."ispublic" = ? LIMIT ?[0m  [["ispublic", 1], ["LIMIT", 1]]
  ↳ app/views/pages/home.html.erb:24
  [1m[36mQuote Load (0.5ms)[0m  [1m[34mSELECT "quotes".* FROM "quotes" WHERE "quotes"."ispublic" = ? ORDER BY "quotes"."created_at" DESC LIMIT ?[0m  [["ispublic", 1], ["LIMIT", 10]]
  ↳ app/views/pages/home.html.erb:25
  [1m[36mUser Load (0.6ms)[0m  [1m[34mSELECT "users".* FROM "users" WHERE "users"."id" IN (?, ?)[0m  [["id", 1], ["id", 2]]
  ↳ app/views/pages/home.html.erb:25
  [1m[36mSource Load (0.5ms)[0m  [1m[34mSELECT "sources".* FROM "sources" WHERE "sources"."id" IN (?, ?, ?, ?, ?, ?, ?)[0m  [["id", 7], ["id", 3], ["id", 4], ["id", 6], ["id", 5], ["id", 2], ["id", 1]]
  ↳ app/views/pages/home.html.erb:25
  [1m[36mQuoteCategory Load (1.5ms)[0m  [1m[34mSELECT "quote_categories".* FROM "quote_categories" WHERE "quote_categories"."quote_id" IN (?, ?, ?, ?, ?, ?, ?, ?, ?)[0m  [["quote_id", 9], ["quote_id", 8], ["quote_id", 7], ["quote_id", 6], ["quote_id", 5], ["quote_id", 4], ["quote_id", 3], ["quote_id", 2], ["quote_id", 1]]
  ↳ app/views/pages/home.html.erb:25
  [1m[36mCategory Load (0.4ms)[0m  [1m[34mSELECT "categories".* FROM "categories" WHERE "categories"."id" IN (?, ?, ?, ?, ?, ?)[0m  [["id", 1], ["id", 10], ["id", 2], ["id", 5], ["id", 4], ["id", 3]]
  ↳ app/views/pages/home.html.erb:25
  Rendered pages/home.html.erb within layouts/application (Duration: 51.6ms | GC: 0.0ms)
  Rendered layout layouts/application.html.erb (Duration: 69.7ms | GC: 0.0ms)
Completed 200 OK in 76ms (Views: 66.8ms | ActiveRecord: 4.0ms (7 queries, 0 cached) | GC: 0.0ms)


DEPRECATION WARNING: `to_time` will always preserve the full timezone rather than offset of the receiver in Rails 8.1. To opt in to the new behavior, set `config.active_support.to_time_preserves_timezone = :zone`. (called from BasicObject#instance_exec at C:/Users/ASUS/.local/share/gem/ruby/3.4.0/gems/railties-8.0.5/lib/rails/initializable.rb:32)
DEPRECATION WARNING: `to_time` will always preserve the full timezone rather than offset of the receiver in Rails 8.1. To opt in to the new behavior, set `config.active_support.to_time_preserves_timezone = :zone`. (called from block in <module:Finisher> at C:/Users/ASUS/.local/share/gem/ruby/3.4.0/gems/railties-8.0.5/lib/rails/application/finisher.rb:93)
Started GET "/" for 127.0.0.1 at 2026-05-23 13:56:27 +0530
  [1m[36mActiveRecord::SchemaMigration Load (0.4ms)[0m  [1m[34mSELECT "schema_migrations"."version" FROM "schema_migrations" ORDER BY "schema_migrations"."version" ASC[0m
Processing by PagesController#home as HTML
  Rendering layout layouts/application.html.erb
  Rendering pages/home.html.erb within layouts/application
  [1m[36mCategory Load (0.8ms)[0m  [1m[34mSELECT "categories".* FROM "categories" ORDER BY "categories"."catname" ASC[0m
  ↳ app/views/pages/home.html.erb:16
  [1m[36mQuote Exists? (0.3ms)[0m  [1m[34mSELECT 1 AS one FROM "quotes" WHERE "quotes"."ispublic" = ? LIMIT ?[0m  [["ispublic", 1], ["LIMIT", 1]]
  ↳ app/views/pages/home.html.erb:24
  [1m[36mQuote Load (0.5ms)[0m  [1m[34mSELECT "quotes".* FROM "quotes" WHERE "quotes"."ispublic" = ? ORDER BY "quotes"."created_at" DESC LIMIT ?[0m  [["ispublic", 1], ["LIMIT", 10]]
  ↳ app/views/pages/home.html.erb:25
  [1m[36mUser Load (0.4ms)[0m  [1m[34mSELECT "users".* FROM "users" WHERE "users"."id" IN (?, ?)[0m  [["id", 1], ["id", 2]]
  ↳ app/views/pages/home.html.erb:25
  [1m[36mSource Load (0.6ms)[0m  [1m[34mSELECT "sources".* FROM "sources" WHERE "sources"."id" IN (?, ?, ?, ?, ?, ?, ?)[0m  [["id", 7], ["id", 3], ["id", 4], ["id", 6], ["id", 5], ["id", 2], ["id", 1]]
  ↳ app/views/pages/home.html.erb:25
  [1m[36mQuoteCategory Load (0.4ms)[0m  [1m[34mSELECT "quote_categories".* FROM "quote_categories" WHERE "quote_categories"."quote_id" IN (?, ?, ?, ?, ?, ?, ?, ?, ?)[0m  [["quote_id", 9], ["quote_id", 8], ["quote_id", 7], ["quote_id", 6], ["quote_id", 5], ["quote_id", 4], ["quote_id", 3], ["quote_id", 2], ["quote_id", 1]]
  ↳ app/views/pages/home.html.erb:25
  [1m[36mCategory Load (0.6ms)[0m  [1m[34mSELECT "categories".* FROM "categories" WHERE "categories"."id" IN (?, ?, ?, ?, ?, ?)[0m  [["id", 1], ["id", 10], ["id", 2], ["id", 5], ["id", 4], ["id", 3]]
  ↳ app/views/pages/home.html.erb:25
  Rendered pages/home.html.erb within layouts/application (Duration: 909.0ms | GC: 0.8ms)
  Rendered layout layouts/application.html.erb (Duration: 3789.8ms | GC: 0.8ms)
Completed 500 Internal Server Error in 5599ms (ActiveRecord: 29.4ms (7 queries, 0 cached) | GC: 0.9ms)


  
ActionView::Template::Error (Permission denied @ rb_file_s_rename - (C:/Users/ASUS/Documents/myquote_category_fix/myquote/tmp/cache/assets/sprockets/v4.0.0/td/tdy5Rl8L-jr32tfkCoes2QKkU9_wqeEZ1knmzB1VNDo.cache.12472.19044.816247, C:/Users/ASUS/Documents/myquote_category_fix/myquote/tmp/cache/assets/sprockets/v4.0.0/td/tdy5Rl8L-jr32tfkCoes2QKkU9_wqeEZ1knmzB1VNDo.cache))
Caused by: Errno::EACCES (Permission denied @ rb_file_s_rename - (C:/Users/ASUS/Documents/myquote_category_fix/myquote/tmp/cache/assets/sprockets/v4.0.0/td/tdy5Rl8L-jr32tfkCoes2QKkU9_wqeEZ1knmzB1VNDo.cache.12472.19044.816247, C:/Users/ASUS/Documents/myquote_category_fix/myquote/tmp/cache/assets/sprockets/v4.0.0/td/tdy5Rl8L-jr32tfkCoes2QKkU9_wqeEZ1knmzB1VNDo.cache))

Information for: ActionView::Template::Error (Permission denied @ rb_file_s_rename - (C:/Users/ASUS/Documents/myquote_category_fix/myquote/tmp/cache/assets/sprockets/v4.0.0/td/tdy5Rl8L-jr32tfkCoes2QKkU9_wqeEZ1knmzB1VNDo.cache.12472.19044.816247, C:/Users/ASUS/Documents/myquote_category_fix/myquote/tmp/cache/assets/sprockets/v4.0.0/td/tdy5Rl8L-jr32tfkCoes2QKkU9_wqeEZ1knmzB1VNDo.cache)):
  
sprockets (4.2.2) lib/sprockets/path_utils.rb:362:in 'File.rename'
sprockets (4.2.2) lib/sprockets/path_utils.rb:362:in 'Sprockets::PathUtils#atomic_write'
sprockets (4.2.2) lib/sprockets/cache/file_store.rb:112:in 'Sprockets::Cache::FileStore#set'
sprockets (4.2.2) lib/sprockets/cache.rb:227:in 'Sprockets::Cache::GetWrapper#set'
sprockets (4.2.2) lib/sprockets/cache.rb:93:in 'Sprockets::Cache#fetch'
sprockets (4.2.2) lib/sprockets/base.rb:71:in 'Sprockets::Base#file_digest'
sprockets (4.2.2) lib/sprockets.rb:213:in 'block in <module:Sprockets>'
sprockets (4.2.2) lib/sprockets/dependencies.rb:68:in 'Sprockets::Dependencies#resolve_dependency'
sprockets (4.2.2) lib/sprockets/cached_environment.rb:54:in 'block in Sprockets::CachedEnvironment#resolve_dependency'
concurrent-ruby (1.3.6) lib/concurrent-ruby/concurrent/map.rb:207:in 'block in Concurrent::Map#fetch_or_store'
concurrent-ruby (1.3.6) lib/concurrent-ruby/concurrent/map.rb:187:in 'Concurrent::Map#fetch'
concurrent-ruby (1.3.6) lib/concurrent-ruby/concurrent/map.rb:206:in 'Concurrent::Map#fetch_or_store'
sprockets (4.2.2) lib/sprockets/cached_environment.rb:54:in 'Sprockets::CachedEnvironment#resolve_dependency'
sprockets (4.2.2) lib/sprockets/loader.rb:290:in 'block in Sprockets::Loader#resolve_dependencies'
sprockets (4.2.2) lib/sprockets/loader.rb:290:in 'Array#map'
sprockets (4.2.2) lib/sprockets/loader.rb:290:in 'Sprockets::Loader#resolve_dependencies'
sprockets (4.2.2) lib/sprockets/loader.rb:54:in 'block in Sprockets::Loader#load'
sprockets (4.2.2) lib/sprockets/loader.rb:333:in 'block in Sprockets::Loader#fetch_asset_from_dependency_cache'
sprockets (4.2.2) lib/sprockets/loader.rb:329:in 'Array#each'
sprockets (4.2.2) lib/sprockets/loader.rb:329:in 'Enumerable#each_with_index'
sprockets (4.2.2) lib/sprockets/loader.rb:329:in 'Sprockets::Loader#fetch_asset_from_dependency_cache'
sprockets (4.2.2) lib/sprockets/loader.rb:43:in 'Sprockets::Loader#load'
sprockets (4.2.2) lib/sprockets/cached_environment.rb:44:in 'block in Sprockets::CachedEnvironment#load'
concurrent-ruby (1.3.6) lib/concurrent-ruby/concurrent/map.rb:207:in 'block in Concurrent::Map#fetch_or_store'
concurrent-ruby (1.3.6) lib/concurrent-ruby/concurrent/map.rb:187:in 'Concurrent::Map#fetch'
concurrent-ruby (1.3.6) lib/concurrent-ruby/concurrent/map.rb:206:in 'Concurrent::Map#fetch_or_store'
sprockets (4.2.2) lib/sprockets/cached_environment.rb:44:in 'Sprockets::CachedEnvironment#load'
sprockets (4.2.2) lib/sprockets/base.rb:81:in 'Sprockets::Base#find_asset'
sprockets (4.2.2) lib/sprockets/base.rb:88:in 'Sprockets::Base#find_all_linked_assets'
sprockets (4.2.2) lib/sprockets/manifest.rb:125:in 'Enumerator#each'
sprockets (4.2.2) lib/sprockets/manifest.rb:125:in 'Enumerable#to_a'
sprockets (4.2.2) lib/sprockets/manifest.rb:125:in 'block (2 levels) in Sprockets::Manifest#find'
concurrent-ruby (1.3.6) lib/concurrent-ruby/concurrent/executor/safe_task_executor.rb:24:in 'block in Concurrent::SafeTaskExecutor#execute'
concurrent-ruby (1.3.6) lib/concurrent-ruby/concurrent/synchronization/mutex_lockable_object.rb:48:in 'block in Concurrent::Synchronization::MutexLockableObject#synchronize'
concurrent-ruby (1.3.6) lib/concurrent-ruby/concurrent/synchronization/mutex_lockable_object.rb:48:in 'Thread::Mutex#synchronize'
concurrent-ruby (1.3.6) lib/concurrent-ruby/concurrent/synchronization/mutex_lockable_object.rb:48:in 'Concurrent::Synchronization::MutexLockableObject#synchronize'
concurrent-ruby (1.3.6) lib/concurrent-ruby/concurrent/executor/safe_task_executor.rb:22:in 'Concurrent::SafeTaskExecutor#execute'
concurrent-ruby (1.3.6) lib/concurrent-ruby/concurrent/promise.rb:564:in 'block in Concurrent::Promise#realize'
concurrent-ruby (1.3.6) lib/concurrent-ruby/concurrent/executor/ruby_thread_pool_executor.rb:382:in 'Concurrent::RubyThreadPoolExecutor::Worker#run_task'
concurrent-ruby (1.3.6) lib/concurrent-ruby/concurrent/executor/ruby_thread_pool_executor.rb:372:in 'block (3 levels) in Concurrent::RubyThreadPoolExecutor::Worker#create_worker'
<internal:kernel>:168:in 'Kernel#loop'
concurrent-ruby (1.3.6) lib/concurrent-ruby/concurrent/executor/ruby_thread_pool_executor.rb:361:in 'block (2 levels) in Concurrent::RubyThreadPoolExecutor::Worker#create_worker'
concurrent-ruby (1.3.6) lib/concurrent-ruby/concurrent/executor/ruby_thread_pool_executor.rb:358:in 'Kernel#catch'
concurrent-ruby (1.3.6) lib/concurrent-ruby/concurrent/executor/ruby_thread_pool_executor.rb:358:in 'block in Concurrent::RubyThreadPoolExecutor::Worker#create_worker'

Information for cause: Errno::EACCES (Permission denied @ rb_file_s_rename - (C:/Users/ASUS/Documents/myquote_category_fix/myquote/tmp/cache/assets/sprockets/v4.0.0/td/tdy5Rl8L-jr32tfkCoes2QKkU9_wqeEZ1knmzB1VNDo.cache.12472.19044.816247, C:/Users/ASUS/Documents/myquote_category_fix/myquote/tmp/cache/assets/sprockets/v4.0.0/td/tdy5Rl8L-jr32tfkCoes2QKkU9_wqeEZ1knmzB1VNDo.cache)):
  
sprockets (4.2.2) lib/sprockets/path_utils.rb:362:in 'File.rename'
sprockets (4.2.2) lib/sprockets/path_utils.rb:362:in 'Sprockets::PathUtils#atomic_write'
sprockets (4.2.2) lib/sprockets/cache/file_store.rb:112:in 'Sprockets::Cache::FileStore#set'
sprockets (4.2.2) lib/sprockets/cache.rb:227:in 'Sprockets::Cache::GetWrapper#set'
sprockets (4.2.2) lib/sprockets/cache.rb:93:in 'Sprockets::Cache#fetch'
sprockets (4.2.2) lib/sprockets/base.rb:71:in 'Sprockets::Base#file_digest'
sprockets (4.2.2) lib/sprockets.rb:213:in 'block in <module:Sprockets>'
sprockets (4.2.2) lib/sprockets/dependencies.rb:68:in 'Sprockets::Dependencies#resolve_dependency'
sprockets (4.2.2) lib/sprockets/cached_environment.rb:54:in 'block in Sprockets::CachedEnvironment#resolve_dependency'
concurrent-ruby (1.3.6) lib/concurrent-ruby/concurrent/map.rb:207:in 'block in Concurrent::Map#fetch_or_store'
concurrent-ruby (1.3.6) lib/concurrent-ruby/concurrent/map.rb:187:in 'Concurrent::Map#fetch'
concurrent-ruby (1.3.6) lib/concurrent-ruby/concurrent/map.rb:206:in 'Concurrent::Map#fetch_or_store'
sprockets (4.2.2) lib/sprockets/cached_environment.rb:54:in 'Sprockets::CachedEnvironment#resolve_dependency'
sprockets (4.2.2) lib/sprockets/loader.rb:290:in 'block in Sprockets::Loader#resolve_dependencies'
sprockets (4.2.2) lib/sprockets/loader.rb:290:in 'Array#map'
sprockets (4.2.2) lib/sprockets/loader.rb:290:in 'Sprockets::Loader#resolve_dependencies'
sprockets (4.2.2) lib/sprockets/loader.rb:54:in 'block in Sprockets::Loader#load'
sprockets (4.2.2) lib/sprockets/loader.rb:333:in 'block in Sprockets::Loader#fetch_asset_from_dependency_cache'
sprockets (4.2.2) lib/sprockets/loader.rb:329:in 'Array#each'
sprockets (4.2.2) lib/sprockets/loader.rb:329:in 'Enumerable#each_with_index'
sprockets (4.2.2) lib/sprockets/loader.rb:329:in 'Sprockets::Loader#fetch_asset_from_dependency_cache'
sprockets (4.2.2) lib/sprockets/loader.rb:43:in 'Sprockets::Loader#load'
sprockets (4.2.2) lib/sprockets/cached_environment.rb:44:in 'block in Sprockets::CachedEnvironment#load'
concurrent-ruby (1.3.6) lib/concurrent-ruby/concurrent/map.rb:207:in 'block in Concurrent::Map#fetch_or_store'
concurrent-ruby (1.3.6) lib/concurrent-ruby/concurrent/map.rb:187:in 'Concurrent::Map#fetch'
concurrent-ruby (1.3.6) lib/concurrent-ruby/concurrent/map.rb:206:in 'Concurrent::Map#fetch_or_store'
sprockets (4.2.2) lib/sprockets/cached_environment.rb:44:in 'Sprockets::CachedEnvironment#load'
sprockets (4.2.2) lib/sprockets/base.rb:81:in 'Sprockets::Base#find_asset'
sprockets (4.2.2) lib/sprockets/base.rb:88:in 'Sprockets::Base#find_all_linked_assets'
sprockets (4.2.2) lib/sprockets/manifest.rb:125:in 'Enumerator#each'
sprockets (4.2.2) lib/sprockets/manifest.rb:125:in 'Enumerable#to_a'
sprockets (4.2.2) lib/sprockets/manifest.rb:125:in 'block (2 levels) in Sprockets::Manifest#find'
concurrent-ruby (1.3.6) lib/concurrent-ruby/concurrent/executor/safe_task_executor.rb:24:in 'block in Concurrent::SafeTaskExecutor#execute'
concurrent-ruby (1.3.6) lib/concurrent-ruby/concurrent/synchronization/mutex_lockable_object.rb:48:in 'block in Concurrent::Synchronization::MutexLockableObject#synchronize'
concurrent-ruby (1.3.6) lib/concurrent-ruby/concurrent/synchronization/mutex_lockable_object.rb:48:in 'Thread::Mutex#synchronize'
concurrent-ruby (1.3.6) lib/concurrent-ruby/concurrent/synchronization/mutex_lockable_object.rb:48:in 'Concurrent::Synchronization::MutexLockableObject#synchronize'
concurrent-ruby (1.3.6) lib/concurrent-ruby/concurrent/executor/safe_task_executor.rb:22:in 'Concurrent::SafeTaskExecutor#execute'
concurrent-ruby (1.3.6) lib/concurrent-ruby/concurrent/promise.rb:564:in 'block in Concurrent::Promise#realize'
concurrent-ruby (1.3.6) lib/concurrent-ruby/concurrent/executor/ruby_thread_pool_executor.rb:382:in 'Concurrent::RubyThreadPoolExecutor::Worker#run_task'
concurrent-ruby (1.3.6) lib/concurrent-ruby/concurrent/executor/ruby_thread_pool_executor.rb:372:in 'block (3 levels) in Concurrent::RubyThreadPoolExecutor::Worker#create_worker'
<internal:kernel>:168:in 'Kernel#loop'
concurrent-ruby (1.3.6) lib/concurrent-ruby/concurrent/executor/ruby_thread_pool_executor.rb:361:in 'block (2 levels) in Concurrent::RubyThreadPoolExecutor::Worker#create_worker'
concurrent-ruby (1.3.6) lib/concurrent-ruby/concurrent/executor/ruby_thread_pool_executor.rb:358:in 'Kernel#catch'
concurrent-ruby (1.3.6) lib/concurrent-ruby/concurrent/executor/ruby_thread_pool_executor.rb:358:in 'block in Concurrent::RubyThreadPoolExecutor::Worker#create_worker'
Started GET "/favicon.ico" for 127.0.0.1 at 2026-05-23 13:56:37 +0530
  
ActionController::RoutingError (No route matches [GET] "/favicon.ico"):
  
DEPRECATION WARNING: `to_time` will always preserve the full timezone rather than offset of the receiver in Rails 8.1. To opt in to the new behavior, set `config.active_support.to_time_preserves_timezone = :zone`. (called from BasicObject#instance_exec at C:/Users/ASUS/.local/share/gem/ruby/3.4.0/gems/railties-8.0.5/lib/rails/initializable.rb:32)
DEPRECATION WARNING: `to_time` will always preserve the full timezone rather than offset of the receiver in Rails 8.1. To opt in to the new behavior, set `config.active_support.to_time_preserves_timezone = :zone`. (called from block in <module:Finisher> at C:/Users/ASUS/.local/share/gem/ruby/3.4.0/gems/railties-8.0.5/lib/rails/application/finisher.rb:93)
Started GET "/" for 127.0.0.1 at 2026-05-23 13:58:35 +0530
  [1m[36mActiveRecord::SchemaMigration Load (0.3ms)[0m  [1m[34mSELECT "schema_migrations"."version" FROM "schema_migrations" ORDER BY "schema_migrations"."version" ASC[0m
Processing by PagesController#home as HTML
  Rendering layout layouts/application.html.erb
  Rendering pages/home.html.erb within layouts/application
  [1m[36mCategory Load (0.3ms)[0m  [1m[34mSELECT "categories".* FROM "categories" ORDER BY "categories"."catname" ASC[0m
  ↳ app/views/pages/home.html.erb:16
  [1m[36mQuote Exists? (0.3ms)[0m  [1m[34mSELECT 1 AS one FROM "quotes" WHERE "quotes"."ispublic" = ? LIMIT ?[0m  [["ispublic", 1], ["LIMIT", 1]]
  ↳ app/views/pages/home.html.erb:24
  [1m[36mQuote Load (0.5ms)[0m  [1m[34mSELECT "quotes".* FROM "quotes" WHERE "quotes"."ispublic" = ? ORDER BY "quotes"."created_at" DESC LIMIT ?[0m  [["ispublic", 1], ["LIMIT", 10]]
  ↳ app/views/pages/home.html.erb:25
  [1m[36mUser Load (0.2ms)[0m  [1m[34mSELECT "users".* FROM "users" WHERE "users"."id" IN (?, ?)[0m  [["id", 1], ["id", 2]]
  ↳ app/views/pages/home.html.erb:25
  [1m[36mSource Load (0.1ms)[0m  [1m[34mSELECT "sources".* FROM "sources" WHERE "sources"."id" IN (?, ?, ?, ?, ?, ?, ?)[0m  [["id", 7], ["id", 3], ["id", 4], ["id", 6], ["id", 5], ["id", 2], ["id", 1]]
  ↳ app/views/pages/home.html.erb:25
  [1m[36mQuoteCategory Load (0.2ms)[0m  [1m[34mSELECT "quote_categories".* FROM "quote_categories" WHERE "quote_categories"."quote_id" IN (?, ?, ?, ?, ?, ?, ?, ?, ?)[0m  [["quote_id", 9], ["quote_id", 8], ["quote_id", 7], ["quote_id", 6], ["quote_id", 5], ["quote_id", 4], ["quote_id", 3], ["quote_id", 2], ["quote_id", 1]]
  ↳ app/views/pages/home.html.erb:25
  [1m[36mCategory Load (0.3ms)[0m  [1m[34mSELECT "categories".* FROM "categories" WHERE "categories"."id" IN (?, ?, ?, ?, ?, ?)[0m  [["id", 1], ["id", 10], ["id", 2], ["id", 5], ["id", 4], ["id", 3]]
  ↳ app/views/pages/home.html.erb:25
  Rendered pages/home.html.erb within layouts/application (Duration: 451.2ms | GC: 0.5ms)
  Rendered layout layouts/application.html.erb (Duration: 569.2ms | GC: 0.5ms)
Completed 200 OK in 672ms (Views: 579.7ms | ActiveRecord: 7.6ms (7 queries, 0 cached) | GC: 0.5ms)


Started GET "/assets/application-bf76b8ecde3354084b64105557ac60882ded384a745c11c36189bace3f4c2c13.css" for 127.0.0.1 at 2026-05-23 13:58:36 +0530
Started GET "/favicon.ico" for 127.0.0.1 at 2026-05-23 13:58:36 +0530
  
ActionController::RoutingError (No route matches [GET] "/favicon.ico"):
  
Started GET "/" for 127.0.0.1 at 2026-05-23 13:58:41 +0530
Processing by PagesController#home as HTML
  Rendering layout layouts/application.html.erb
  Rendering pages/home.html.erb within layouts/application
  [1m[36mCategory Load (0.2ms)[0m  [1m[34mSELECT "categories".* FROM "categories" ORDER BY "categories"."catname" ASC[0m
  ↳ app/views/pages/home.html.erb:16
  [1m[36mQuote Exists? (0.3ms)[0m  [1m[34mSELECT 1 AS one FROM "quotes" WHERE "quotes"."ispublic" = ? LIMIT ?[0m  [["ispublic", 1], ["LIMIT", 1]]
  ↳ app/views/pages/home.html.erb:24
  [1m[36mQuote Load (0.2ms)[0m  [1m[34mSELECT "quotes".* FROM "quotes" WHERE "quotes"."ispublic" = ? ORDER BY "quotes"."created_at" DESC LIMIT ?[0m  [["ispublic", 1], ["LIMIT", 10]]
  ↳ app/views/pages/home.html.erb:25
  [1m[36mUser Load (0.2ms)[0m  [1m[34mSELECT "users".* FROM "users" WHERE "users"."id" IN (?, ?)[0m  [["id", 1], ["id", 2]]
  ↳ app/views/pages/home.html.erb:25
  [1m[36mSource Load (0.3ms)[0m  [1m[34mSELECT "sources".* FROM "sources" WHERE "sources"."id" IN (?, ?, ?, ?, ?, ?, ?)[0m  [["id", 7], ["id", 3], ["id", 4], ["id", 6], ["id", 5], ["id", 2], ["id", 1]]
  ↳ app/views/pages/home.html.erb:25
  [1m[36mQuoteCategory Load (0.2ms)[0m  [1m[34mSELECT "quote_categories".* FROM "quote_categories" WHERE "quote_categories"."quote_id" IN (?, ?, ?, ?, ?, ?, ?, ?, ?)[0m  [["quote_id", 9], ["quote_id", 8], ["quote_id", 7], ["quote_id", 6], ["quote_id", 5], ["quote_id", 4], ["quote_id", 3], ["quote_id", 2], ["quote_id", 1]]
  ↳ app/views/pages/home.html.erb:25
  [1m[36mCategory Load (0.3ms)[0m  [1m[34mSELECT "categories".* FROM "categories" WHERE "categories"."id" IN (?, ?, ?, ?, ?, ?)[0m  [["id", 1], ["id", 10], ["id", 2], ["id", 5], ["id", 4], ["id", 3]]
  ↳ app/views/pages/home.html.erb:25
  Rendered pages/home.html.erb within layouts/application (Duration: 37.5ms | GC: 0.0ms)
  Rendered layout layouts/application.html.erb (Duration: 45.6ms | GC: 0.0ms)
Completed 200 OK in 50ms (Views: 44.6ms | ActiveRecord: 1.6ms (7 queries, 0 cached) | GC: 0.0ms)


Started GET "/assets/application-bf76b8ecde3354084b64105557ac60882ded384a745c11c36189bace3f4c2c13.css" for 127.0.0.1 at 2026-05-23 13:58:41 +0530
Started GET "/favicon.ico" for 127.0.0.1 at 2026-05-23 13:58:41 +0530
  
ActionController::RoutingError (No route matches [GET] "/favicon.ico"):
  
Started GET "/login" for 127.0.0.1 at 2026-05-23 13:59:38 +0530
Processing by SessionsController#new as HTML
  Rendering layout layouts/application.html.erb
  Rendering sessions/new.html.erb within layouts/application
  Rendered sessions/new.html.erb within layouts/application (Duration: 2.6ms | GC: 0.0ms)
  Rendered layout layouts/application.html.erb (Duration: 14.5ms | GC: 0.0ms)
Completed 200 OK in 136ms (Views: 30.9ms | ActiveRecord: 0.0ms (0 queries, 0 cached) | GC: 0.0ms)


Started POST "/login" for 127.0.0.1 at 2026-05-23 13:59:52 +0530
Processing by SessionsController#create as HTML
  Parameters: {"authenticity_token" => "[FILTERED]", "email" => "admin@myquotes.com", "password" => "[FILTERED]", "commit" => "Log In"}
  [1m[36mUser Load (0.3ms)[0m  [1m[34mSELECT "users".* FROM "users" WHERE "users"."email" = ? LIMIT ?[0m  [["email", "admin@myquotes.com"], ["LIMIT", 1]]
  ↳ app/controllers/sessions_controller.rb:12:in 'SessionsController#create'
Redirected to http://127.0.0.1:5000/
Completed 302 Found in 447ms (ActiveRecord: 0.3ms (1 query, 0 cached) | GC: 0.2ms)


Started GET "/" for 127.0.0.1 at 2026-05-23 13:59:53 +0530
Processing by PagesController#home as HTML
  Rendering layout layouts/application.html.erb
  Rendering pages/home.html.erb within layouts/application
  [1m[36mUser Load (0.3ms)[0m  [1m[34mSELECT "users".* FROM "users" WHERE "users"."id" = ? LIMIT ?[0m  [["id", 1], ["LIMIT", 1]]
  ↳ app/controllers/application_controller.rb:10:in 'ApplicationController#current_user'
  [1m[36mCategory Load (0.9ms)[0m  [1m[34mSELECT "categories".* FROM "categories" ORDER BY "categories"."catname" ASC[0m
  ↳ app/views/pages/home.html.erb:16
  [1m[36mQuote Exists? (0.3ms)[0m  [1m[34mSELECT 1 AS one FROM "quotes" WHERE "quotes"."ispublic" = ? LIMIT ?[0m  [["ispublic", 1], ["LIMIT", 1]]
  ↳ app/views/pages/home.html.erb:24
  [1m[36mQuote Load (0.4ms)[0m  [1m[34mSELECT "quotes".* FROM "quotes" WHERE "quotes"."ispublic" = ? ORDER BY "quotes"."created_at" DESC LIMIT ?[0m  [["ispublic", 1], ["LIMIT", 10]]
  ↳ app/views/pages/home.html.erb:25
  [1m[36mUser Load (0.3ms)[0m  [1m[34mSELECT "users".* FROM "users" WHERE "users"."id" IN (?, ?)[0m  [["id", 1], ["id", 2]]
  ↳ app/views/pages/home.html.erb:25
  [1m[36mSource Load (0.3ms)[0m  [1m[34mSELECT "sources".* FROM "sources" WHERE "sources"."id" IN (?, ?, ?, ?, ?, ?, ?)[0m  [["id", 7], ["id", 3], ["id", 4], ["id", 6], ["id", 5], ["id", 2], ["id", 1]]
  ↳ app/views/pages/home.html.erb:25
  [1m[36mQuoteCategory Load (0.5ms)[0m  [1m[34mSELECT "quote_categories".* FROM "quote_categories" WHERE "quote_categories"."quote_id" IN (?, ?, ?, ?, ?, ?, ?, ?, ?)[0m  [["quote_id", 9], ["quote_id", 8], ["quote_id", 7], ["quote_id", 6], ["quote_id", 5], ["quote_id", 4], ["quote_id", 3], ["quote_id", 2], ["quote_id", 1]]
  ↳ app/views/pages/home.html.erb:25
  [1m[36mCategory Load (0.3ms)[0m  [1m[34mSELECT "categories".* FROM "categories" WHERE "categories"."id" IN (?, ?, ?, ?, ?, ?)[0m  [["id", 1], ["id", 10], ["id", 2], ["id", 5], ["id", 4], ["id", 3]]
  ↳ app/views/pages/home.html.erb:25
  Rendered pages/home.html.erb within layouts/application (Duration: 65.6ms | GC: 0.0ms)
  Rendered layout layouts/application.html.erb (Duration: 90.0ms | GC: 0.0ms)
Completed 200 OK in 97ms (Views: 87.8ms | ActiveRecord: 3.1ms (8 queries, 0 cached) | GC: 0.0ms)


Started GET "/quotes/new" for 127.0.0.1 at 2026-05-23 13:59:56 +0530
Processing by QuotesController#new as HTML
  [1m[36mUser Load (0.3ms)[0m  [1m[34mSELECT "users".* FROM "users" WHERE "users"."id" = ? LIMIT ?[0m  [["id", 1], ["LIMIT", 1]]
  ↳ app/controllers/application_controller.rb:10:in 'ApplicationController#current_user'
  Rendering layout layouts/application.html.erb
  Rendering quotes/new.html.erb within layouts/application
  [1m[36mSource Load (0.3ms)[0m  [1m[34mSELECT "sources".* FROM "sources" ORDER BY "sources"."fname" ASC[0m
  ↳ app/views/quotes/new.html.erb:18
  [1m[36mCategory Load (0.3ms)[0m  [1m[34mSELECT "categories".* FROM "categories" ORDER BY "categories"."catname" ASC[0m
  ↳ app/views/quotes/new.html.erb:36
  Rendered quotes/new.html.erb within layouts/application (Duration: 354.7ms | GC: 0.0ms)
  Rendered layout layouts/application.html.erb (Duration: 374.6ms | GC: 0.0ms)
Completed 200 OK in 592ms (Views: 384.0ms | ActiveRecord: 0.8ms (3 queries, 0 cached) | GC: 0.0ms)


Started POST "/quotes" for 127.0.0.1 at 2026-05-23 14:00:09 +0530
Processing by QuotesController#create as HTML
  Parameters: {"authenticity_token" => "[FILTERED]", "quote" => {"qtext" => "tesst", "source_id" => "7", "qyear" => "", "qcom" => "", "ispublic" => "true"}, "category_ids" => ["5"], "commit" => "Add Quote"}
  [1m[36mUser Load (0.2ms)[0m  [1m[34mSELECT "users".* FROM "users" WHERE "users"."id" = ? LIMIT ?[0m  [["id", 1], ["LIMIT", 1]]
  ↳ app/controllers/application_controller.rb:10:in 'ApplicationController#current_user'
  [1m[36mTRANSACTION (0.2ms)[0m  [1m[36mBEGIN immediate TRANSACTION[0m
  ↳ app/controllers/quotes_controller.rb:46:in 'QuotesController#create'
  [1m[36mSource Load (12.4ms)[0m  [1m[34mSELECT "sources".* FROM "sources" WHERE "sources"."id" = ? LIMIT ?[0m  [["id", 7], ["LIMIT", 1]]
  ↳ app/controllers/quotes_controller.rb:46:in 'QuotesController#create'
  [1m[36mQuote Create (0.5ms)[0m  [1m[32mINSERT INTO "quotes" ("qtext", "qyear", "qcom", "ispublic", "user_id", "source_id", "created_at", "updated_at") VALUES (?, ?, ?, ?, ?, ?, ?, ?) RETURNING "id"[0m  [["qtext", "tesst"], ["qyear", ""], ["qcom", ""], ["ispublic", 1], ["user_id", 1], ["source_id", 7], ["created_at", "2026-05-23 08:30:10.150729"], ["updated_at", "2026-05-23 08:30:10.150729"]]
  ↳ app/controllers/quotes_controller.rb:46:in 'QuotesController#create'
  [1m[36mTRANSACTION (2.8ms)[0m  [1m[36mCOMMIT TRANSACTION[0m
  ↳ app/controllers/quotes_controller.rb:46:in 'QuotesController#create'
  [1m[36mCategory Load (0.3ms)[0m  [1m[34mSELECT "categories".* FROM "categories" WHERE "categories"."id" = ? LIMIT ?[0m  [["id", 5], ["LIMIT", 1]]
  ↳ app/controllers/quotes_controller.rb:112:in 'block in QuotesController#assign_categories'
  [1m[36mTRANSACTION (0.1ms)[0m  [1m[36mBEGIN immediate TRANSACTION[0m
  ↳ app/controllers/quotes_controller.rb:113:in 'block in QuotesController#assign_categories'
  [1m[36mQuoteCategory Create (17.1ms)[0m  [1m[32mINSERT INTO "quote_categories" ("quote_id", "category_id", "created_at", "updated_at") VALUES (?, ?, ?, ?) RETURNING "id"[0m  [["quote_id", 13], ["category_id", 5], ["created_at", "2026-05-23 08:30:10.177085"], ["updated_at", "2026-05-23 08:30:10.177085"]]
  ↳ app/controllers/quotes_controller.rb:113:in 'block in QuotesController#assign_categories'
  [1m[36mTRANSACTION (0.7ms)[0m  [1m[36mCOMMIT TRANSACTION[0m
  ↳ app/controllers/quotes_controller.rb:113:in 'block in QuotesController#assign_categories'
Redirected to http://127.0.0.1:5000/quotes/13
Completed 302 Found in 100ms (ActiveRecord: 34.3ms (5 queries, 0 cached) | GC: 0.0ms)


Started GET "/quotes/13" for 127.0.0.1 at 2026-05-23 14:00:10 +0530
Processing by QuotesController#show as HTML
  Parameters: {"id" => "13"}
  [1m[36mQuote Load (0.3ms)[0m  [1m[34mSELECT "quotes".* FROM "quotes" WHERE "quotes"."id" = ? LIMIT ?[0m  [["id", 13], ["LIMIT", 1]]
  ↳ app/controllers/quotes_controller.rb:95:in 'QuotesController#set_quote'
  Rendering layout layouts/application.html.erb
  Rendering quotes/show.html.erb within layouts/application
  [1m[36mSource Load (0.2ms)[0m  [1m[34mSELECT "sources".* FROM "sources" WHERE "sources"."id" = ? LIMIT ?[0m  [["id", 7], ["LIMIT", 1]]
  ↳ app/views/quotes/show.html.erb:14
  [1m[36mUser Load (1.7ms)[0m  [1m[34mSELECT "users".* FROM "users" WHERE "users"."id" = ? LIMIT ?[0m  [["id", 1], ["LIMIT", 1]]
  ↳ app/views/quotes/show.html.erb:48
  [1m[36mCategory Load (0.3ms)[0m  [1m[34mSELECT "categories".* FROM "categories" INNER JOIN "quote_categories" ON "categories"."id" = "quote_categories"."category_id" WHERE "quote_categories"."quote_id" = ?[0m  [["quote_id", 13]]
  ↳ app/views/quotes/show.html.erb:72
  [1m[36mCACHE User Load (0.0ms)[0m  [1m[34mSELECT "users".* FROM "users" WHERE "users"."id" = ? LIMIT ?[0m  [["id", 1], ["LIMIT", 1]]
  ↳ app/controllers/application_controller.rb:10:in 'ApplicationController#current_user'
  Rendered quotes/show.html.erb within layouts/application (Duration: 430.7ms | GC: 0.0ms)
  Rendered layout layouts/application.html.erb (Duration: 452.1ms | GC: 0.0ms)
Completed 200 OK in 596ms (Views: 451.7ms | ActiveRecord: 2.4ms (5 queries, 1 cached) | GC: 0.0ms)


Started GET "/" for 127.0.0.1 at 2026-05-23 14:00:18 +0530
Processing by PagesController#home as HTML
  Rendering layout layouts/application.html.erb
  Rendering pages/home.html.erb within layouts/application
  [1m[36mUser Load (0.2ms)[0m  [1m[34mSELECT "users".* FROM "users" WHERE "users"."id" = ? LIMIT ?[0m  [["id", 1], ["LIMIT", 1]]
  ↳ app/controllers/application_controller.rb:10:in 'ApplicationController#current_user'
  [1m[36mCategory Load (0.2ms)[0m  [1m[34mSELECT "categories".* FROM "categories" ORDER BY "categories"."catname" ASC[0m
  ↳ app/views/pages/home.html.erb:16
  [1m[36mQuote Exists? (0.3ms)[0m  [1m[34mSELECT 1 AS one FROM "quotes" WHERE "quotes"."ispublic" = ? LIMIT ?[0m  [["ispublic", 1], ["LIMIT", 1]]
  ↳ app/views/pages/home.html.erb:24
  [1m[36mQuote Load (0.4ms)[0m  [1m[34mSELECT "quotes".* FROM "quotes" WHERE "quotes"."ispublic" = ? ORDER BY "quotes"."created_at" DESC LIMIT ?[0m  [["ispublic", 1], ["LIMIT", 10]]
  ↳ app/views/pages/home.html.erb:25
  [1m[36mUser Load (0.4ms)[0m  [1m[34mSELECT "users".* FROM "users" WHERE "users"."id" IN (?, ?)[0m  [["id", 1], ["id", 2]]
  ↳ app/views/pages/home.html.erb:25
  [1m[36mSource Load (0.4ms)[0m  [1m[34mSELECT "sources".* FROM "sources" WHERE "sources"."id" IN (?, ?, ?, ?, ?, ?, ?)[0m  [["id", 7], ["id", 3], ["id", 4], ["id", 6], ["id", 5], ["id", 2], ["id", 1]]
  ↳ app/views/pages/home.html.erb:25
  [1m[36mQuoteCategory Load (0.8ms)[0m  [1m[34mSELECT "quote_categories".* FROM "quote_categories" WHERE "quote_categories"."quote_id" IN (?, ?, ?, ?, ?, ?, ?, ?, ?, ?)[0m  [["quote_id", 13], ["quote_id", 9], ["quote_id", 8], ["quote_id", 7], ["quote_id", 6], ["quote_id", 5], ["quote_id", 4], ["quote_id", 3], ["quote_id", 2], ["quote_id", 1]]
  ↳ app/views/pages/home.html.erb:25
  [1m[36mCategory Load (0.4ms)[0m  [1m[34mSELECT "categories".* FROM "categories" WHERE "categories"."id" IN (?, ?, ?, ?, ?, ?)[0m  [["id", 1], ["id", 10], ["id", 2], ["id", 5], ["id", 4], ["id", 3]]
  ↳ app/views/pages/home.html.erb:25
  Rendered pages/home.html.erb within layouts/application (Duration: 65.3ms | GC: 0.0ms)
  Rendered layout layouts/application.html.erb (Duration: 82.1ms | GC: 0.0ms)
Completed 200 OK in 89ms (Views: 80.4ms | ActiveRecord: 3.0ms (8 queries, 0 cached) | GC: 0.0ms)


Started GET "/quotes/13" for 127.0.0.1 at 2026-05-23 14:00:20 +0530
Processing by QuotesController#show as HTML
  Parameters: {"id" => "13"}
  [1m[36mQuote Load (0.2ms)[0m  [1m[34mSELECT "quotes".* FROM "quotes" WHERE "quotes"."id" = ? LIMIT ?[0m  [["id", 13], ["LIMIT", 1]]
  ↳ app/controllers/quotes_controller.rb:95:in 'QuotesController#set_quote'
  Rendering layout layouts/application.html.erb
  Rendering quotes/show.html.erb within layouts/application
  [1m[36mSource Load (0.3ms)[0m  [1m[34mSELECT "sources".* FROM "sources" WHERE "sources"."id" = ? LIMIT ?[0m  [["id", 7], ["LIMIT", 1]]
  ↳ app/views/quotes/show.html.erb:14
  [1m[36mUser Load (0.3ms)[0m  [1m[34mSELECT "users".* FROM "users" WHERE "users"."id" = ? LIMIT ?[0m  [["id", 1], ["LIMIT", 1]]
  ↳ app/views/quotes/show.html.erb:48
  [1m[36mCategory Load (0.2ms)[0m  [1m[34mSELECT "categories".* FROM "categories" INNER JOIN "quote_categories" ON "categories"."id" = "quote_categories"."category_id" WHERE "quote_categories"."quote_id" = ?[0m  [["quote_id", 13]]
  ↳ app/views/quotes/show.html.erb:72
  [1m[36mCACHE User Load (0.0ms)[0m  [1m[34mSELECT "users".* FROM "users" WHERE "users"."id" = ? LIMIT ?[0m  [["id", 1], ["LIMIT", 1]]
  ↳ app/controllers/application_controller.rb:10:in 'ApplicationController#current_user'
  Rendered quotes/show.html.erb within layouts/application (Duration: 44.3ms | GC: 0.0ms)
  Rendered layout layouts/application.html.erb (Duration: 63.1ms | GC: 0.0ms)
Completed 200 OK in 75ms (Views: 63.7ms | ActiveRecord: 0.9ms (5 queries, 1 cached) | GC: 0.0ms)


Started GET "/" for 127.0.0.1 at 2026-05-23 14:01:33 +0530
Processing by PagesController#home as HTML
  Rendering layout layouts/application.html.erb
  Rendering pages/home.html.erb within layouts/application
  [1m[36mUser Load (0.3ms)[0m  [1m[34mSELECT "users".* FROM "users" WHERE "users"."id" = ? LIMIT ?[0m  [["id", 1], ["LIMIT", 1]]
  ↳ app/controllers/application_controller.rb:10:in 'ApplicationController#current_user'
  [1m[36mCategory Load (0.5ms)[0m  [1m[34mSELECT "categories".* FROM "categories" ORDER BY "categories"."catname" ASC[0m
  ↳ app/views/pages/home.html.erb:16
  [1m[36mQuote Exists? (0.3ms)[0m  [1m[34mSELECT 1 AS one FROM "quotes" WHERE "quotes"."ispublic" = ? LIMIT ?[0m  [["ispublic", 1], ["LIMIT", 1]]
  ↳ app/views/pages/home.html.erb:24
  [1m[36mQuote Load (0.5ms)[0m  [1m[34mSELECT "quotes".* FROM "quotes" WHERE "quotes"."ispublic" = ? ORDER BY "quotes"."created_at" DESC LIMIT ?[0m  [["ispublic", 1], ["LIMIT", 10]]
  ↳ app/views/pages/home.html.erb:25
  [1m[36mUser Load (0.5ms)[0m  [1m[34mSELECT "users".* FROM "users" WHERE "users"."id" IN (?, ?)[0m  [["id", 1], ["id", 2]]
  ↳ app/views/pages/home.html.erb:25
  [1m[36mSource Load (0.6ms)[0m  [1m[34mSELECT "sources".* FROM "sources" WHERE "sources"."id" IN (?, ?, ?, ?, ?, ?, ?)[0m  [["id", 7], ["id", 3], ["id", 4], ["id", 6], ["id", 5], ["id", 2], ["id", 1]]
  ↳ app/views/pages/home.html.erb:25
  [1m[36mQuoteCategory Load (0.4ms)[0m  [1m[34mSELECT "quote_categories".* FROM "quote_categories" WHERE "quote_categories"."quote_id" IN (?, ?, ?, ?, ?, ?, ?, ?, ?, ?)[0m  [["quote_id", 13], ["quote_id", 9], ["quote_id", 8], ["quote_id", 7], ["quote_id", 6], ["quote_id", 5], ["quote_id", 4], ["quote_id", 3], ["quote_id", 2], ["quote_id", 1]]
  ↳ app/views/pages/home.html.erb:25
  [1m[36mCategory Load (0.3ms)[0m  [1m[34mSELECT "categories".* FROM "categories" WHERE "categories"."id" IN (?, ?, ?, ?, ?, ?)[0m  [["id", 1], ["id", 10], ["id", 2], ["id", 5], ["id", 4], ["id", 3]]
  ↳ app/views/pages/home.html.erb:25
  Rendered pages/home.html.erb within layouts/application (Duration: 72.2ms | GC: 0.0ms)
  Rendered layout layouts/application.html.erb (Duration: 88.2ms | GC: 0.0ms)
Completed 200 OK in 95ms (Views: 85.9ms | ActiveRecord: 3.4ms (8 queries, 0 cached) | GC: 0.0ms)


Started DELETE "/logout" for 127.0.0.1 at 2026-05-24 09:26:44 +0530
Processing by SessionsController#destroy as HTML
  Parameters: {"authenticity_token" => "[FILTERED]"}
Redirected to http://127.0.0.1:5000/
Completed 302 Found in 15ms (ActiveRecord: 0.0ms (0 queries, 0 cached) | GC: 0.0ms)


Started GET "/" for 127.0.0.1 at 2026-05-24 09:26:44 +0530
Processing by PagesController#home as HTML
  Rendering layout layouts/application.html.erb
  Rendering pages/home.html.erb within layouts/application
  [1m[36mCategory Load (12.3ms)[0m  [1m[34mSELECT "categories".* FROM "categories" ORDER BY "categories"."catname" ASC[0m
  ↳ app/views/pages/home.html.erb:16
  [1m[36mQuote Exists? (0.3ms)[0m  [1m[34mSELECT 1 AS one FROM "quotes" WHERE "quotes"."ispublic" = ? LIMIT ?[0m  [["ispublic", 1], ["LIMIT", 1]]
  ↳ app/views/pages/home.html.erb:24
  [1m[36mQuote Load (2.1ms)[0m  [1m[34mSELECT "quotes".* FROM "quotes" WHERE "quotes"."ispublic" = ? ORDER BY "quotes"."created_at" DESC LIMIT ?[0m  [["ispublic", 1], ["LIMIT", 10]]
  ↳ app/views/pages/home.html.erb:25
  [1m[36mUser Load (0.5ms)[0m  [1m[34mSELECT "users".* FROM "users" WHERE "users"."id" IN (?, ?)[0m  [["id", 1], ["id", 2]]
  ↳ app/views/pages/home.html.erb:25
  [1m[36mSource Load (0.4ms)[0m  [1m[34mSELECT "sources".* FROM "sources" WHERE "sources"."id" IN (?, ?, ?, ?, ?, ?, ?)[0m  [["id", 7], ["id", 3], ["id", 4], ["id", 6], ["id", 5], ["id", 2], ["id", 1]]
  ↳ app/views/pages/home.html.erb:25
  [1m[36mQuoteCategory Load (1.7ms)[0m  [1m[34mSELECT "quote_categories".* FROM "quote_categories" WHERE "quote_categories"."quote_id" IN (?, ?, ?, ?, ?, ?, ?, ?, ?, ?)[0m  [["quote_id", 13], ["quote_id", 9], ["quote_id", 8], ["quote_id", 7], ["quote_id", 6], ["quote_id", 5], ["quote_id", 4], ["quote_id", 3], ["quote_id", 2], ["quote_id", 1]]
  ↳ app/views/pages/home.html.erb:25
  [1m[36mCategory Load (0.3ms)[0m  [1m[34mSELECT "categories".* FROM "categories" WHERE "categories"."id" IN (?, ?, ?, ?, ?, ?)[0m  [["id", 1], ["id", 10], ["id", 2], ["id", 5], ["id", 4], ["id", 3]]
  ↳ app/views/pages/home.html.erb:25
  Rendered pages/home.html.erb within layouts/application (Duration: 128.6ms | GC: 0.2ms)
  Rendered layout layouts/application.html.erb (Duration: 167.1ms | GC: 0.2ms)
Completed 200 OK in 177ms (Views: 152.9ms | ActiveRecord: 15.6ms (7 queries, 0 cached) | GC: 0.2ms)


Started GET "/" for 127.0.0.1 at 2026-05-24 09:26:46 +0530
Started GET "/" for 127.0.0.1 at 2026-05-24 09:26:47 +0530
Processing by PagesController#home as HTML
  Rendering layout layouts/application.html.erb
  Rendering pages/home.html.erb within layouts/application
  [1m[36mCategory Load (0.2ms)[0m  [1m[34mSELECT "categories".* FROM "categories" ORDER BY "categories"."catname" ASC[0m
  ↳ app/views/pages/home.html.erb:16
  [1m[36mQuote Exists? (0.3ms)[0m  [1m[34mSELECT 1 AS one FROM "quotes" WHERE "quotes"."ispublic" = ? LIMIT ?[0m  [["ispublic", 1], ["LIMIT", 1]]
  ↳ app/views/pages/home.html.erb:24
  [1m[36mQuote Load (0.3ms)[0m  [1m[34mSELECT "quotes".* FROM "quotes" WHERE "quotes"."ispublic" = ? ORDER BY "quotes"."created_at" DESC LIMIT ?[0m  [["ispublic", 1], ["LIMIT", 10]]
  ↳ app/views/pages/home.html.erb:25
  [1m[36mUser Load (0.4ms)[0m  [1m[34mSELECT "users".* FROM "users" WHERE "users"."id" IN (?, ?)[0m  [["id", 1], ["id", 2]]
  ↳ app/views/pages/home.html.erb:25
  [1m[36mSource Load (0.7ms)[0m  [1m[34mSELECT "sources".* FROM "sources" WHERE "sources"."id" IN (?, ?, ?, ?, ?, ?, ?)[0m  [["id", 7], ["id", 3], ["id", 4], ["id", 6], ["id", 5], ["id", 2], ["id", 1]]
  ↳ app/views/pages/home.html.erb:25
  [1m[36mQuoteCategory Load (0.4ms)[0m  [1m[34mSELECT "quote_categories".* FROM "quote_categories" WHERE "quote_categories"."quote_id" IN (?, ?, ?, ?, ?, ?, ?, ?, ?, ?)[0m  [["quote_id", 13], ["quote_id", 9], ["quote_id", 8], ["quote_id", 7], ["quote_id", 6], ["quote_id", 5], ["quote_id", 4], ["quote_id", 3], ["quote_id", 2], ["quote_id", 1]]
  ↳ app/views/pages/home.html.erb:25
  [1m[36mCategory Load (0.3ms)[0m  [1m[34mSELECT "categories".* FROM "categories" WHERE "categories"."id" IN (?, ?, ?, ?, ?, ?)[0m  [["id", 1], ["id", 10], ["id", 2], ["id", 5], ["id", 4], ["id", 3]]
  ↳ app/views/pages/home.html.erb:25
  Rendered pages/home.html.erb within layouts/application (Duration: 78.3ms | GC: 0.0ms)
  Rendered layout layouts/application.html.erb (Duration: 93.8ms | GC: 0.0ms)
Completed 200 OK in 102ms (Views: 92.6ms | ActiveRecord: 2.5ms (7 queries, 0 cached) | GC: 0.0ms)


Processing by PagesController#home as HTML
  Rendering layout layouts/application.html.erb
  Rendering pages/home.html.erb within layouts/application
  [1m[36mCategory Load (0.2ms)[0m  [1m[34mSELECT "categories".* FROM "categories" ORDER BY "categories"."catname" ASC[0m
  ↳ app/views/pages/home.html.erb:16
  [1m[36mQuote Exists? (0.3ms)[0m  [1m[34mSELECT 1 AS one FROM "quotes" WHERE "quotes"."ispublic" = ? LIMIT ?[0m  [["ispublic", 1], ["LIMIT", 1]]
  ↳ app/views/pages/home.html.erb:24
  [1m[36mQuote Load (0.8ms)[0m  [1m[34mSELECT "quotes".* FROM "quotes" WHERE "quotes"."ispublic" = ? ORDER BY "quotes"."created_at" DESC LIMIT ?[0m  [["ispublic", 1], ["LIMIT", 10]]
  ↳ app/views/pages/home.html.erb:25
  [1m[36mUser Load (0.6ms)[0m  [1m[34mSELECT "users".* FROM "users" WHERE "users"."id" IN (?, ?)[0m  [["id", 1], ["id", 2]]
  ↳ app/views/pages/home.html.erb:25
  [1m[36mSource Load (0.4ms)[0m  [1m[34mSELECT "sources".* FROM "sources" WHERE "sources"."id" IN (?, ?, ?, ?, ?, ?, ?)[0m  [["id", 7], ["id", 3], ["id", 4], ["id", 6], ["id", 5], ["id", 2], ["id", 1]]
  ↳ app/views/pages/home.html.erb:25
  [1m[36mQuoteCategory Load (0.6ms)[0m  [1m[34mSELECT "quote_categories".* FROM "quote_categories" WHERE "quote_categories"."quote_id" IN (?, ?, ?, ?, ?, ?, ?, ?, ?, ?)[0m  [["quote_id", 13], ["quote_id", 9], ["quote_id", 8], ["quote_id", 7], ["quote_id", 6], ["quote_id", 5], ["quote_id", 4], ["quote_id", 3], ["quote_id", 2], ["quote_id", 1]]
  ↳ app/views/pages/home.html.erb:25
  [1m[36mCategory Load (0.3ms)[0m  [1m[34mSELECT "categories".* FROM "categories" WHERE "categories"."id" IN (?, ?, ?, ?, ?, ?)[0m  [["id", 1], ["id", 10], ["id", 2], ["id", 5], ["id", 4], ["id", 3]]
  ↳ app/views/pages/home.html.erb:25
  Rendered pages/home.html.erb within layouts/application (Duration: 79.3ms | GC: 0.0ms)
  Rendered layout layouts/application.html.erb (Duration: 96.7ms | GC: 0.0ms)
Completed 200 OK in 107ms (Views: 95.4ms | ActiveRecord: 2.9ms (7 queries, 0 cached) | GC: 0.0ms)


Started GET "/quotes/8" for 127.0.0.1 at 2026-05-24 09:43:48 +0530
Processing by QuotesController#show as HTML
  Parameters: {"id" => "8"}
  [1m[36mQuote Load (8.4ms)[0m  [1m[34mSELECT "quotes".* FROM "quotes" WHERE "quotes"."id" = ? LIMIT ?[0m  [["id", 8], ["LIMIT", 1]]
  ↳ app/controllers/quotes_controller.rb:95:in 'QuotesController#set_quote'
  Rendering layout layouts/application.html.erb
  Rendering quotes/show.html.erb within layouts/application
  [1m[36mSource Load (0.5ms)[0m  [1m[34mSELECT "sources".* FROM "sources" WHERE "sources"."id" = ? LIMIT ?[0m  [["id", 3], ["LIMIT", 1]]
  ↳ app/views/quotes/show.html.erb:14
  [1m[36mUser Load (0.4ms)[0m  [1m[34mSELECT "users".* FROM "users" WHERE "users"."id" = ? LIMIT ?[0m  [["id", 1], ["LIMIT", 1]]
  ↳ app/views/quotes/show.html.erb:48
  [1m[36mCategory Load (0.4ms)[0m  [1m[34mSELECT "categories".* FROM "categories" INNER JOIN "quote_categories" ON "categories"."id" = "quote_categories"."category_id" WHERE "quote_categories"."quote_id" = ?[0m  [["quote_id", 8]]
  ↳ app/views/quotes/show.html.erb:72
  Rendered quotes/show.html.erb within layouts/application (Duration: 21.5ms | GC: 0.0ms)
  Rendered layout layouts/application.html.erb (Duration: 56.0ms | GC: 0.0ms)
Completed 200 OK in 78ms (Views: 56.2ms | ActiveRecord: 9.6ms (4 queries, 0 cached) | GC: 0.0ms)


Started GET "/quotes/8" for 127.0.0.1 at 2026-05-24 09:43:50 +0530
Processing by QuotesController#show as HTML
  Parameters: {"id" => "8"}
  [1m[36mQuote Load (0.2ms)[0m  [1m[34mSELECT "quotes".* FROM "quotes" WHERE "quotes"."id" = ? LIMIT ?[0m  [["id", 8], ["LIMIT", 1]]
  ↳ app/controllers/quotes_controller.rb:95:in 'QuotesController#set_quote'
  Rendering layout layouts/application.html.erb
  Rendering quotes/show.html.erb within layouts/application
  [1m[36mSource Load (0.2ms)[0m  [1m[34mSELECT "sources".* FROM "sources" WHERE "sources"."id" = ? LIMIT ?[0m  [["id", 3], ["LIMIT", 1]]
  ↳ app/views/quotes/show.html.erb:14
  [1m[36mUser Load (0.3ms)[0m  [1m[34mSELECT "users".* FROM "users" WHERE "users"."id" = ? LIMIT ?[0m  [["id", 1], ["LIMIT", 1]]
  ↳ app/views/quotes/show.html.erb:48
  [1m[36mCategory Load (0.1ms)[0m  [1m[34mSELECT "categories".* FROM "categories" INNER JOIN "quote_categories" ON "categories"."id" = "quote_categories"."category_id" WHERE "quote_categories"."quote_id" = ?[0m  [["quote_id", 8]]
  ↳ app/views/quotes/show.html.erb:72
  Rendered quotes/show.html.erb within layouts/application (Duration: 18.8ms | GC: 0.0ms)
  Rendered layout layouts/application.html.erb (Duration: 31.8ms | GC: 0.0ms)
Completed 200 OK in 46ms (Views: 32.6ms | ActiveRecord: 0.8ms (4 queries, 0 cached) | GC: 0.0ms)


Started GET "/quotes/13" for 127.0.0.1 at 2026-05-24 09:49:21 +0530
Processing by QuotesController#show as HTML
  Parameters: {"id" => "13"}
  [1m[36mQuote Load (0.2ms)[0m  [1m[34mSELECT "quotes".* FROM "quotes" WHERE "quotes"."id" = ? LIMIT ?[0m  [["id", 13], ["LIMIT", 1]]
  ↳ app/controllers/quotes_controller.rb:95:in 'QuotesController#set_quote'
  Rendering layout layouts/application.html.erb
  Rendering quotes/show.html.erb within layouts/application
  [1m[36mSource Load (0.2ms)[0m  [1m[34mSELECT "sources".* FROM "sources" WHERE "sources"."id" = ? LIMIT ?[0m  [["id", 7], ["LIMIT", 1]]
  ↳ app/views/quotes/show.html.erb:14
  [1m[36mUser Load (0.6ms)[0m  [1m[34mSELECT "users".* FROM "users" WHERE "users"."id" = ? LIMIT ?[0m  [["id", 1], ["LIMIT", 1]]
  ↳ app/views/quotes/show.html.erb:48
  [1m[36mCategory Load (0.2ms)[0m  [1m[34mSELECT "categories".* FROM "categories" INNER JOIN "quote_categories" ON "categories"."id" = "quote_categories"."category_id" WHERE "quote_categories"."quote_id" = ?[0m  [["quote_id", 13]]
  ↳ app/views/quotes/show.html.erb:72
  Rendered quotes/show.html.erb within layouts/application (Duration: 23.9ms | GC: 0.0ms)
  Rendered layout layouts/application.html.erb (Duration: 39.4ms | GC: 0.0ms)
Completed 200 OK in 52ms (Views: 39.3ms | ActiveRecord: 1.2ms (4 queries, 0 cached) | GC: 0.0ms)


Started GET "/quotes/13" for 127.0.0.1 at 2026-05-24 09:54:24 +0530
Processing by QuotesController#show as HTML
  Parameters: {"id" => "13"}
  [1m[36mQuote Load (0.2ms)[0m  [1m[34mSELECT "quotes".* FROM "quotes" WHERE "quotes"."id" = ? LIMIT ?[0m  [["id", 13], ["LIMIT", 1]]
  ↳ app/controllers/quotes_controller.rb:95:in 'QuotesController#set_quote'
  Rendering layout layouts/application.html.erb
  Rendering quotes/show.html.erb within layouts/application
  [1m[36mSource Load (0.1ms)[0m  [1m[34mSELECT "sources".* FROM "sources" WHERE "sources"."id" = ? LIMIT ?[0m  [["id", 7], ["LIMIT", 1]]
  ↳ app/views/quotes/show.html.erb:14
  [1m[36mUser Load (0.1ms)[0m  [1m[34mSELECT "users".* FROM "users" WHERE "users"."id" = ? LIMIT ?[0m  [["id", 1], ["LIMIT", 1]]
  ↳ app/views/quotes/show.html.erb:48
  [1m[36mCategory Load (0.1ms)[0m  [1m[34mSELECT "categories".* FROM "categories" INNER JOIN "quote_categories" ON "categories"."id" = "quote_categories"."category_id" WHERE "quote_categories"."quote_id" = ?[0m  [["quote_id", 13]]
  ↳ app/views/quotes/show.html.erb:72
  Rendered quotes/show.html.erb within layouts/application (Duration: 130.2ms | GC: 0.0ms)
  Rendered layout layouts/application.html.erb (Duration: 141.2ms | GC: 0.0ms)
Completed 200 OK in 459ms (Views: 285.6ms | ActiveRecord: 3.5ms (4 queries, 0 cached) | GC: 0.0ms)


Started GET "/quotes/13" for 127.0.0.1 at 2026-05-24 09:55:15 +0530
Processing by QuotesController#show as HTML
  Parameters: {"id" => "13"}
  [1m[36mQuote Load (0.2ms)[0m  [1m[34mSELECT "quotes".* FROM "quotes" WHERE "quotes"."id" = ? LIMIT ?[0m  [["id", 13], ["LIMIT", 1]]
  ↳ app/controllers/quotes_controller.rb:95:in 'QuotesController#set_quote'
  Rendering layout layouts/application.html.erb
  Rendering quotes/show.html.erb within layouts/application
  [1m[36mSource Load (0.2ms)[0m  [1m[34mSELECT "sources".* FROM "sources" WHERE "sources"."id" = ? LIMIT ?[0m  [["id", 7], ["LIMIT", 1]]
  ↳ app/views/quotes/show.html.erb:14
  [1m[36mUser Load (0.1ms)[0m  [1m[34mSELECT "users".* FROM "users" WHERE "users"."id" = ? LIMIT ?[0m  [["id", 1], ["LIMIT", 1]]
  ↳ app/views/quotes/show.html.erb:48
  [1m[36mCategory Load (0.2ms)[0m  [1m[34mSELECT "categories".* FROM "categories" INNER JOIN "quote_categories" ON "categories"."id" = "quote_categories"."category_id" WHERE "quote_categories"."quote_id" = ?[0m  [["quote_id", 13]]
  ↳ app/views/quotes/show.html.erb:72
  Rendered quotes/show.html.erb within layouts/application (Duration: 9.8ms | GC: 0.0ms)
  Rendered layout layouts/application.html.erb (Duration: 14.2ms | GC: 0.0ms)
Completed 200 OK in 22ms (Views: 14.3ms | ActiveRecord: 0.6ms (4 queries, 0 cached) | GC: 0.0ms)


Started GET "/quotes/13" for 127.0.0.1 at 2026-05-24 09:55:17 +0530
Processing by QuotesController#show as HTML
  Parameters: {"id" => "13"}
  [1m[36mQuote Load (0.2ms)[0m  [1m[34mSELECT "quotes".* FROM "quotes" WHERE "quotes"."id" = ? LIMIT ?[0m  [["id", 13], ["LIMIT", 1]]
  ↳ app/controllers/quotes_controller.rb:95:in 'QuotesController#set_quote'
  Rendering layout layouts/application.html.erb
  Rendering quotes/show.html.erb within layouts/application
  [1m[36mSource Load (0.1ms)[0m  [1m[34mSELECT "sources".* FROM "sources" WHERE "sources"."id" = ? LIMIT ?[0m  [["id", 7], ["LIMIT", 1]]
  ↳ app/views/quotes/show.html.erb:14
  [1m[36mUser Load (0.2ms)[0m  [1m[34mSELECT "users".* FROM "users" WHERE "users"."id" = ? LIMIT ?[0m  [["id", 1], ["LIMIT", 1]]
  ↳ app/views/quotes/show.html.erb:48
  [1m[36mCategory Load (0.2ms)[0m  [1m[34mSELECT "categories".* FROM "categories" INNER JOIN "quote_categories" ON "categories"."id" = "quote_categories"."category_id" WHERE "quote_categories"."quote_id" = ?[0m  [["quote_id", 13]]
  ↳ app/views/quotes/show.html.erb:72
  Rendered quotes/show.html.erb within layouts/application (Duration: 10.4ms | GC: 0.0ms)
  Rendered layout layouts/application.html.erb (Duration: 22.7ms | GC: 0.0ms)
Completed 200 OK in 32ms (Views: 23.0ms | ActiveRecord: 0.6ms (4 queries, 0 cached) | GC: 0.0ms)


Started GET "/quotes/9" for 127.0.0.1 at 2026-05-24 09:56:03 +0530
Processing by QuotesController#show as HTML
  Parameters: {"id" => "9"}
  [1m[36mQuote Load (0.2ms)[0m  [1m[34mSELECT "quotes".* FROM "quotes" WHERE "quotes"."id" = ? LIMIT ?[0m  [["id", 9], ["LIMIT", 1]]
  ↳ app/controllers/quotes_controller.rb:95:in 'QuotesController#set_quote'
  Rendering layout layouts/application.html.erb
  Rendering quotes/show.html.erb within layouts/application
  [1m[36mSource Load (0.2ms)[0m  [1m[34mSELECT "sources".* FROM "sources" WHERE "sources"."id" = ? LIMIT ?[0m  [["id", 7], ["LIMIT", 1]]
  ↳ app/views/quotes/show.html.erb:14
  [1m[36mUser Load (0.2ms)[0m  [1m[34mSELECT "users".* FROM "users" WHERE "users"."id" = ? LIMIT ?[0m  [["id", 1], ["LIMIT", 1]]
  ↳ app/views/quotes/show.html.erb:48
  [1m[36mCategory Load (0.1ms)[0m  [1m[34mSELECT "categories".* FROM "categories" INNER JOIN "quote_categories" ON "categories"."id" = "quote_categories"."category_id" WHERE "quote_categories"."quote_id" = ?[0m  [["quote_id", 9]]
  ↳ app/views/quotes/show.html.erb:72
  Rendered quotes/show.html.erb within layouts/application (Duration: 29.9ms | GC: 0.0ms)
  Rendered layout layouts/application.html.erb (Duration: 44.0ms | GC: 0.0ms)
Completed 200 OK in 58ms (Views: 45.0ms | ActiveRecord: 0.7ms (4 queries, 0 cached) | GC: 0.0ms)


Started GET "/quotes/13" for 127.0.0.1 at 2026-05-24 09:57:30 +0530
Processing by QuotesController#show as HTML
  Parameters: {"id" => "13"}
  [1m[36mQuote Load (0.1ms)[0m  [1m[34mSELECT "quotes".* FROM "quotes" WHERE "quotes"."id" = ? LIMIT ?[0m  [["id", 13], ["LIMIT", 1]]
  ↳ app/controllers/quotes_controller.rb:95:in 'QuotesController#set_quote'
  Rendering layout layouts/application.html.erb
  Rendering quotes/show.html.erb within layouts/application
  [1m[36mSource Load (0.1ms)[0m  [1m[34mSELECT "sources".* FROM "sources" WHERE "sources"."id" = ? LIMIT ?[0m  [["id", 7], ["LIMIT", 1]]
  ↳ app/views/quotes/show.html.erb:14
  [1m[36mUser Load (0.1ms)[0m  [1m[34mSELECT "users".* FROM "users" WHERE "users"."id" = ? LIMIT ?[0m  [["id", 1], ["LIMIT", 1]]
  ↳ app/views/quotes/show.html.erb:48
  [1m[36mCategory Load (0.1ms)[0m  [1m[34mSELECT "categories".* FROM "categories" INNER JOIN "quote_categories" ON "categories"."id" = "quote_categories"."category_id" WHERE "quote_categories"."quote_id" = ?[0m  [["quote_id", 13]]
  ↳ app/views/quotes/show.html.erb:72
  Rendered quotes/show.html.erb within layouts/application (Duration: 37.1ms | GC: 0.0ms)
  Rendered layout layouts/application.html.erb (Duration: 44.2ms | GC: 0.0ms)
Completed 200 OK in 185ms (Views: 47.9ms | ActiveRecord: 4.9ms (4 queries, 0 cached) | GC: 0.0ms)


Started GET "/quotes/13" for 127.0.0.1 at 2026-05-24 09:58:02 +0530
Processing by QuotesController#show as HTML
  Parameters: {"id" => "13"}
  [1m[36mQuote Load (0.2ms)[0m  [1m[34mSELECT "quotes".* FROM "quotes" WHERE "quotes"."id" = ? LIMIT ?[0m  [["id", 13], ["LIMIT", 1]]
  ↳ app/controllers/quotes_controller.rb:95:in 'QuotesController#set_quote'
  Rendering layout layouts/application.html.erb
  Rendering quotes/show.html.erb within layouts/application
  [1m[36mSource Load (0.3ms)[0m  [1m[34mSELECT "sources".* FROM "sources" WHERE "sources"."id" = ? LIMIT ?[0m  [["id", 7], ["LIMIT", 1]]
  ↳ app/views/quotes/show.html.erb:14
  [1m[36mUser Load (0.4ms)[0m  [1m[34mSELECT "users".* FROM "users" WHERE "users"."id" = ? LIMIT ?[0m  [["id", 1], ["LIMIT", 1]]
  ↳ app/views/quotes/show.html.erb:48
  [1m[36mCategory Load (0.1ms)[0m  [1m[34mSELECT "categories".* FROM "categories" INNER JOIN "quote_categories" ON "categories"."id" = "quote_categories"."category_id" WHERE "quote_categories"."quote_id" = ?[0m  [["quote_id", 13]]
  ↳ app/views/quotes/show.html.erb:72
  Rendered quotes/show.html.erb within layouts/application (Duration: 40.8ms | GC: 0.0ms)
  Rendered layout layouts/application.html.erb (Duration: 52.8ms | GC: 0.0ms)
Completed 200 OK in 189ms (Views: 55.5ms | ActiveRecord: 4.2ms (4 queries, 0 cached) | GC: 0.0ms)


Started GET "/quotes/13" for 127.0.0.1 at 2026-05-24 09:58:04 +0530
Processing by QuotesController#show as HTML
  Parameters: {"id" => "13"}
  [1m[36mQuote Load (0.2ms)[0m  [1m[34mSELECT "quotes".* FROM "quotes" WHERE "quotes"."id" = ? LIMIT ?[0m  [["id", 13], ["LIMIT", 1]]
  ↳ app/controllers/quotes_controller.rb:95:in 'QuotesController#set_quote'
  Rendering layout layouts/application.html.erb
  Rendering quotes/show.html.erb within layouts/application
  [1m[36mSource Load (0.1ms)[0m  [1m[34mSELECT "sources".* FROM "sources" WHERE "sources"."id" = ? LIMIT ?[0m  [["id", 7], ["LIMIT", 1]]
  ↳ app/views/quotes/show.html.erb:14
  [1m[36mUser Load (0.1ms)[0m  [1m[34mSELECT "users".* FROM "users" WHERE "users"."id" = ? LIMIT ?[0m  [["id", 1], ["LIMIT", 1]]
  ↳ app/views/quotes/show.html.erb:48
  [1m[36mCategory Load (0.1ms)[0m  [1m[34mSELECT "categories".* FROM "categories" INNER JOIN "quote_categories" ON "categories"."id" = "quote_categories"."category_id" WHERE "quote_categories"."quote_id" = ?[0m  [["quote_id", 13]]
  ↳ app/views/quotes/show.html.erb:72
  Rendered quotes/show.html.erb within layouts/application (Duration: 8.7ms | GC: 0.0ms)
  Rendered layout layouts/application.html.erb (Duration: 15.6ms | GC: 0.0ms)
Completed 200 OK in 20ms (Views: 15.9ms | ActiveRecord: 0.4ms (4 queries, 0 cached) | GC: 0.0ms)


Started GET "/quotes/13" for 127.0.0.1 at 2026-05-24 09:59:34 +0530
Processing by QuotesController#show as HTML
  Parameters: {"id" => "13"}
  [1m[36mQuote Load (0.2ms)[0m  [1m[34mSELECT "quotes".* FROM "quotes" WHERE "quotes"."id" = ? LIMIT ?[0m  [["id", 13], ["LIMIT", 1]]
  ↳ app/controllers/quotes_controller.rb:95:in 'QuotesController#set_quote'
  Rendering layout layouts/application.html.erb
  Rendering quotes/show.html.erb within layouts/application
  [1m[36mSource Load (0.1ms)[0m  [1m[34mSELECT "sources".* FROM "sources" WHERE "sources"."id" = ? LIMIT ?[0m  [["id", 7], ["LIMIT", 1]]
  ↳ app/views/quotes/show.html.erb:14
  [1m[36mUser Load (0.1ms)[0m  [1m[34mSELECT "users".* FROM "users" WHERE "users"."id" = ? LIMIT ?[0m  [["id", 1], ["LIMIT", 1]]
  ↳ app/views/quotes/show.html.erb:48
  [1m[36mCategory Load (0.1ms)[0m  [1m[34mSELECT "categories".* FROM "categories" INNER JOIN "quote_categories" ON "categories"."id" = "quote_categories"."category_id" WHERE "quote_categories"."quote_id" = ?[0m  [["quote_id", 13]]
  ↳ app/views/quotes/show.html.erb:72
  Rendered quotes/show.html.erb within layouts/application (Duration: 13.6ms | GC: 0.0ms)
  Rendered layout layouts/application.html.erb (Duration: 19.7ms | GC: 0.0ms)
Completed 200 OK in 30ms (Views: 20.4ms | ActiveRecord: 0.5ms (4 queries, 0 cached) | GC: 0.0ms)


Started GET "/quotes/9" for 127.0.0.1 at 2026-05-24 10:00:19 +0530
Processing by QuotesController#show as HTML
  Parameters: {"id" => "9"}
  [1m[36mQuote Load (0.1ms)[0m  [1m[34mSELECT "quotes".* FROM "quotes" WHERE "quotes"."id" = ? LIMIT ?[0m  [["id", 9], ["LIMIT", 1]]
  ↳ app/controllers/quotes_controller.rb:95:in 'QuotesController#set_quote'
  Rendering layout layouts/application.html.erb
  Rendering quotes/show.html.erb within layouts/application
  [1m[36mSource Load (0.2ms)[0m  [1m[34mSELECT "sources".* FROM "sources" WHERE "sources"."id" = ? LIMIT ?[0m  [["id", 7], ["LIMIT", 1]]
  ↳ app/views/quotes/show.html.erb:14
  [1m[36mUser Load (0.1ms)[0m  [1m[34mSELECT "users".* FROM "users" WHERE "users"."id" = ? LIMIT ?[0m  [["id", 1], ["LIMIT", 1]]
  ↳ app/views/quotes/show.html.erb:48
  [1m[36mCategory Load (0.2ms)[0m  [1m[34mSELECT "categories".* FROM "categories" INNER JOIN "quote_categories" ON "categories"."id" = "quote_categories"."category_id" WHERE "quote_categories"."quote_id" = ?[0m  [["quote_id", 9]]
  ↳ app/views/quotes/show.html.erb:72
  Rendered quotes/show.html.erb within layouts/application (Duration: 18.0ms | GC: 0.0ms)
  Rendered layout layouts/application.html.erb (Duration: 27.8ms | GC: 0.0ms)
Completed 200 OK in 32ms (Views: 28.1ms | ActiveRecord: 0.6ms (4 queries, 0 cached) | GC: 0.0ms)


Started GET "/quotes/8" for 127.0.0.1 at 2026-05-24 10:00:23 +0530
Processing by QuotesController#show as HTML
  Parameters: {"id" => "8"}
  [1m[36mQuote Load (0.1ms)[0m  [1m[34mSELECT "quotes".* FROM "quotes" WHERE "quotes"."id" = ? LIMIT ?[0m  [["id", 8], ["LIMIT", 1]]
  ↳ app/controllers/quotes_controller.rb:95:in 'QuotesController#set_quote'
  Rendering layout layouts/application.html.erb
  Rendering quotes/show.html.erb within layouts/application
  [1m[36mSource Load (0.2ms)[0m  [1m[34mSELECT "sources".* FROM "sources" WHERE "sources"."id" = ? LIMIT ?[0m  [["id", 3], ["LIMIT", 1]]
  ↳ app/views/quotes/show.html.erb:14
  [1m[36mUser Load (0.1ms)[0m  [1m[34mSELECT "users".* FROM "users" WHERE "users"."id" = ? LIMIT ?[0m  [["id", 1], ["LIMIT", 1]]
  ↳ app/views/quotes/show.html.erb:48
  [1m[36mCategory Load (0.1ms)[0m  [1m[34mSELECT "categories".* FROM "categories" INNER JOIN "quote_categories" ON "categories"."id" = "quote_categories"."category_id" WHERE "quote_categories"."quote_id" = ?[0m  [["quote_id", 8]]
  ↳ app/views/quotes/show.html.erb:72
  Rendered quotes/show.html.erb within layouts/application (Duration: 11.3ms | GC: 0.0ms)
  Rendered layout layouts/application.html.erb (Duration: 16.6ms | GC: 0.0ms)
Completed 200 OK in 21ms (Views: 16.8ms | ActiveRecord: 0.4ms (4 queries, 0 cached) | GC: 0.0ms)


DEPRECATION WARNING: `to_time` will always preserve the full timezone rather than offset of the receiver in Rails 8.1. To opt in to the new behavior, set `config.active_support.to_time_preserves_timezone = :zone`. (called from BasicObject#instance_exec at C:/Users/ASUS/.local/share/gem/ruby/3.4.0/gems/railties-8.0.5/lib/rails/initializable.rb:32)
DEPRECATION WARNING: `to_time` will always preserve the full timezone rather than offset of the receiver in Rails 8.1. To opt in to the new behavior, set `config.active_support.to_time_preserves_timezone = :zone`. (called from block in <module:Finisher> at C:/Users/ASUS/.local/share/gem/ruby/3.4.0/gems/railties-8.0.5/lib/rails/application/finisher.rb:93)
  [1m[36mActiveRecord::SchemaMigration Load (0.2ms)[0m  [1m[34mSELECT "schema_migrations"."version" FROM "schema_migrations" ORDER BY "schema_migrations"."version" ASC[0m
  [1m[36mActiveRecord::InternalMetadata Load (0.1ms)[0m  [1m[34mSELECT * FROM "ar_internal_metadata" WHERE "ar_internal_metadata"."key" = ? ORDER BY "ar_internal_metadata"."key" ASC LIMIT 1[0m  [[nil, "environment"]]
  [1m[36mActiveRecord::SchemaMigration Load (0.1ms)[0m  [1m[34mSELECT "schema_migrations"."version" FROM "schema_migrations" ORDER BY "schema_migrations"."version" ASC[0m
  [1m[36mActiveRecord::InternalMetadata Load (0.1ms)[0m  [1m[34mSELECT * FROM "ar_internal_metadata" WHERE "ar_internal_metadata"."key" = ? ORDER BY "ar_internal_metadata"."key" ASC LIMIT 1[0m  [[nil, "environment"]]
  [1m[36mActiveRecord::SchemaMigration Load (0.0ms)[0m  [1m[34mSELECT "schema_migrations"."version" FROM "schema_migrations" ORDER BY "schema_migrations"."version" ASC[0m
  [1m[36mActiveRecord::InternalMetadata Load (0.1ms)[0m  [1m[34mSELECT * FROM "ar_internal_metadata" WHERE "ar_internal_metadata"."key" = ? ORDER BY "ar_internal_metadata"."key" ASC LIMIT 1[0m  [[nil, "environment"]]
DEPRECATION WARNING: `to_time` will always preserve the full timezone rather than offset of the receiver in Rails 8.1. To opt in to the new behavior, set `config.active_support.to_time_preserves_timezone = :zone`. (called from BasicObject#instance_exec at C:/Users/ASUS/.local/share/gem/ruby/3.4.0/gems/railties-8.0.5/lib/rails/initializable.rb:32)
DEPRECATION WARNING: `to_time` will always preserve the full timezone rather than offset of the receiver in Rails 8.1. To opt in to the new behavior, set `config.active_support.to_time_preserves_timezone = :zone`. (called from block in <module:Finisher> at C:/Users/ASUS/.local/share/gem/ruby/3.4.0/gems/railties-8.0.5/lib/rails/application/finisher.rb:93)
  [1m[36mActiveRecord::SchemaMigration Load (0.2ms)[0m  [1m[34mSELECT "schema_migrations"."version" FROM "schema_migrations" ORDER BY "schema_migrations"."version" ASC[0m
  [1m[36mActiveRecord::InternalMetadata Load (0.1ms)[0m  [1m[34mSELECT * FROM "ar_internal_metadata" WHERE "ar_internal_metadata"."key" = ? ORDER BY "ar_internal_metadata"."key" ASC LIMIT 1[0m  [[nil, "environment"]]
  [1m[36mActiveRecord::SchemaMigration Load (0.0ms)[0m  [1m[34mSELECT "schema_migrations"."version" FROM "schema_migrations" ORDER BY "schema_migrations"."version" ASC[0m
  [1m[36mActiveRecord::InternalMetadata Load (0.1ms)[0m  [1m[34mSELECT * FROM "ar_internal_metadata" WHERE "ar_internal_metadata"."key" = ? ORDER BY "ar_internal_metadata"."key" ASC LIMIT 1[0m  [[nil, "environment"]]
  [1m[36mActiveRecord::SchemaMigration Load (0.1ms)[0m  [1m[34mSELECT "schema_migrations"."version" FROM "schema_migrations" ORDER BY "schema_migrations"."version" ASC[0m
  [1m[36mActiveRecord::InternalMetadata Load (0.1ms)[0m  [1m[34mSELECT * FROM "ar_internal_metadata" WHERE "ar_internal_metadata"."key" = ? ORDER BY "ar_internal_metadata"."key" ASC LIMIT 1[0m  [[nil, "environment"]]
DEPRECATION WARNING: `to_time` will always preserve the full timezone rather than offset of the receiver in Rails 8.1. To opt in to the new behavior, set `config.active_support.to_time_preserves_timezone = :zone`. (called from BasicObject#instance_exec at C:/Users/ASUS/.local/share/gem/ruby/3.4.0/gems/railties-8.0.5/lib/rails/initializable.rb:32)
DEPRECATION WARNING: `to_time` will always preserve the full timezone rather than offset of the receiver in Rails 8.1. To opt in to the new behavior, set `config.active_support.to_time_preserves_timezone = :zone`. (called from block in <module:Finisher> at C:/Users/ASUS/.local/share/gem/ruby/3.4.0/gems/railties-8.0.5/lib/rails/application/finisher.rb:93)
  [1m[36mActiveRecord::SchemaMigration Load (0.2ms)[0m  [1m[34mSELECT "schema_migrations"."version" FROM "schema_migrations" ORDER BY "schema_migrations"."version" ASC[0m
  [1m[36mActiveRecord::InternalMetadata Load (0.2ms)[0m  [1m[34mSELECT * FROM "ar_internal_metadata" WHERE "ar_internal_metadata"."key" = ? ORDER BY "ar_internal_metadata"."key" ASC LIMIT 1[0m  [[nil, "environment"]]
  [1m[36mActiveRecord::SchemaMigration Load (0.1ms)[0m  [1m[34mSELECT "schema_migrations"."version" FROM "schema_migrations" ORDER BY "schema_migrations"."version" ASC[0m
  [1m[36mActiveRecord::InternalMetadata Load (0.1ms)[0m  [1m[34mSELECT * FROM "ar_internal_metadata" WHERE "ar_internal_metadata"."key" = ? ORDER BY "ar_internal_metadata"."key" ASC LIMIT 1[0m  [[nil, "environment"]]
  [1m[36mActiveRecord::SchemaMigration Load (0.0ms)[0m  [1m[34mSELECT "schema_migrations"."version" FROM "schema_migrations" ORDER BY "schema_migrations"."version" ASC[0m
  [1m[36mActiveRecord::InternalMetadata Load (0.1ms)[0m  [1m[34mSELECT * FROM "ar_internal_metadata" WHERE "ar_internal_metadata"."key" = ? ORDER BY "ar_internal_metadata"."key" ASC LIMIT 1[0m  [[nil, "environment"]]
DEPRECATION WARNING: `to_time` will always preserve the full timezone rather than offset of the receiver in Rails 8.1. To opt in to the new behavior, set `config.active_support.to_time_preserves_timezone = :zone`. (called from BasicObject#instance_exec at C:/Users/ASUS/.local/share/gem/ruby/3.4.0/gems/railties-8.0.5/lib/rails/initializable.rb:32)
DEPRECATION WARNING: `to_time` will always preserve the full timezone rather than offset of the receiver in Rails 8.1. To opt in to the new behavior, set `config.active_support.to_time_preserves_timezone = :zone`. (called from block in <module:Finisher> at C:/Users/ASUS/.local/share/gem/ruby/3.4.0/gems/railties-8.0.5/lib/rails/application/finisher.rb:93)
  [1m[35m (0.1ms)[0m  [1m[35mDROP TABLE IF EXISTS "categories"[0m
  [1m[35m (2.8ms)[0m  [1m[35mCREATE TABLE "categories" ("id" integer PRIMARY KEY AUTOINCREMENT NOT NULL, "catname" varchar NOT NULL, "created_at" datetime(6) NOT NULL, "updated_at" datetime(6) NOT NULL)[0m
  [1m[35m (0.1ms)[0m  [1m[35mDROP TABLE IF EXISTS "quote_categories"[0m
  [1m[35m (0.2ms)[0m  [1m[35mCREATE TABLE "quote_categories" ("id" integer PRIMARY KEY AUTOINCREMENT NOT NULL, "quote_id" integer NOT NULL, "category_id" integer NOT NULL, "created_at" datetime(6) NOT NULL, "updated_at" datetime(6) NOT NULL)[0m
  [1m[35m (0.2ms)[0m  [1m[35mCREATE INDEX "index_quote_categories_on_category_id" ON "quote_categories" ("category_id")[0m
  [1m[35m (0.2ms)[0m  [1m[35mCREATE INDEX "index_quote_categories_on_quote_id" ON "quote_categories" ("quote_id")[0m
  [1m[35m (0.1ms)[0m  [1m[35mDROP TABLE IF EXISTS "quotes"[0m
  [1m[35m (0.2ms)[0m  [1m[35mCREATE TABLE "quotes" ("id" integer PRIMARY KEY AUTOINCREMENT NOT NULL, "qtext" text NOT NULL, "qyear" varchar, "qcom" text, "ispublic" boolean DEFAULT 1 NOT NULL, "user_id" integer NOT NULL, "source_id" integer NOT NULL, "created_at" datetime(6) NOT NULL, "updated_at" datetime(6) NOT NULL)[0m
  [1m[35m (0.1ms)[0m  [1m[35mCREATE INDEX "index_quotes_on_source_id" ON "quotes" ("source_id")[0m
  [1m[35m (0.1ms)[0m  [1m[35mCREATE INDEX "index_quotes_on_user_id" ON "quotes" ("user_id")[0m
  [1m[35m (0.0ms)[0m  [1m[35mDROP TABLE IF EXISTS "sources"[0m
  [1m[35m (0.2ms)[0m  [1m[35mCREATE TABLE "sources" ("id" integer PRIMARY KEY AUTOINCREMENT NOT NULL, "fname" varchar NOT NULL, "lname" varchar, "byear" varchar, "dyear" varchar, "bio" text, "created_at" datetime(6) NOT NULL, "updated_at" datetime(6) NOT NULL)[0m
  [1m[35m (0.0ms)[0m  [1m[35mDROP TABLE IF EXISTS "users"[0m
  [1m[35m (0.1ms)[0m  [1m[35mCREATE TABLE "users" ("id" integer PRIMARY KEY AUTOINCREMENT NOT NULL, "fname" varchar NOT NULL, "lname" varchar NOT NULL, "email" varchar NOT NULL, "password_digest" varchar NOT NULL, "is_admin" boolean DEFAULT 0, "status" varchar DEFAULT 'Active' NOT NULL, "created_at" datetime(6) NOT NULL, "updated_at" datetime(6) NOT NULL)[0m
  [1m[35m (0.1ms)[0m  [1m[35mCREATE UNIQUE INDEX "index_users_on_email" ON "users" ("email")[0m
  [1m[35mSQL (0.0ms)[0m  [1m[35mPRAGMA foreign_keys[0m
  [1m[35mSQL (0.0ms)[0m  [1m[35mPRAGMA defer_foreign_keys[0m
  [1m[35m (0.0ms)[0m  [1m[35mPRAGMA defer_foreign_keys = ON[0m
  [1m[35m (0.0ms)[0m  [1m[35mPRAGMA foreign_keys = OFF[0m
  [1m[36mTRANSACTION (0.1ms)[0m  [1m[36mBEGIN immediate TRANSACTION[0m
  [1m[35m (0.2ms)[0m  [1m[35mCREATE TEMPORARY TABLE "aquote_categories" ("id" integer PRIMARY KEY AUTOINCREMENT NOT NULL, "quote_id" integer NOT NULL, "category_id" integer NOT NULL, "created_at" datetime(6) NOT NULL, "updated_at" datetime(6) NOT NULL)[0m
  [1m[35m (0.1ms)[0m  [1m[35mCREATE INDEX "tindex_aquote_categories_on_quote_id" ON "aquote_categories" ("quote_id")[0m
  [1m[35m (0.1ms)[0m  [1m[35mCREATE INDEX "tindex_aquote_categories_on_category_id" ON "aquote_categories" ("category_id")[0m
  [1m[35mSQL (0.1ms)[0m  [1m[32mINSERT INTO "aquote_categories" ("id","quote_id","category_id","created_at","updated_at")
                     SELECT "id","quote_id","category_id","created_at","updated_at" FROM "quote_categories"[0m
  [1m[35m (0.2ms)[0m  [1m[35mDROP TABLE "quote_categories"[0m
  [1m[35m (0.1ms)[0m  [1m[35mCREATE TABLE "quote_categories" ("id" integer PRIMARY KEY AUTOINCREMENT NOT NULL, "quote_id" integer NOT NULL, "category_id" integer NOT NULL, "created_at" datetime(6) NOT NULL, "updated_at" datetime(6) NOT NULL, CONSTRAINT "fk_rails_2f1b48a620"
FOREIGN KEY ("category_id")
  REFERENCES "categories" ("id")
)[0m
  [1m[35m (0.1ms)[0m  [1m[35mCREATE INDEX "index_quote_categories_on_category_id" ON "quote_categories" ("category_id")[0m
  [1m[35m (0.1ms)[0m  [1m[35mCREATE INDEX "index_quote_categories_on_quote_id" ON "quote_categories" ("quote_id")[0m
  [1m[35mSQL (0.1ms)[0m  [1m[32mINSERT INTO "quote_categories" ("id","quote_id","category_id","created_at","updated_at")
                     SELECT "id","quote_id","category_id","created_at","updated_at" FROM "aquote_categories"[0m
  [1m[35m (0.2ms)[0m  [1m[35mDROP TABLE "aquote_categories"[0m
  [1m[36mTRANSACTION (0.1ms)[0m  [1m[36mCOMMIT TRANSACTION[0m
  [1m[35m (0.0ms)[0m  [1m[35mPRAGMA defer_foreign_keys = 0[0m
  [1m[35m (0.0ms)[0m  [1m[35mPRAGMA foreign_keys = 1[0m
  [1m[35mSQL (0.0ms)[0m  [1m[35mPRAGMA foreign_keys[0m
  [1m[35mSQL (0.0ms)[0m  [1m[35mPRAGMA defer_foreign_keys[0m
  [1m[35m (0.0ms)[0m  [1m[35mPRAGMA defer_foreign_keys = ON[0m
  [1m[35m (0.0ms)[0m  [1m[35mPRAGMA foreign_keys = OFF[0m
  [1m[36mTRANSACTION (0.0ms)[0m  [1m[36mBEGIN immediate TRANSACTION[0m
  [1m[35m (0.1ms)[0m  [1m[35mCREATE TEMPORARY TABLE "aquote_categories" ("id" integer PRIMARY KEY AUTOINCREMENT NOT NULL, "quote_id" integer NOT NULL, "category_id" integer NOT NULL, "created_at" datetime(6) NOT NULL, "updated_at" datetime(6) NOT NULL)[0m
  [1m[35m (0.1ms)[0m  [1m[35mCREATE INDEX "tindex_aquote_categories_on_quote_id" ON "aquote_categories" ("quote_id")[0m
  [1m[35m (0.1ms)[0m  [1m[35mCREATE INDEX "tindex_aquote_categories_on_category_id" ON "aquote_categories" ("category_id")[0m
  [1m[35mSQL (0.0ms)[0m  [1m[32mINSERT INTO "aquote_categories" ("id","quote_id","category_id","created_at","updated_at")
                     SELECT "id","quote_id","category_id","created_at","updated_at" FROM "quote_categories"[0m
  [1m[35m (0.2ms)[0m  [1m[35mDROP TABLE "quote_categories"[0m
  [1m[35m (0.1ms)[0m  [1m[35mCREATE TABLE "quote_categories" ("id" integer PRIMARY KEY AUTOINCREMENT NOT NULL, "quote_id" integer NOT NULL, "category_id" integer NOT NULL, "created_at" datetime(6) NOT NULL, "updated_at" datetime(6) NOT NULL, CONSTRAINT "fk_rails_2f1b48a620"
FOREIGN KEY ("category_id")
  REFERENCES "categories" ("id")
, CONSTRAINT "fk_rails_c34a150410"
FOREIGN KEY ("quote_id")
  REFERENCES "quotes" ("id")
)[0m
  [1m[35m (0.1ms)[0m  [1m[35mCREATE INDEX "index_quote_categories_on_category_id" ON "quote_categories" ("category_id")[0m
  [1m[35m (0.1ms)[0m  [1m[35mCREATE INDEX "index_quote_categories_on_quote_id" ON "quote_categories" ("quote_id")[0m
  [1m[35mSQL (0.1ms)[0m  [1m[32mINSERT INTO "quote_categories" ("id","quote_id","category_id","created_at","updated_at")
                     SELECT "id","quote_id","category_id","created_at","updated_at" FROM "aquote_categories"[0m
  [1m[35m (0.2ms)[0m  [1m[35mDROP TABLE "aquote_categories"[0m
  [1m[36mTRANSACTION (0.1ms)[0m  [1m[36mCOMMIT TRANSACTION[0m
  [1m[35m (0.0ms)[0m  [1m[35mPRAGMA defer_foreign_keys = 0[0m
  [1m[35m (0.0ms)[0m  [1m[35mPRAGMA foreign_keys = 1[0m
  [1m[35mSQL (0.0ms)[0m  [1m[35mPRAGMA foreign_keys[0m
  [1m[35mSQL (0.0ms)[0m  [1m[35mPRAGMA defer_foreign_keys[0m
  [1m[35m (0.0ms)[0m  [1m[35mPRAGMA defer_foreign_keys = ON[0m
  [1m[35m (0.0ms)[0m  [1m[35mPRAGMA foreign_keys = OFF[0m
  [1m[36mTRANSACTION (0.0ms)[0m  [1m[36mBEGIN immediate TRANSACTION[0m
  [1m[35m (0.1ms)[0m  [1m[35mCREATE TEMPORARY TABLE "aquotes" ("id" integer PRIMARY KEY AUTOINCREMENT NOT NULL, "qtext" text NOT NULL, "qyear" varchar, "qcom" text, "ispublic" boolean DEFAULT 1 NOT NULL, "user_id" integer NOT NULL, "source_id" integer NOT NULL, "created_at" datetime(6) NOT NULL, "updated_at" datetime(6) NOT NULL)[0m
  [1m[35m (0.1ms)[0m  [1m[35mCREATE INDEX "tindex_aquotes_on_user_id" ON "aquotes" ("user_id")[0m
  [1m[35m (0.4ms)[0m  [1m[35mCREATE INDEX "tindex_aquotes_on_source_id" ON "aquotes" ("source_id")[0m
  [1m[35mSQL (0.1ms)[0m  [1m[32mINSERT INTO "aquotes" ("id","qtext","qyear","qcom","ispublic","user_id","source_id","created_at","updated_at")
                     SELECT "id","qtext","qyear","qcom","ispublic","user_id","source_id","created_at","updated_at" FROM "quotes"[0m
  [1m[35m (0.2ms)[0m  [1m[35mDROP TABLE "quotes"[0m
  [1m[35m (0.2ms)[0m  [1m[35mCREATE TABLE "quotes" ("id" integer PRIMARY KEY AUTOINCREMENT NOT NULL, "qtext" text NOT NULL, "qyear" varchar, "qcom" text, "ispublic" boolean DEFAULT 1 NOT NULL, "user_id" integer NOT NULL, "source_id" integer NOT NULL, "created_at" datetime(6) NOT NULL, "updated_at" datetime(6) NOT NULL, CONSTRAINT "fk_rails_7a6cffb978"
FOREIGN KEY ("source_id")
  REFERENCES "sources" ("id")
)[0m
  [1m[35m (0.1ms)[0m  [1m[35mCREATE INDEX "index_quotes_on_source_id" ON "quotes" ("source_id")[0m
  [1m[35m (0.1ms)[0m  [1m[35mCREATE INDEX "index_quotes_on_user_id" ON "quotes" ("user_id")[0m
  [1m[35mSQL (0.1ms)[0m  [1m[32mINSERT INTO "quotes" ("id","qtext","qyear","qcom","ispublic","user_id","source_id","created_at","updated_at")
                     SELECT "id","qtext","qyear","qcom","ispublic","user_id","source_id","created_at","updated_at" FROM "aquotes"[0m
  [1m[35m (0.2ms)[0m  [1m[35mDROP TABLE "aquotes"[0m
  [1m[36mTRANSACTION (0.2ms)[0m  [1m[36mCOMMIT TRANSACTION[0m
  [1m[35m (0.0ms)[0m  [1m[35mPRAGMA defer_foreign_keys = 0[0m
  [1m[35m (0.0ms)[0m  [1m[35mPRAGMA foreign_keys = 1[0m
  [1m[35mSQL (0.0ms)[0m  [1m[35mPRAGMA foreign_keys[0m
  [1m[35mSQL (0.1ms)[0m  [1m[35mPRAGMA defer_foreign_keys[0m
  [1m[35m (0.1ms)[0m  [1m[35mPRAGMA defer_foreign_keys = ON[0m
  [1m[35m (0.0ms)[0m  [1m[35mPRAGMA foreign_keys = OFF[0m
  [1m[36mTRANSACTION (0.0ms)[0m  [1m[36mBEGIN immediate TRANSACTION[0m
  [1m[35m (0.4ms)[0m  [1m[35mCREATE TEMPORARY TABLE "aquotes" ("id" integer PRIMARY KEY AUTOINCREMENT NOT NULL, "qtext" text NOT NULL, "qyear" varchar, "qcom" text, "ispublic" boolean DEFAULT 1 NOT NULL, "user_id" integer NOT NULL, "source_id" integer NOT NULL, "created_at" datetime(6) NOT NULL, "updated_at" datetime(6) NOT NULL)[0m
  [1m[35m (0.1ms)[0m  [1m[35mCREATE INDEX "tindex_aquotes_on_user_id" ON "aquotes" ("user_id")[0m
  [1m[35m (0.1ms)[0m  [1m[35mCREATE INDEX "tindex_aquotes_on_source_id" ON "aquotes" ("source_id")[0m
  [1m[35mSQL (0.1ms)[0m  [1m[32mINSERT INTO "aquotes" ("id","qtext","qyear","qcom","ispublic","user_id","source_id","created_at","updated_at")
                     SELECT "id","qtext","qyear","qcom","ispublic","user_id","source_id","created_at","updated_at" FROM "quotes"[0m
  [1m[35m (0.2ms)[0m  [1m[35mDROP TABLE "quotes"[0m
  [1m[35m (0.1ms)[0m  [1m[35mCREATE TABLE "quotes" ("id" integer PRIMARY KEY AUTOINCREMENT NOT NULL, "qtext" text NOT NULL, "qyear" varchar, "qcom" text, "ispublic" boolean DEFAULT 1 NOT NULL, "user_id" integer NOT NULL, "source_id" integer NOT NULL, "created_at" datetime(6) NOT NULL, "updated_at" datetime(6) NOT NULL, CONSTRAINT "fk_rails_7a6cffb978"
FOREIGN KEY ("source_id")
  REFERENCES "sources" ("id")
, CONSTRAINT "fk_rails_02b555fb4d"
FOREIGN KEY ("user_id")
  REFERENCES "users" ("id")
)[0m
  [1m[35m (0.1ms)[0m  [1m[35mCREATE INDEX "index_quotes_on_source_id" ON "quotes" ("source_id")[0m
  [1m[35m (0.1ms)[0m  [1m[35mCREATE INDEX "index_quotes_on_user_id" ON "quotes" ("user_id")[0m
  [1m[35mSQL (0.1ms)[0m  [1m[32mINSERT INTO "quotes" ("id","qtext","qyear","qcom","ispublic","user_id","source_id","created_at","updated_at")
                     SELECT "id","qtext","qyear","qcom","ispublic","user_id","source_id","created_at","updated_at" FROM "aquotes"[0m
  [1m[35m (0.2ms)[0m  [1m[35mDROP TABLE "aquotes"[0m
  [1m[36mTRANSACTION (0.1ms)[0m  [1m[36mCOMMIT TRANSACTION[0m
  [1m[35m (0.0ms)[0m  [1m[35mPRAGMA defer_foreign_keys = 0[0m
  [1m[35m (0.0ms)[0m  [1m[35mPRAGMA foreign_keys = 1[0m
  [1m[35m (0.2ms)[0m  [1m[35mCREATE TABLE "schema_migrations" ("version" varchar NOT NULL PRIMARY KEY)[0m
  [1m[36mActiveRecord::SchemaMigration Load (0.1ms)[0m  [1m[34mSELECT "schema_migrations"."version" FROM "schema_migrations" ORDER BY "schema_migrations"."version" ASC[0m
  [1m[35m (0.1ms)[0m  [1m[32mINSERT INTO "schema_migrations" (version) VALUES (20260516193758)[0m
  [1m[35m (0.2ms)[0m  [1m[32mINSERT INTO "schema_migrations" (version) VALUES
(20260516193749),
(20260516193740),
(20260516193731),
(20260516193718);[0m
  [1m[35m (0.2ms)[0m  [1m[35mCREATE TABLE "ar_internal_metadata" ("key" varchar NOT NULL PRIMARY KEY, "value" varchar, "created_at" datetime(6) NOT NULL, "updated_at" datetime(6) NOT NULL)[0m
  [1m[36mActiveRecord::InternalMetadata Load (0.1ms)[0m  [1m[34mSELECT * FROM "ar_internal_metadata" WHERE "ar_internal_metadata"."key" = ? ORDER BY "ar_internal_metadata"."key" ASC LIMIT 1[0m  [[nil, "environment"]]
  [1m[36mActiveRecord::InternalMetadata Create (0.3ms)[0m  [1m[32mINSERT INTO "ar_internal_metadata" ("key", "value", "created_at", "updated_at") VALUES ('environment', 'development', '2026-05-24 04:41:19.623659', '2026-05-24 04:41:19.623663') RETURNING "key"[0m
  [1m[36mActiveRecord::InternalMetadata Load (0.1ms)[0m  [1m[34mSELECT * FROM "ar_internal_metadata" WHERE "ar_internal_metadata"."key" = ? ORDER BY "ar_internal_metadata"."key" ASC LIMIT 1[0m  [[nil, "environment"]]
  [1m[36mActiveRecord::InternalMetadata Load (0.1ms)[0m  [1m[34mSELECT * FROM "ar_internal_metadata" WHERE "ar_internal_metadata"."key" = ? ORDER BY "ar_internal_metadata"."key" ASC LIMIT 1[0m  [[nil, "schema_sha1"]]
  [1m[36mActiveRecord::InternalMetadata Create (0.2ms)[0m  [1m[32mINSERT INTO "ar_internal_metadata" ("key", "value", "created_at", "updated_at") VALUES ('schema_sha1', 'ad1d38df85d860c3cecd9cb77dcc3501103258b5', '2026-05-24 04:41:19.628606', '2026-05-24 04:41:19.628608') RETURNING "key"[0m
  [1m[36mActiveRecord::InternalMetadata Load (0.1ms)[0m  [1m[34mSELECT * FROM "ar_internal_metadata" WHERE "ar_internal_metadata"."key" = ? ORDER BY "ar_internal_metadata"."key" ASC LIMIT 1[0m  [[nil, "environment"]]
  [1m[36mActiveRecord::SchemaMigration Load (0.1ms)[0m  [1m[34mSELECT "schema_migrations"."version" FROM "schema_migrations" ORDER BY "schema_migrations"."version" ASC[0m
  [1m[36mActiveRecord::SchemaMigration Load (0.1ms)[0m  [1m[34mSELECT "schema_migrations"."version" FROM "schema_migrations" ORDER BY "schema_migrations"."version" ASC[0m
  [1m[36mActiveRecord::SchemaMigration Load (0.0ms)[0m  [1m[34mSELECT "schema_migrations"."version" FROM "schema_migrations" ORDER BY "schema_migrations"."version" ASC[0m
  [1m[36mCategory Load (0.2ms)[0m  [1m[34mSELECT "categories".* FROM "categories" WHERE "categories"."catname" = ? LIMIT ?[0m  [["catname", "Ethics"], ["LIMIT", 1]]
  [1m[36mTRANSACTION (0.1ms)[0m  [1m[36mBEGIN immediate TRANSACTION[0m
  [1m[36mCategory Exists? (0.1ms)[0m  [1m[34mSELECT 1 AS one FROM "categories" WHERE LOWER("categories"."catname") = LOWER(?) LIMIT ?[0m  [["catname", "Ethics"], ["LIMIT", 1]]
  [1m[36mCategory Create (0.2ms)[0m  [1m[32mINSERT INTO "categories" ("catname", "created_at", "updated_at") VALUES (?, ?, ?) RETURNING "id"[0m  [["catname", "Ethics"], ["created_at", "2026-05-24 04:41:20.789219"], ["updated_at", "2026-05-24 04:41:20.789219"]]
  [1m[36mTRANSACTION (2.6ms)[0m  [1m[36mCOMMIT TRANSACTION[0m
  [1m[36mCategory Load (0.1ms)[0m  [1m[34mSELECT "categories".* FROM "categories" WHERE "categories"."catname" = ? LIMIT ?[0m  [["catname", "Metaphysics"], ["LIMIT", 1]]
  [1m[36mTRANSACTION (0.0ms)[0m  [1m[36mBEGIN immediate TRANSACTION[0m
  [1m[36mCategory Exists? (3.9ms)[0m  [1m[34mSELECT 1 AS one FROM "categories" WHERE LOWER("categories"."catname") = LOWER(?) LIMIT ?[0m  [["catname", "Metaphysics"], ["LIMIT", 1]]
  [1m[36mCategory Create (0.1ms)[0m  [1m[32mINSERT INTO "categories" ("catname", "created_at", "updated_at") VALUES (?, ?, ?) RETURNING "id"[0m  [["catname", "Metaphysics"], ["created_at", "2026-05-24 04:41:20.806387"], ["updated_at", "2026-05-24 04:41:20.806387"]]
  [1m[36mTRANSACTION (0.2ms)[0m  [1m[36mCOMMIT TRANSACTION[0m
  [1m[36mCategory Load (0.1ms)[0m  [1m[34mSELECT "categories".* FROM "categories" WHERE "categories"."catname" = ? LIMIT ?[0m  [["catname", "Epistemology"], ["LIMIT", 1]]
  [1m[36mTRANSACTION (0.0ms)[0m  [1m[36mBEGIN immediate TRANSACTION[0m
  [1m[36mCategory Exists? (5.0ms)[0m  [1m[34mSELECT 1 AS one FROM "categories" WHERE LOWER("categories"."catname") = LOWER(?) LIMIT ?[0m  [["catname", "Epistemology"], ["LIMIT", 1]]
  [1m[36mCategory Create (0.2ms)[0m  [1m[32mINSERT INTO "categories" ("catname", "created_at", "updated_at") VALUES (?, ?, ?) RETURNING "id"[0m  [["catname", "Epistemology"], ["created_at", "2026-05-24 04:41:20.827528"], ["updated_at", "2026-05-24 04:41:20.827528"]]
  [1m[36mTRANSACTION (0.1ms)[0m  [1m[36mCOMMIT TRANSACTION[0m
  [1m[36mCategory Load (1.0ms)[0m  [1m[34mSELECT "categories".* FROM "categories" WHERE "categories"."catname" = ? LIMIT ?[0m  [["catname", "Logic"], ["LIMIT", 1]]
  [1m[36mTRANSACTION (0.1ms)[0m  [1m[36mBEGIN immediate TRANSACTION[0m
  [1m[36mCategory Exists? (8.3ms)[0m  [1m[34mSELECT 1 AS one FROM "categories" WHERE LOWER("categories"."catname") = LOWER(?) LIMIT ?[0m  [["catname", "Logic"], ["LIMIT", 1]]
  [1m[36mCategory Create (0.3ms)[0m  [1m[32mINSERT INTO "categories" ("catname", "created_at", "updated_at") VALUES (?, ?, ?) RETURNING "id"[0m  [["catname", "Logic"], ["created_at", "2026-05-24 04:41:20.861075"], ["updated_at", "2026-05-24 04:41:20.861075"]]
  [1m[36mTRANSACTION (0.1ms)[0m  [1m[36mCOMMIT TRANSACTION[0m
  [1m[36mCategory Load (0.2ms)[0m  [1m[34mSELECT "categories".* FROM "categories" WHERE "categories"."catname" = ? LIMIT ?[0m  [["catname", "Axiology"], ["LIMIT", 1]]
  [1m[36mTRANSACTION (0.1ms)[0m  [1m[36mBEGIN immediate TRANSACTION[0m
  [1m[36mCategory Exists? (3.0ms)[0m  [1m[34mSELECT 1 AS one FROM "categories" WHERE LOWER("categories"."catname") = LOWER(?) LIMIT ?[0m  [["catname", "Axiology"], ["LIMIT", 1]]
  [1m[36mCategory Create (0.2ms)[0m  [1m[32mINSERT INTO "categories" ("catname", "created_at", "updated_at") VALUES (?, ?, ?) RETURNING "id"[0m  [["catname", "Axiology"], ["created_at", "2026-05-24 04:41:20.881962"], ["updated_at", "2026-05-24 04:41:20.881962"]]
  [1m[36mTRANSACTION (0.2ms)[0m  [1m[36mCOMMIT TRANSACTION[0m
  [1m[36mCategory Load (0.1ms)[0m  [1m[34mSELECT "categories".* FROM "categories" WHERE "categories"."catname" = ? LIMIT ?[0m  [["catname", "Political Philosophy"], ["LIMIT", 1]]
  [1m[36mTRANSACTION (0.1ms)[0m  [1m[36mBEGIN immediate TRANSACTION[0m
  [1m[36mCategory Exists? (4.5ms)[0m  [1m[34mSELECT 1 AS one FROM "categories" WHERE LOWER("categories"."catname") = LOWER(?) LIMIT ?[0m  [["catname", "Political Philosophy"], ["LIMIT", 1]]
  [1m[36mCategory Create (0.3ms)[0m  [1m[32mINSERT INTO "categories" ("catname", "created_at", "updated_at") VALUES (?, ?, ?) RETURNING "id"[0m  [["catname", "Political Philosophy"], ["created_at", "2026-05-24 04:41:20.906984"], ["updated_at", "2026-05-24 04:41:20.906984"]]
  [1m[36mTRANSACTION (0.1ms)[0m  [1m[36mCOMMIT TRANSACTION[0m
  [1m[36mCategory Load (0.2ms)[0m  [1m[34mSELECT "categories".* FROM "categories" WHERE "categories"."catname" = ? LIMIT ?[0m  [["catname", "Aesthetics"], ["LIMIT", 1]]
  [1m[36mTRANSACTION (0.3ms)[0m  [1m[36mBEGIN immediate TRANSACTION[0m
  [1m[36mCategory Exists? (4.3ms)[0m  [1m[34mSELECT 1 AS one FROM "categories" WHERE LOWER("categories"."catname") = LOWER(?) LIMIT ?[0m  [["catname", "Aesthetics"], ["LIMIT", 1]]
  [1m[36mCategory Create (1.0ms)[0m  [1m[32mINSERT INTO "categories" ("catname", "created_at", "updated_at") VALUES (?, ?, ?) RETURNING "id"[0m  [["catname", "Aesthetics"], ["created_at", "2026-05-24 04:41:20.934477"], ["updated_at", "2026-05-24 04:41:20.934477"]]
  [1m[36mTRANSACTION (0.1ms)[0m  [1m[36mCOMMIT TRANSACTION[0m
  [1m[36mCategory Load (0.2ms)[0m  [1m[34mSELECT "categories".* FROM "categories" WHERE "categories"."catname" = ? LIMIT ?[0m  [["catname", "Philosophy of Mind"], ["LIMIT", 1]]
  [1m[36mTRANSACTION (0.1ms)[0m  [1m[36mBEGIN immediate TRANSACTION[0m
  [1m[36mCategory Exists? (5.6ms)[0m  [1m[34mSELECT 1 AS one FROM "categories" WHERE LOWER("categories"."catname") = LOWER(?) LIMIT ?[0m  [["catname", "Philosophy of Mind"], ["LIMIT", 1]]
  [1m[36mCategory Create (0.5ms)[0m  [1m[32mINSERT INTO "categories" ("catname", "created_at", "updated_at") VALUES (?, ?, ?) RETURNING "id"[0m  [["catname", "Philosophy of Mind"], ["created_at", "2026-05-24 04:41:20.959525"], ["updated_at", "2026-05-24 04:41:20.959525"]]
  [1m[36mTRANSACTION (0.2ms)[0m  [1m[36mCOMMIT TRANSACTION[0m
  [1m[36mCategory Load (0.1ms)[0m  [1m[34mSELECT "categories".* FROM "categories" WHERE "categories"."catname" = ? LIMIT ?[0m  [["catname", "Existentialism"], ["LIMIT", 1]]
  [1m[36mTRANSACTION (0.1ms)[0m  [1m[36mBEGIN immediate TRANSACTION[0m
  [1m[36mCategory Exists? (4.9ms)[0m  [1m[34mSELECT 1 AS one FROM "categories" WHERE LOWER("categories"."catname") = LOWER(?) LIMIT ?[0m  [["catname", "Existentialism"], ["LIMIT", 1]]
  [1m[36mCategory Create (0.2ms)[0m  [1m[32mINSERT INTO "categories" ("catname", "created_at", "updated_at") VALUES (?, ?, ?) RETURNING "id"[0m  [["catname", "Existentialism"], ["created_at", "2026-05-24 04:41:20.980826"], ["updated_at", "2026-05-24 04:41:20.980826"]]
  [1m[36mTRANSACTION (0.1ms)[0m  [1m[36mCOMMIT TRANSACTION[0m
  [1m[36mCategory Load (0.4ms)[0m  [1m[34mSELECT "categories".* FROM "categories" WHERE "categories"."catname" = ? LIMIT ?[0m  [["catname", "Stoicism"], ["LIMIT", 1]]
  [1m[36mTRANSACTION (0.1ms)[0m  [1m[36mBEGIN immediate TRANSACTION[0m
  [1m[36mCategory Exists? (2.8ms)[0m  [1m[34mSELECT 1 AS one FROM "categories" WHERE LOWER("categories"."catname") = LOWER(?) LIMIT ?[0m  [["catname", "Stoicism"], ["LIMIT", 1]]
  [1m[36mCategory Create (0.1ms)[0m  [1m[32mINSERT INTO "categories" ("catname", "created_at", "updated_at") VALUES (?, ?, ?) RETURNING "id"[0m  [["catname", "Stoicism"], ["created_at", "2026-05-24 04:41:20.997288"], ["updated_at", "2026-05-24 04:41:20.997288"]]
  [1m[36mTRANSACTION (0.7ms)[0m  [1m[36mCOMMIT TRANSACTION[0m
  [1m[36mSource Load (0.2ms)[0m  [1m[34mSELECT "sources".* FROM "sources" WHERE "sources"."fname" = ? AND "sources"."lname" IS NULL LIMIT ?[0m  [["fname", "Socrates"], ["LIMIT", 1]]
  [1m[36mTRANSACTION (0.1ms)[0m  [1m[36mBEGIN immediate TRANSACTION[0m
  [1m[36mSource Create (0.2ms)[0m  [1m[32mINSERT INTO "sources" ("fname", "lname", "byear", "dyear", "bio", "created_at", "updated_at") VALUES (?, ?, ?, ?, ?, ?, ?) RETURNING "id"[0m  [["fname", "Socrates"], ["lname", nil], ["byear", "470 BCE"], ["dyear", "399 BCE"], ["bio", "Classical Greek philosopher credited as the founder of Western philosophy. Known for the Socratic method of inquiry."], ["created_at", "2026-05-24 04:41:21.031363"], ["updated_at", "2026-05-24 04:41:21.031363"]]
  [1m[36mTRANSACTION (0.4ms)[0m  [1m[36mCOMMIT TRANSACTION[0m
  [1m[36mSource Load (0.1ms)[0m  [1m[34mSELECT "sources".* FROM "sources" WHERE "sources"."fname" = ? AND "sources"."lname" IS NULL LIMIT ?[0m  [["fname", "Aristotle"], ["LIMIT", 1]]
  [1m[36mTRANSACTION (0.1ms)[0m  [1m[36mBEGIN immediate TRANSACTION[0m
  [1m[36mSource Create (2.8ms)[0m  [1m[32mINSERT INTO "sources" ("fname", "lname", "byear", "dyear", "bio", "created_at", "updated_at") VALUES (?, ?, ?, ?, ?, ?, ?) RETURNING "id"[0m  [["fname", "Aristotle"], ["lname", nil], ["byear", "384 BCE"], ["dyear", "322 BCE"], ["bio", "Ancient Greek philosopher and polymath. A student of Plato and teacher of Alexander the Great."], ["created_at", "2026-05-24 04:41:21.042427"], ["updated_at", "2026-05-24 04:41:21.042427"]]
  [1m[36mTRANSACTION (0.1ms)[0m  [1m[36mCOMMIT TRANSACTION[0m
  [1m[36mSource Load (0.5ms)[0m  [1m[34mSELECT "sources".* FROM "sources" WHERE "sources"."fname" = ? AND "sources"."lname" IS NULL LIMIT ?[0m  [["fname", "Plato"], ["LIMIT", 1]]
  [1m[36mTRANSACTION (0.1ms)[0m  [1m[36mBEGIN immediate TRANSACTION[0m
  [1m[36mSource Create (5.0ms)[0m  [1m[32mINSERT INTO "sources" ("fname", "lname", "byear", "dyear", "bio", "created_at", "updated_at") VALUES (?, ?, ?, ?, ?, ?, ?) RETURNING "id"[0m  [["fname", "Plato"], ["lname", nil], ["byear", "428 BCE"], ["dyear", "348 BCE"], ["bio", "Athenian philosopher and student of Socrates. Founded the Academy in Athens."], ["created_at", "2026-05-24 04:41:21.055955"], ["updated_at", "2026-05-24 04:41:21.055955"]]
  [1m[36mTRANSACTION (0.1ms)[0m  [1m[36mCOMMIT TRANSACTION[0m
  [1m[36mSource Load (0.2ms)[0m  [1m[34mSELECT "sources".* FROM "sources" WHERE "sources"."fname" = ? AND "sources"."lname" = ? LIMIT ?[0m  [["fname", "Immanuel"], ["lname", "Kant"], ["LIMIT", 1]]
  [1m[36mTRANSACTION (0.1ms)[0m  [1m[36mBEGIN immediate TRANSACTION[0m
  [1m[36mSource Create (4.1ms)[0m  [1m[32mINSERT INTO "sources" ("fname", "lname", "byear", "dyear", "bio", "created_at", "updated_at") VALUES (?, ?, ?, ?, ?, ?, ?) RETURNING "id"[0m  [["fname", "Immanuel"], ["lname", "Kant"], ["byear", "1724"], ["dyear", "1804"], ["bio", "German philosopher regarded as a central figure of modern philosophy. Known for the Critique of Pure Reason."], ["created_at", "2026-05-24 04:41:21.069878"], ["updated_at", "2026-05-24 04:41:21.069878"]]
  [1m[36mTRANSACTION (0.1ms)[0m  [1m[36mCOMMIT TRANSACTION[0m
  [1m[36mSource Load (0.2ms)[0m  [1m[34mSELECT "sources".* FROM "sources" WHERE "sources"."fname" = ? AND "sources"."lname" = ? LIMIT ?[0m  [["fname", "Friedrich"], ["lname", "Nietzsche"], ["LIMIT", 1]]
  [1m[36mTRANSACTION (0.2ms)[0m  [1m[36mBEGIN immediate TRANSACTION[0m
  [1m[36mSource Create (6.7ms)[0m  [1m[32mINSERT INTO "sources" ("fname", "lname", "byear", "dyear", "bio", "created_at", "updated_at") VALUES (?, ?, ?, ?, ?, ?, ?) RETURNING "id"[0m  [["fname", "Friedrich"], ["lname", "Nietzsche"], ["byear", "1844"], ["dyear", "1900"], ["bio", "German philosopher known for his critiques of truth, morality, and religion. Author of Thus Spoke Zarathustra."], ["created_at", "2026-05-24 04:41:21.086087"], ["updated_at", "2026-05-24 04:41:21.086087"]]
  [1m[36mTRANSACTION (0.1ms)[0m  [1m[36mCOMMIT TRANSACTION[0m
  [1m[36mSource Load (0.6ms)[0m  [1m[34mSELECT "sources".* FROM "sources" WHERE "sources"."fname" = ? AND "sources"."lname" = ? LIMIT ?[0m  [["fname", "Simone"], ["lname", "de Beauvoir"], ["LIMIT", 1]]
  [1m[36mTRANSACTION (0.1ms)[0m  [1m[36mBEGIN immediate TRANSACTION[0m
  [1m[36mSource Create (20.9ms)[0m  [1m[32mINSERT INTO "sources" ("fname", "lname", "byear", "dyear", "bio", "created_at", "updated_at") VALUES (?, ?, ?, ?, ?, ?, ?) RETURNING "id"[0m  [["fname", "Simone"], ["lname", "de Beauvoir"], ["byear", "1908"], ["dyear", "1986"], ["bio", "French existentialist philosopher and feminist theorist. Author of The Second Sex."], ["created_at", "2026-05-24 04:41:21.105913"], ["updated_at", "2026-05-24 04:41:21.105913"]]
  [1m[36mTRANSACTION (0.1ms)[0m  [1m[36mCOMMIT TRANSACTION[0m
  [1m[36mSource Load (0.1ms)[0m  [1m[34mSELECT "sources".* FROM "sources" WHERE "sources"."fname" = ? AND "sources"."lname" = ? LIMIT ?[0m  [["fname", "Marcus"], ["lname", "Aurelius"], ["LIMIT", 1]]
  [1m[36mTRANSACTION (0.2ms)[0m  [1m[36mBEGIN immediate TRANSACTION[0m
  [1m[36mSource Create (3.5ms)[0m  [1m[32mINSERT INTO "sources" ("fname", "lname", "byear", "dyear", "bio", "created_at", "updated_at") VALUES (?, ?, ?, ?, ?, ?, ?) RETURNING "id"[0m  [["fname", "Marcus"], ["lname", "Aurelius"], ["byear", "121 CE"], ["dyear", "180 CE"], ["bio", "Roman Emperor and Stoic philosopher. Author of the Meditations."], ["created_at", "2026-05-24 04:41:21.136985"], ["updated_at", "2026-05-24 04:41:21.136985"]]
  [1m[36mTRANSACTION (0.1ms)[0m  [1m[36mCOMMIT TRANSACTION[0m
  [1m[36mSource Load (0.1ms)[0m  [1m[34mSELECT "sources".* FROM "sources" WHERE "sources"."fname" = ? AND "sources"."lname" = ? LIMIT ?[0m  [["fname", "René"], ["lname", "Descartes"], ["LIMIT", 1]]
  [1m[36mTRANSACTION (0.0ms)[0m  [1m[36mBEGIN immediate TRANSACTION[0m
  [1m[36mSource Create (3.3ms)[0m  [1m[32mINSERT INTO "sources" ("fname", "lname", "byear", "dyear", "bio", "created_at", "updated_at") VALUES (?, ?, ?, ?, ?, ?, ?) RETURNING "id"[0m  [["fname", "René"], ["lname", "Descartes"], ["byear", "1596"], ["dyear", "1650"], ["bio", "French philosopher and mathematician. Known for 'Cogito, ergo sum' — I think, therefore I am."], ["created_at", "2026-05-24 04:41:21.149213"], ["updated_at", "2026-05-24 04:41:21.149213"]]
  [1m[36mTRANSACTION (0.2ms)[0m  [1m[36mCOMMIT TRANSACTION[0m
  [1m[36mSource Load (0.2ms)[0m  [1m[34mSELECT "sources".* FROM "sources" WHERE "sources"."fname" = ? AND "sources"."lname" = ? LIMIT ?[0m  [["fname", "John"], ["lname", "Locke"], ["LIMIT", 1]]
  [1m[36mTRANSACTION (0.1ms)[0m  [1m[36mBEGIN immediate TRANSACTION[0m
  [1m[36mSource Create (3.9ms)[0m  [1m[32mINSERT INTO "sources" ("fname", "lname", "byear", "dyear", "bio", "created_at", "updated_at") VALUES (?, ?, ?, ?, ?, ?, ?) RETURNING "id"[0m  [["fname", "John"], ["lname", "Locke"], ["byear", "1632"], ["dyear", "1704"], ["bio", "English philosopher and physician. A founding figure of liberalism and the theory of natural rights."], ["created_at", "2026-05-24 04:41:21.166184"], ["updated_at", "2026-05-24 04:41:21.166184"]]
  [1m[36mTRANSACTION (0.1ms)[0m  [1m[36mCOMMIT TRANSACTION[0m
  [1m[36mSource Load (0.5ms)[0m  [1m[34mSELECT "sources".* FROM "sources" WHERE "sources"."fname" = ? AND "sources"."lname" IS NULL LIMIT ?[0m  [["fname", "Anonymous"], ["LIMIT", 1]]
  [1m[36mTRANSACTION (0.1ms)[0m  [1m[36mBEGIN immediate TRANSACTION[0m
  [1m[36mSource Create (3.1ms)[0m  [1m[32mINSERT INTO "sources" ("fname", "lname", "byear", "dyear", "bio", "created_at", "updated_at") VALUES (?, ?, ?, ?, ?, ?, ?) RETURNING "id"[0m  [["fname", "Anonymous"], ["lname", nil], ["byear", nil], ["dyear", nil], ["bio", "Author unknown."], ["created_at", "2026-05-24 04:41:21.180987"], ["updated_at", "2026-05-24 04:41:21.180987"]]
  [1m[36mTRANSACTION (0.1ms)[0m  [1m[36mCOMMIT TRANSACTION[0m
  [1m[36mUser Load (0.2ms)[0m  [1m[34mSELECT "users".* FROM "users" WHERE "users"."email" = ? LIMIT ?[0m  [["email", "admin@myquotes.com"], ["LIMIT", 1]]
  [1m[36mTRANSACTION (0.1ms)[0m  [1m[36mBEGIN immediate TRANSACTION[0m
  [1m[36mUser Exists? (2.7ms)[0m  [1m[34mSELECT 1 AS one FROM "users" WHERE LOWER("users"."email") = LOWER(?) LIMIT ?[0m  [["email", "admin@myquotes.com"], ["LIMIT", 1]]
  [1m[36mUser Create (0.2ms)[0m  [1m[32mINSERT INTO "users" ("fname", "lname", "email", "password_digest", "is_admin", "status", "created_at", "updated_at") VALUES (?, ?, ?, ?, ?, ?, ?, ?) RETURNING "id"[0m  [["fname", "John"], ["lname", "Jones"], ["email", "admin@myquotes.com"], ["password_digest", "[FILTERED]"], ["is_admin", 1], ["status", "Active"], ["created_at", "2026-05-24 04:41:21.493438"], ["updated_at", "2026-05-24 04:41:21.493438"]]
  [1m[36mTRANSACTION (0.1ms)[0m  [1m[36mCOMMIT TRANSACTION[0m
  [1m[36mUser Load (0.1ms)[0m  [1m[34mSELECT "users".* FROM "users" WHERE "users"."email" = ? LIMIT ?[0m  [["email", "vinceb@myemail.com"], ["LIMIT", 1]]
  [1m[36mTRANSACTION (0.1ms)[0m  [1m[36mBEGIN immediate TRANSACTION[0m
  [1m[36mUser Exists? (2.3ms)[0m  [1m[34mSELECT 1 AS one FROM "users" WHERE LOWER("users"."email") = LOWER(?) LIMIT ?[0m  [["email", "vinceb@myemail.com"], ["LIMIT", 1]]
  [1m[36mUser Create (0.1ms)[0m  [1m[32mINSERT INTO "users" ("fname", "lname", "email", "password_digest", "is_admin", "status", "created_at", "updated_at") VALUES (?, ?, ?, ?, ?, ?, ?, ?) RETURNING "id"[0m  [["fname", "Vincent"], ["lname", "Brown"], ["email", "vinceb@myemail.com"], ["password_digest", "[FILTERED]"], ["is_admin", 0], ["status", "Active"], ["created_at", "2026-05-24 04:41:21.773655"], ["updated_at", "2026-05-24 04:41:21.773655"]]
  [1m[36mTRANSACTION (0.1ms)[0m  [1m[36mCOMMIT TRANSACTION[0m
  [1m[36mQuote Load (0.2ms)[0m  [1m[34mSELECT "quotes".* FROM "quotes" WHERE "quotes"."qtext" = ? AND "quotes"."user_id" = ? LIMIT ?[0m  [["qtext", "The unexamined life is not worth living."], ["user_id", 2], ["LIMIT", 1]]
  [1m[36mTRANSACTION (0.1ms)[0m  [1m[36mBEGIN immediate TRANSACTION[0m
  [1m[36mQuote Create (2.9ms)[0m  [1m[32mINSERT INTO "quotes" ("qtext", "qyear", "qcom", "ispublic", "user_id", "source_id", "created_at", "updated_at") VALUES (?, ?, ?, ?, ?, ?, ?, ?) RETURNING "id"[0m  [["qtext", "The unexamined life is not worth living."], ["qyear", "399 BCE"], ["qcom", "Spoken at Socrates' trial — a timeless call for reflective living."], ["ispublic", 1], ["user_id", 2], ["source_id", 1], ["created_at", "2026-05-24 04:41:21.991000"], ["updated_at", "2026-05-24 04:41:21.991000"]]
  [1m[36mTRANSACTION (0.2ms)[0m  [1m[36mCOMMIT TRANSACTION[0m
  [1m[36mQuoteCategory Load (0.2ms)[0m  [1m[34mSELECT "quote_categories".* FROM "quote_categories" WHERE "quote_categories"."quote_id" = ? AND "quote_categories"."category_id" = ? LIMIT ?[0m  [["quote_id", 1], ["category_id", 1], ["LIMIT", 1]]
  [1m[36mTRANSACTION (0.1ms)[0m  [1m[36mBEGIN immediate TRANSACTION[0m
  [1m[36mQuoteCategory Create (0.3ms)[0m  [1m[32mINSERT INTO "quote_categories" ("quote_id", "category_id", "created_at", "updated_at") VALUES (?, ?, ?, ?) RETURNING "id"[0m  [["quote_id", 1], ["category_id", 1], ["created_at", "2026-05-24 04:41:22.028112"], ["updated_at", "2026-05-24 04:41:22.028112"]]
  [1m[36mTRANSACTION (0.2ms)[0m  [1m[36mCOMMIT TRANSACTION[0m
  [1m[36mQuoteCategory Load (0.2ms)[0m  [1m[34mSELECT "quote_categories".* FROM "quote_categories" WHERE "quote_categories"."quote_id" = ? AND "quote_categories"."category_id" = ? LIMIT ?[0m  [["quote_id", 1], ["category_id", 9], ["LIMIT", 1]]
  [1m[36mTRANSACTION (0.1ms)[0m  [1m[36mBEGIN immediate TRANSACTION[0m
  [1m[36mQuoteCategory Create (2.7ms)[0m  [1m[32mINSERT INTO "quote_categories" ("quote_id", "category_id", "created_at", "updated_at") VALUES (?, ?, ?, ?) RETURNING "id"[0m  [["quote_id", 1], ["category_id", 9], ["created_at", "2026-05-24 04:41:22.039491"], ["updated_at", "2026-05-24 04:41:22.039491"]]
  [1m[36mTRANSACTION (0.1ms)[0m  [1m[36mCOMMIT TRANSACTION[0m
  [1m[36mQuote Update (0.1ms)[0m  [1m[33mUPDATE "quotes" SET "created_at" = ?, "updated_at" = ? WHERE "quotes"."id" = ?[0m  [["created_at", "2026-05-14 04:41:21.777515"], ["updated_at", "2026-05-14 04:41:21.777515"], ["id", 1]]
  [1m[36mQuote Load (0.2ms)[0m  [1m[34mSELECT "quotes".* FROM "quotes" WHERE "quotes"."qtext" = ? AND "quotes"."user_id" = ? LIMIT ?[0m  [["qtext", "We are what we repeatedly do. Excellence, then, is not an act, but a habit."], ["user_id", 2], ["LIMIT", 1]]
  [1m[36mTRANSACTION (0.1ms)[0m  [1m[36mBEGIN immediate TRANSACTION[0m
  [1m[36mQuote Create (2.4ms)[0m  [1m[32mINSERT INTO "quotes" ("qtext", "qyear", "qcom", "ispublic", "user_id", "source_id", "created_at", "updated_at") VALUES (?, ?, ?, ?, ?, ?, ?, ?) RETURNING "id"[0m  [["qtext", "We are what we repeatedly do. Excellence, then, is not an act, but a habit."], ["qyear", "350 BCE"], ["qcom", "A favourite reminder that character is built through consistent action."], ["ispublic", 1], ["user_id", 2], ["source_id", 2], ["created_at", "2026-05-24 04:41:22.053276"], ["updated_at", "2026-05-24 04:41:22.053276"]]
  [1m[36mTRANSACTION (0.1ms)[0m  [1m[36mCOMMIT TRANSACTION[0m
  [1m[36mQuoteCategory Load (0.1ms)[0m  [1m[34mSELECT "quote_categories".* FROM "quote_categories" WHERE "quote_categories"."quote_id" = ? AND "quote_categories"."category_id" = ? LIMIT ?[0m  [["quote_id", 2], ["category_id", 1], ["LIMIT", 1]]
  [1m[36mTRANSACTION (0.1ms)[0m  [1m[36mBEGIN immediate TRANSACTION[0m
  [1m[36mQuoteCategory Create (2.7ms)[0m  [1m[32mINSERT INTO "quote_categories" ("quote_id", "category_id", "created_at", "updated_at") VALUES (?, ?, ?, ?) RETURNING "id"[0m  [["quote_id", 2], ["category_id", 1], ["created_at", "2026-05-24 04:41:22.062620"], ["updated_at", "2026-05-24 04:41:22.062620"]]
  [1m[36mTRANSACTION (0.3ms)[0m  [1m[36mCOMMIT TRANSACTION[0m
  [1m[36mQuoteCategory Load (0.1ms)[0m  [1m[34mSELECT "quote_categories".* FROM "quote_categories" WHERE "quote_categories"."quote_id" = ? AND "quote_categories"."category_id" = ? LIMIT ?[0m  [["quote_id", 2], ["category_id", 5], ["LIMIT", 1]]
  [1m[36mTRANSACTION (0.1ms)[0m  [1m[36mBEGIN immediate TRANSACTION[0m
  [1m[36mQuoteCategory Create (3.7ms)[0m  [1m[32mINSERT INTO "quote_categories" ("quote_id", "category_id", "created_at", "updated_at") VALUES (?, ?, ?, ?) RETURNING "id"[0m  [["quote_id", 2], ["category_id", 5], ["created_at", "2026-05-24 04:41:22.074095"], ["updated_at", "2026-05-24 04:41:22.074095"]]
  [1m[36mTRANSACTION (0.1ms)[0m  [1m[36mCOMMIT TRANSACTION[0m
  [1m[36mQuote Update (0.1ms)[0m  [1m[33mUPDATE "quotes" SET "created_at" = ?, "updated_at" = ? WHERE "quotes"."id" = ?[0m  [["created_at", "2026-05-15 04:41:21.781171"], ["updated_at", "2026-05-15 04:41:21.781171"], ["id", 2]]
  [1m[36mQuote Load (0.2ms)[0m  [1m[34mSELECT "quotes".* FROM "quotes" WHERE "quotes"."qtext" = ? AND "quotes"."user_id" = ? LIMIT ?[0m  [["qtext", "Knowing yourself is the beginning of all wisdom."], ["user_id", 2], ["LIMIT", 1]]
  [1m[36mTRANSACTION (0.1ms)[0m  [1m[36mBEGIN immediate TRANSACTION[0m
  [1m[36mQuote Create (2.4ms)[0m  [1m[32mINSERT INTO "quotes" ("qtext", "qyear", "qcom", "ispublic", "user_id", "source_id", "created_at", "updated_at") VALUES (?, ?, ?, ?, ?, ?, ?, ?) RETURNING "id"[0m  [["qtext", "Knowing yourself is the beginning of all wisdom."], ["qyear", "350 BCE"], ["qcom", "One of the most enduring ideas from Aristotle."], ["ispublic", 1], ["user_id", 2], ["source_id", 2], ["created_at", "2026-05-24 04:41:22.089675"], ["updated_at", "2026-05-24 04:41:22.089675"]]
  [1m[36mTRANSACTION (0.3ms)[0m  [1m[36mCOMMIT TRANSACTION[0m
  [1m[36mQuoteCategory Load (0.1ms)[0m  [1m[34mSELECT "quote_categories".* FROM "quote_categories" WHERE "quote_categories"."quote_id" = ? AND "quote_categories"."category_id" = ? LIMIT ?[0m  [["quote_id", 3], ["category_id", 3], ["LIMIT", 1]]
  [1m[36mTRANSACTION (0.1ms)[0m  [1m[36mBEGIN immediate TRANSACTION[0m
  [1m[36mQuoteCategory Create (3.6ms)[0m  [1m[32mINSERT INTO "quote_categories" ("quote_id", "category_id", "created_at", "updated_at") VALUES (?, ?, ?, ?) RETURNING "id"[0m  [["quote_id", 3], ["category_id", 3], ["created_at", "2026-05-24 04:41:22.099311"], ["updated_at", "2026-05-24 04:41:22.099311"]]
  [1m[36mTRANSACTION (0.2ms)[0m  [1m[36mCOMMIT TRANSACTION[0m
  [1m[36mQuoteCategory Load (0.2ms)[0m  [1m[34mSELECT "quote_categories".* FROM "quote_categories" WHERE "quote_categories"."quote_id" = ? AND "quote_categories"."category_id" = ? LIMIT ?[0m  [["quote_id", 3], ["category_id", 1], ["LIMIT", 1]]
  [1m[36mTRANSACTION (0.1ms)[0m  [1m[36mBEGIN immediate TRANSACTION[0m
  [1m[36mQuoteCategory Create (2.8ms)[0m  [1m[32mINSERT INTO "quote_categories" ("quote_id", "category_id", "created_at", "updated_at") VALUES (?, ?, ?, ?) RETURNING "id"[0m  [["quote_id", 3], ["category_id", 1], ["created_at", "2026-05-24 04:41:22.112155"], ["updated_at", "2026-05-24 04:41:22.112155"]]
  [1m[36mTRANSACTION (0.3ms)[0m  [1m[36mCOMMIT TRANSACTION[0m
  [1m[36mQuote Update (0.3ms)[0m  [1m[33mUPDATE "quotes" SET "created_at" = ?, "updated_at" = ? WHERE "quotes"."id" = ?[0m  [["created_at", "2026-05-16 04:41:21.781213"], ["updated_at", "2026-05-16 04:41:21.781213"], ["id", 3]]
  [1m[36mQuote Load (0.1ms)[0m  [1m[34mSELECT "quotes".* FROM "quotes" WHERE "quotes"."qtext" = ? AND "quotes"."user_id" = ? LIMIT ?[0m  [["qtext", "The measure of a man is what he does with power."], ["user_id", 2], ["LIMIT", 1]]
  [1m[36mTRANSACTION (0.1ms)[0m  [1m[36mBEGIN immediate TRANSACTION[0m
  [1m[36mQuote Create (2.4ms)[0m  [1m[32mINSERT INTO "quotes" ("qtext", "qyear", "qcom", "ispublic", "user_id", "source_id", "created_at", "updated_at") VALUES (?, ?, ?, ?, ?, ?, ?, ?) RETURNING "id"[0m  [["qtext", "The measure of a man is what he does with power."], ["qyear", nil], ["qcom", nil], ["ispublic", 1], ["user_id", 2], ["source_id", 3], ["created_at", "2026-05-24 04:41:22.127424"], ["updated_at", "2026-05-24 04:41:22.127424"]]
  [1m[36mTRANSACTION (0.1ms)[0m  [1m[36mCOMMIT TRANSACTION[0m
  [1m[36mQuoteCategory Load (0.2ms)[0m  [1m[34mSELECT "quote_categories".* FROM "quote_categories" WHERE "quote_categories"."quote_id" = ? AND "quote_categories"."category_id" = ? LIMIT ?[0m  [["quote_id", 4], ["category_id", 6], ["LIMIT", 1]]
  [1m[36mTRANSACTION (0.1ms)[0m  [1m[36mBEGIN immediate TRANSACTION[0m
  [1m[36mQuoteCategory Create (3.7ms)[0m  [1m[32mINSERT INTO "quote_categories" ("quote_id", "category_id", "created_at", "updated_at") VALUES (?, ?, ?, ?) RETURNING "id"[0m  [["quote_id", 4], ["category_id", 6], ["created_at", "2026-05-24 04:41:22.139535"], ["updated_at", "2026-05-24 04:41:22.139535"]]
  [1m[36mTRANSACTION (0.1ms)[0m  [1m[36mCOMMIT TRANSACTION[0m
  [1m[36mQuoteCategory Load (0.1ms)[0m  [1m[34mSELECT "quote_categories".* FROM "quote_categories" WHERE "quote_categories"."quote_id" = ? AND "quote_categories"."category_id" = ? LIMIT ?[0m  [["quote_id", 4], ["category_id", 1], ["LIMIT", 1]]
  [1m[36mTRANSACTION (0.1ms)[0m  [1m[36mBEGIN immediate TRANSACTION[0m
  [1m[36mQuoteCategory Create (6.5ms)[0m  [1m[32mINSERT INTO "quote_categories" ("quote_id", "category_id", "created_at", "updated_at") VALUES (?, ?, ?, ?) RETURNING "id"[0m  [["quote_id", 4], ["category_id", 1], ["created_at", "2026-05-24 04:41:22.150255"], ["updated_at", "2026-05-24 04:41:22.150255"]]
  [1m[36mTRANSACTION (0.2ms)[0m  [1m[36mCOMMIT TRANSACTION[0m
  [1m[36mQuote Update (0.2ms)[0m  [1m[33mUPDATE "quotes" SET "created_at" = ?, "updated_at" = ? WHERE "quotes"."id" = ?[0m  [["created_at", "2026-05-17 04:41:21.781234"], ["updated_at", "2026-05-17 04:41:21.781234"], ["id", 4]]
  [1m[36mQuote Load (0.2ms)[0m  [1m[34mSELECT "quotes".* FROM "quotes" WHERE "quotes"."qtext" = ? AND "quotes"."user_id" = ? LIMIT ?[0m  [["qtext", "Act only according to that maxim whereby you can at the same time will that it should become a universal law."], ["user_id", 2], ["LIMIT", 1]]
  [1m[36mTRANSACTION (0.1ms)[0m  [1m[36mBEGIN immediate TRANSACTION[0m
  [1m[36mQuote Create (3.7ms)[0m  [1m[32mINSERT INTO "quotes" ("qtext", "qyear", "qcom", "ispublic", "user_id", "source_id", "created_at", "updated_at") VALUES (?, ?, ?, ?, ?, ?, ?, ?) RETURNING "id"[0m  [["qtext", "Act only according to that maxim whereby you can at the same time will that it should become a universal law."], ["qyear", "1785"], ["qcom", "Kant's categorical imperative — the foundation of deontological ethics."], ["ispublic", 1], ["user_id", 2], ["source_id", nil], ["created_at", "2026-05-24 04:41:22.181971"], ["updated_at", "2026-05-24 04:41:22.181971"]]
  [1m[36mTRANSACTION (0.1ms)[0m  [1m[31mROLLBACK TRANSACTION[0m
DEPRECATION WARNING: `to_time` will always preserve the full timezone rather than offset of the receiver in Rails 8.1. To opt in to the new behavior, set `config.active_support.to_time_preserves_timezone = :zone`. (called from BasicObject#instance_exec at C:/Users/ASUS/.local/share/gem/ruby/3.4.0/gems/railties-8.0.5/lib/rails/initializable.rb:32)
DEPRECATION WARNING: `to_time` will always preserve the full timezone rather than offset of the receiver in Rails 8.1. To opt in to the new behavior, set `config.active_support.to_time_preserves_timezone = :zone`. (called from block in <module:Finisher> at C:/Users/ASUS/.local/share/gem/ruby/3.4.0/gems/railties-8.0.5/lib/rails/application/finisher.rb:93)
DEPRECATION WARNING: `to_time` will always preserve the full timezone rather than offset of the receiver in Rails 8.1. To opt in to the new behavior, set `config.active_support.to_time_preserves_timezone = :zone`. (called from BasicObject#instance_exec at C:/Users/ASUS/.local/share/gem/ruby/3.4.0/gems/railties-8.0.5/lib/rails/initializable.rb:32)
DEPRECATION WARNING: `to_time` will always preserve the full timezone rather than offset of the receiver in Rails 8.1. To opt in to the new behavior, set `config.active_support.to_time_preserves_timezone = :zone`. (called from block in <module:Finisher> at C:/Users/ASUS/.local/share/gem/ruby/3.4.0/gems/railties-8.0.5/lib/rails/application/finisher.rb:93)
  [1m[35m (0.2ms)[0m  [1m[35mDROP TABLE IF EXISTS "categories"[0m
  [1m[35m (3.2ms)[0m  [1m[35mCREATE TABLE "categories" ("id" integer PRIMARY KEY AUTOINCREMENT NOT NULL, "catname" varchar NOT NULL, "created_at" datetime(6) NOT NULL, "updated_at" datetime(6) NOT NULL)[0m
  [1m[35m (0.1ms)[0m  [1m[35mDROP TABLE IF EXISTS "quote_categories"[0m
  [1m[35m (0.2ms)[0m  [1m[35mCREATE TABLE "quote_categories" ("id" integer PRIMARY KEY AUTOINCREMENT NOT NULL, "quote_id" integer NOT NULL, "category_id" integer NOT NULL, "created_at" datetime(6) NOT NULL, "updated_at" datetime(6) NOT NULL)[0m
  [1m[35m (0.3ms)[0m  [1m[35mCREATE INDEX "index_quote_categories_on_category_id" ON "quote_categories" ("category_id")[0m
  [1m[35m (0.5ms)[0m  [1m[35mCREATE INDEX "index_quote_categories_on_quote_id" ON "quote_categories" ("quote_id")[0m
  [1m[35m (0.1ms)[0m  [1m[35mDROP TABLE IF EXISTS "quotes"[0m
  [1m[35m (0.2ms)[0m  [1m[35mCREATE TABLE "quotes" ("id" integer PRIMARY KEY AUTOINCREMENT NOT NULL, "qtext" text NOT NULL, "qyear" varchar, "qcom" text, "ispublic" boolean DEFAULT 1 NOT NULL, "user_id" integer NOT NULL, "source_id" integer NOT NULL, "created_at" datetime(6) NOT NULL, "updated_at" datetime(6) NOT NULL)[0m
  [1m[35m (0.1ms)[0m  [1m[35mCREATE INDEX "index_quotes_on_source_id" ON "quotes" ("source_id")[0m
  [1m[35m (0.1ms)[0m  [1m[35mCREATE INDEX "index_quotes_on_user_id" ON "quotes" ("user_id")[0m
  [1m[35m (0.1ms)[0m  [1m[35mDROP TABLE IF EXISTS "sources"[0m
  [1m[35m (0.3ms)[0m  [1m[35mCREATE TABLE "sources" ("id" integer PRIMARY KEY AUTOINCREMENT NOT NULL, "fname" varchar NOT NULL, "lname" varchar, "byear" varchar, "dyear" varchar, "bio" text, "created_at" datetime(6) NOT NULL, "updated_at" datetime(6) NOT NULL)[0m
  [1m[35m (0.0ms)[0m  [1m[35mDROP TABLE IF EXISTS "users"[0m
  [1m[35m (0.2ms)[0m  [1m[35mCREATE TABLE "users" ("id" integer PRIMARY KEY AUTOINCREMENT NOT NULL, "fname" varchar NOT NULL, "lname" varchar NOT NULL, "email" varchar NOT NULL, "password_digest" varchar NOT NULL, "is_admin" boolean DEFAULT 0, "status" varchar DEFAULT 'Active' NOT NULL, "created_at" datetime(6) NOT NULL, "updated_at" datetime(6) NOT NULL)[0m
  [1m[35m (0.3ms)[0m  [1m[35mCREATE UNIQUE INDEX "index_users_on_email" ON "users" ("email")[0m
  [1m[35mSQL (0.0ms)[0m  [1m[35mPRAGMA foreign_keys[0m
  [1m[35mSQL (0.0ms)[0m  [1m[35mPRAGMA defer_foreign_keys[0m
  [1m[35m (0.0ms)[0m  [1m[35mPRAGMA defer_foreign_keys = ON[0m
  [1m[35m (0.0ms)[0m  [1m[35mPRAGMA foreign_keys = OFF[0m
  [1m[36mTRANSACTION (0.1ms)[0m  [1m[36mBEGIN immediate TRANSACTION[0m
  [1m[35m (0.2ms)[0m  [1m[35mCREATE TEMPORARY TABLE "aquote_categories" ("id" integer PRIMARY KEY AUTOINCREMENT NOT NULL, "quote_id" integer NOT NULL, "category_id" integer NOT NULL, "created_at" datetime(6) NOT NULL, "updated_at" datetime(6) NOT NULL)[0m
  [1m[35m (0.1ms)[0m  [1m[35mCREATE INDEX "tindex_aquote_categories_on_quote_id" ON "aquote_categories" ("quote_id")[0m
  [1m[35m (0.1ms)[0m  [1m[35mCREATE INDEX "tindex_aquote_categories_on_category_id" ON "aquote_categories" ("category_id")[0m
  [1m[35mSQL (0.1ms)[0m  [1m[32mINSERT INTO "aquote_categories" ("id","quote_id","category_id","created_at","updated_at")
                     SELECT "id","quote_id","category_id","created_at","updated_at" FROM "quote_categories"[0m
  [1m[35m (0.2ms)[0m  [1m[35mDROP TABLE "quote_categories"[0m
  [1m[35m (0.1ms)[0m  [1m[35mCREATE TABLE "quote_categories" ("id" integer PRIMARY KEY AUTOINCREMENT NOT NULL, "quote_id" integer NOT NULL, "category_id" integer NOT NULL, "created_at" datetime(6) NOT NULL, "updated_at" datetime(6) NOT NULL, CONSTRAINT "fk_rails_2f1b48a620"
FOREIGN KEY ("category_id")
  REFERENCES "categories" ("id")
)[0m
  [1m[35m (0.1ms)[0m  [1m[35mCREATE INDEX "index_quote_categories_on_category_id" ON "quote_categories" ("category_id")[0m
  [1m[35m (0.1ms)[0m  [1m[35mCREATE INDEX "index_quote_categories_on_quote_id" ON "quote_categories" ("quote_id")[0m
  [1m[35mSQL (0.1ms)[0m  [1m[32mINSERT INTO "quote_categories" ("id","quote_id","category_id","created_at","updated_at")
                     SELECT "id","quote_id","category_id","created_at","updated_at" FROM "aquote_categories"[0m
  [1m[35m (0.2ms)[0m  [1m[35mDROP TABLE "aquote_categories"[0m
  [1m[36mTRANSACTION (0.1ms)[0m  [1m[36mCOMMIT TRANSACTION[0m
  [1m[35m (0.0ms)[0m  [1m[35mPRAGMA defer_foreign_keys = 0[0m
  [1m[35m (0.0ms)[0m  [1m[35mPRAGMA foreign_keys = 1[0m
  [1m[35mSQL (0.0ms)[0m  [1m[35mPRAGMA foreign_keys[0m
  [1m[35mSQL (0.0ms)[0m  [1m[35mPRAGMA defer_foreign_keys[0m
  [1m[35m (0.0ms)[0m  [1m[35mPRAGMA defer_foreign_keys = ON[0m
  [1m[35m (0.0ms)[0m  [1m[35mPRAGMA foreign_keys = OFF[0m
  [1m[36mTRANSACTION (0.0ms)[0m  [1m[36mBEGIN immediate TRANSACTION[0m
  [1m[35m (0.1ms)[0m  [1m[35mCREATE TEMPORARY TABLE "aquote_categories" ("id" integer PRIMARY KEY AUTOINCREMENT NOT NULL, "quote_id" integer NOT NULL, "category_id" integer NOT NULL, "created_at" datetime(6) NOT NULL, "updated_at" datetime(6) NOT NULL)[0m
  [1m[35m (0.1ms)[0m  [1m[35mCREATE INDEX "tindex_aquote_categories_on_quote_id" ON "aquote_categories" ("quote_id")[0m
  [1m[35m (0.1ms)[0m  [1m[35mCREATE INDEX "tindex_aquote_categories_on_category_id" ON "aquote_categories" ("category_id")[0m
  [1m[35mSQL (0.0ms)[0m  [1m[32mINSERT INTO "aquote_categories" ("id","quote_id","category_id","created_at","updated_at")
                     SELECT "id","quote_id","category_id","created_at","updated_at" FROM "quote_categories"[0m
  [1m[35m (0.2ms)[0m  [1m[35mDROP TABLE "quote_categories"[0m
  [1m[35m (0.1ms)[0m  [1m[35mCREATE TABLE "quote_categories" ("id" integer PRIMARY KEY AUTOINCREMENT NOT NULL, "quote_id" integer NOT NULL, "category_id" integer NOT NULL, "created_at" datetime(6) NOT NULL, "updated_at" datetime(6) NOT NULL, CONSTRAINT "fk_rails_2f1b48a620"
FOREIGN KEY ("category_id")
  REFERENCES "categories" ("id")
, CONSTRAINT "fk_rails_c34a150410"
FOREIGN KEY ("quote_id")
  REFERENCES "quotes" ("id")
)[0m
  [1m[35m (0.1ms)[0m  [1m[35mCREATE INDEX "index_quote_categories_on_category_id" ON "quote_categories" ("category_id")[0m
  [1m[35m (0.1ms)[0m  [1m[35mCREATE INDEX "index_quote_categories_on_quote_id" ON "quote_categories" ("quote_id")[0m
  [1m[35mSQL (0.1ms)[0m  [1m[32mINSERT INTO "quote_categories" ("id","quote_id","category_id","created_at","updated_at")
                     SELECT "id","quote_id","category_id","created_at","updated_at" FROM "aquote_categories"[0m
  [1m[35m (0.2ms)[0m  [1m[35mDROP TABLE "aquote_categories"[0m
  [1m[36mTRANSACTION (0.1ms)[0m  [1m[36mCOMMIT TRANSACTION[0m
  [1m[35m (0.0ms)[0m  [1m[35mPRAGMA defer_foreign_keys = 0[0m
  [1m[35m (0.0ms)[0m  [1m[35mPRAGMA foreign_keys = 1[0m
  [1m[35mSQL (0.0ms)[0m  [1m[35mPRAGMA foreign_keys[0m
  [1m[35mSQL (0.0ms)[0m  [1m[35mPRAGMA defer_foreign_keys[0m
  [1m[35m (0.0ms)[0m  [1m[35mPRAGMA defer_foreign_keys = ON[0m
  [1m[35m (0.0ms)[0m  [1m[35mPRAGMA foreign_keys = OFF[0m
  [1m[36mTRANSACTION (0.0ms)[0m  [1m[36mBEGIN immediate TRANSACTION[0m
  [1m[35m (0.2ms)[0m  [1m[35mCREATE TEMPORARY TABLE "aquotes" ("id" integer PRIMARY KEY AUTOINCREMENT NOT NULL, "qtext" text NOT NULL, "qyear" varchar, "qcom" text, "ispublic" boolean DEFAULT 1 NOT NULL, "user_id" integer NOT NULL, "source_id" integer NOT NULL, "created_at" datetime(6) NOT NULL, "updated_at" datetime(6) NOT NULL)[0m
  [1m[35m (0.1ms)[0m  [1m[35mCREATE INDEX "tindex_aquotes_on_user_id" ON "aquotes" ("user_id")[0m
  [1m[35m (0.1ms)[0m  [1m[35mCREATE INDEX "tindex_aquotes_on_source_id" ON "aquotes" ("source_id")[0m
  [1m[35mSQL (0.1ms)[0m  [1m[32mINSERT INTO "aquotes" ("id","qtext","qyear","qcom","ispublic","user_id","source_id","created_at","updated_at")
                     SELECT "id","qtext","qyear","qcom","ispublic","user_id","source_id","created_at","updated_at" FROM "quotes"[0m
  [1m[35m (0.2ms)[0m  [1m[35mDROP TABLE "quotes"[0m
  [1m[35m (0.2ms)[0m  [1m[35mCREATE TABLE "quotes" ("id" integer PRIMARY KEY AUTOINCREMENT NOT NULL, "qtext" text NOT NULL, "qyear" varchar, "qcom" text, "ispublic" boolean DEFAULT 1 NOT NULL, "user_id" integer NOT NULL, "source_id" integer NOT NULL, "created_at" datetime(6) NOT NULL, "updated_at" datetime(6) NOT NULL, CONSTRAINT "fk_rails_7a6cffb978"
FOREIGN KEY ("source_id")
  REFERENCES "sources" ("id")
)[0m
  [1m[35m (0.1ms)[0m  [1m[35mCREATE INDEX "index_quotes_on_source_id" ON "quotes" ("source_id")[0m
  [1m[35m (0.1ms)[0m  [1m[35mCREATE INDEX "index_quotes_on_user_id" ON "quotes" ("user_id")[0m
  [1m[35mSQL (0.1ms)[0m  [1m[32mINSERT INTO "quotes" ("id","qtext","qyear","qcom","ispublic","user_id","source_id","created_at","updated_at")
                     SELECT "id","qtext","qyear","qcom","ispublic","user_id","source_id","created_at","updated_at" FROM "aquotes"[0m
  [1m[35m (0.2ms)[0m  [1m[35mDROP TABLE "aquotes"[0m
  [1m[36mTRANSACTION (0.2ms)[0m  [1m[36mCOMMIT TRANSACTION[0m
  [1m[35m (0.0ms)[0m  [1m[35mPRAGMA defer_foreign_keys = 0[0m
  [1m[35m (0.2ms)[0m  [1m[35mPRAGMA foreign_keys = 1[0m
  [1m[35mSQL (0.0ms)[0m  [1m[35mPRAGMA foreign_keys[0m
  [1m[35mSQL (0.1ms)[0m  [1m[35mPRAGMA defer_foreign_keys[0m
  [1m[35m (0.1ms)[0m  [1m[35mPRAGMA defer_foreign_keys = ON[0m
  [1m[35m (0.2ms)[0m  [1m[35mPRAGMA foreign_keys = OFF[0m
  [1m[36mTRANSACTION (0.1ms)[0m  [1m[36mBEGIN immediate TRANSACTION[0m
  [1m[35m (0.2ms)[0m  [1m[35mCREATE TEMPORARY TABLE "aquotes" ("id" integer PRIMARY KEY AUTOINCREMENT NOT NULL, "qtext" text NOT NULL, "qyear" varchar, "qcom" text, "ispublic" boolean DEFAULT 1 NOT NULL, "user_id" integer NOT NULL, "source_id" integer NOT NULL, "created_at" datetime(6) NOT NULL, "updated_at" datetime(6) NOT NULL)[0m
  [1m[35m (0.2ms)[0m  [1m[35mCREATE INDEX "tindex_aquotes_on_user_id" ON "aquotes" ("user_id")[0m
  [1m[35m (0.1ms)[0m  [1m[35mCREATE INDEX "tindex_aquotes_on_source_id" ON "aquotes" ("source_id")[0m
  [1m[35mSQL (0.1ms)[0m  [1m[32mINSERT INTO "aquotes" ("id","qtext","qyear","qcom","ispublic","user_id","source_id","created_at","updated_at")
                     SELECT "id","qtext","qyear","qcom","ispublic","user_id","source_id","created_at","updated_at" FROM "quotes"[0m
  [1m[35m (0.4ms)[0m  [1m[35mDROP TABLE "quotes"[0m
  [1m[35m (0.2ms)[0m  [1m[35mCREATE TABLE "quotes" ("id" integer PRIMARY KEY AUTOINCREMENT NOT NULL, "qtext" text NOT NULL, "qyear" varchar, "qcom" text, "ispublic" boolean DEFAULT 1 NOT NULL, "user_id" integer NOT NULL, "source_id" integer NOT NULL, "created_at" datetime(6) NOT NULL, "updated_at" datetime(6) NOT NULL, CONSTRAINT "fk_rails_7a6cffb978"
FOREIGN KEY ("source_id")
  REFERENCES "sources" ("id")
, CONSTRAINT "fk_rails_02b555fb4d"
FOREIGN KEY ("user_id")
  REFERENCES "users" ("id")
)[0m
  [1m[35m (0.1ms)[0m  [1m[35mCREATE INDEX "index_quotes_on_source_id" ON "quotes" ("source_id")[0m
  [1m[35m (0.1ms)[0m  [1m[35mCREATE INDEX "index_quotes_on_user_id" ON "quotes" ("user_id")[0m
  [1m[35mSQL (0.1ms)[0m  [1m[32mINSERT INTO "quotes" ("id","qtext","qyear","qcom","ispublic","user_id","source_id","created_at","updated_at")
                     SELECT "id","qtext","qyear","qcom","ispublic","user_id","source_id","created_at","updated_at" FROM "aquotes"[0m
  [1m[35m (0.3ms)[0m  [1m[35mDROP TABLE "aquotes"[0m
  [1m[36mTRANSACTION (0.2ms)[0m  [1m[36mCOMMIT TRANSACTION[0m
  [1m[35m (0.1ms)[0m  [1m[35mPRAGMA defer_foreign_keys = 0[0m
  [1m[35m (0.1ms)[0m  [1m[35mPRAGMA foreign_keys = 1[0m
  [1m[35m (0.3ms)[0m  [1m[35mCREATE TABLE "schema_migrations" ("version" varchar NOT NULL PRIMARY KEY)[0m
  [1m[36mActiveRecord::SchemaMigration Load (0.2ms)[0m  [1m[34mSELECT "schema_migrations"."version" FROM "schema_migrations" ORDER BY "schema_migrations"."version" ASC[0m
  [1m[35m (0.1ms)[0m  [1m[32mINSERT INTO "schema_migrations" (version) VALUES (20260516193758)[0m
  [1m[35m (0.2ms)[0m  [1m[32mINSERT INTO "schema_migrations" (version) VALUES
(20260516193749),
(20260516193740),
(20260516193731),
(20260516193718);[0m
  [1m[35m (0.2ms)[0m  [1m[35mCREATE TABLE "ar_internal_metadata" ("key" varchar NOT NULL PRIMARY KEY, "value" varchar, "created_at" datetime(6) NOT NULL, "updated_at" datetime(6) NOT NULL)[0m
  [1m[36mActiveRecord::InternalMetadata Load (0.1ms)[0m  [1m[34mSELECT * FROM "ar_internal_metadata" WHERE "ar_internal_metadata"."key" = ? ORDER BY "ar_internal_metadata"."key" ASC LIMIT 1[0m  [[nil, "environment"]]
  [1m[36mActiveRecord::InternalMetadata Create (0.2ms)[0m  [1m[32mINSERT INTO "ar_internal_metadata" ("key", "value", "created_at", "updated_at") VALUES ('environment', 'development', '2026-05-24 04:43:31.295955', '2026-05-24 04:43:31.295960') RETURNING "key"[0m
  [1m[36mActiveRecord::InternalMetadata Load (0.1ms)[0m  [1m[34mSELECT * FROM "ar_internal_metadata" WHERE "ar_internal_metadata"."key" = ? ORDER BY "ar_internal_metadata"."key" ASC LIMIT 1[0m  [[nil, "environment"]]
  [1m[36mActiveRecord::InternalMetadata Load (0.1ms)[0m  [1m[34mSELECT * FROM "ar_internal_metadata" WHERE "ar_internal_metadata"."key" = ? ORDER BY "ar_internal_metadata"."key" ASC LIMIT 1[0m  [[nil, "schema_sha1"]]
  [1m[36mActiveRecord::InternalMetadata Create (0.2ms)[0m  [1m[32mINSERT INTO "ar_internal_metadata" ("key", "value", "created_at", "updated_at") VALUES ('schema_sha1', 'ad1d38df85d860c3cecd9cb77dcc3501103258b5', '2026-05-24 04:43:31.301355', '2026-05-24 04:43:31.301358') RETURNING "key"[0m
  [1m[36mActiveRecord::InternalMetadata Load (0.1ms)[0m  [1m[34mSELECT * FROM "ar_internal_metadata" WHERE "ar_internal_metadata"."key" = ? ORDER BY "ar_internal_metadata"."key" ASC LIMIT 1[0m  [[nil, "environment"]]
  [1m[36mActiveRecord::SchemaMigration Load (0.1ms)[0m  [1m[34mSELECT "schema_migrations"."version" FROM "schema_migrations" ORDER BY "schema_migrations"."version" ASC[0m
  [1m[36mActiveRecord::SchemaMigration Load (0.0ms)[0m  [1m[34mSELECT "schema_migrations"."version" FROM "schema_migrations" ORDER BY "schema_migrations"."version" ASC[0m
  [1m[36mActiveRecord::SchemaMigration Load (0.0ms)[0m  [1m[34mSELECT "schema_migrations"."version" FROM "schema_migrations" ORDER BY "schema_migrations"."version" ASC[0m
  [1m[36mCategory Load (0.2ms)[0m  [1m[34mSELECT "categories".* FROM "categories" WHERE "categories"."catname" = ? LIMIT ?[0m  [["catname", "Ethics"], ["LIMIT", 1]]
  [1m[36mTRANSACTION (0.1ms)[0m  [1m[36mBEGIN immediate TRANSACTION[0m
  [1m[36mCategory Exists? (0.1ms)[0m  [1m[34mSELECT 1 AS one FROM "categories" WHERE LOWER("categories"."catname") = LOWER(?) LIMIT ?[0m  [["catname", "Ethics"], ["LIMIT", 1]]
  [1m[36mCategory Create (0.2ms)[0m  [1m[32mINSERT INTO "categories" ("catname", "created_at", "updated_at") VALUES (?, ?, ?) RETURNING "id"[0m  [["catname", "Ethics"], ["created_at", "2026-05-24 04:43:31.537499"], ["updated_at", "2026-05-24 04:43:31.537499"]]
  [1m[36mTRANSACTION (4.8ms)[0m  [1m[36mCOMMIT TRANSACTION[0m
  [1m[36mCategory Load (0.1ms)[0m  [1m[34mSELECT "categories".* FROM "categories" WHERE "categories"."catname" = ? LIMIT ?[0m  [["catname", "Metaphysics"], ["LIMIT", 1]]
  [1m[36mTRANSACTION (0.1ms)[0m  [1m[36mBEGIN immediate TRANSACTION[0m
  [1m[36mCategory Exists? (3.9ms)[0m  [1m[34mSELECT 1 AS one FROM "categories" WHERE LOWER("categories"."catname") = LOWER(?) LIMIT ?[0m  [["catname", "Metaphysics"], ["LIMIT", 1]]
  [1m[36mCategory Create (0.2ms)[0m  [1m[32mINSERT INTO "categories" ("catname", "created_at", "updated_at") VALUES (?, ?, ?) RETURNING "id"[0m  [["catname", "Metaphysics"], ["created_at", "2026-05-24 04:43:31.560431"], ["updated_at", "2026-05-24 04:43:31.560431"]]
  [1m[36mTRANSACTION (0.1ms)[0m  [1m[36mCOMMIT TRANSACTION[0m
  [1m[36mCategory Load (0.1ms)[0m  [1m[34mSELECT "categories".* FROM "categories" WHERE "categories"."catname" = ? LIMIT ?[0m  [["catname", "Epistemology"], ["LIMIT", 1]]
  [1m[36mTRANSACTION (0.1ms)[0m  [1m[36mBEGIN immediate TRANSACTION[0m
  [1m[36mCategory Exists? (2.8ms)[0m  [1m[34mSELECT 1 AS one FROM "categories" WHERE LOWER("categories"."catname") = LOWER(?) LIMIT ?[0m  [["catname", "Epistemology"], ["LIMIT", 1]]
  [1m[36mCategory Create (0.1ms)[0m  [1m[32mINSERT INTO "categories" ("catname", "created_at", "updated_at") VALUES (?, ?, ?) RETURNING "id"[0m  [["catname", "Epistemology"], ["created_at", "2026-05-24 04:43:31.576779"], ["updated_at", "2026-05-24 04:43:31.576779"]]
  [1m[36mTRANSACTION (0.1ms)[0m  [1m[36mCOMMIT TRANSACTION[0m
  [1m[36mCategory Load (0.2ms)[0m  [1m[34mSELECT "categories".* FROM "categories" WHERE "categories"."catname" = ? LIMIT ?[0m  [["catname", "Logic"], ["LIMIT", 1]]
  [1m[36mTRANSACTION (0.1ms)[0m  [1m[36mBEGIN immediate TRANSACTION[0m
  [1m[36mCategory Exists? (6.0ms)[0m  [1m[34mSELECT 1 AS one FROM "categories" WHERE LOWER("categories"."catname") = LOWER(?) LIMIT ?[0m  [["catname", "Logic"], ["LIMIT", 1]]
  [1m[36mCategory Create (0.1ms)[0m  [1m[32mINSERT INTO "categories" ("catname", "created_at", "updated_at") VALUES (?, ?, ?) RETURNING "id"[0m  [["catname", "Logic"], ["created_at", "2026-05-24 04:43:31.597091"], ["updated_at", "2026-05-24 04:43:31.597091"]]
  [1m[36mTRANSACTION (0.2ms)[0m  [1m[36mCOMMIT TRANSACTION[0m
  [1m[36mCategory Load (0.1ms)[0m  [1m[34mSELECT "categories".* FROM "categories" WHERE "categories"."catname" = ? LIMIT ?[0m  [["catname", "Axiology"], ["LIMIT", 1]]
  [1m[36mTRANSACTION (0.1ms)[0m  [1m[36mBEGIN immediate TRANSACTION[0m
  [1m[36mCategory Exists? (3.1ms)[0m  [1m[34mSELECT 1 AS one FROM "categories" WHERE LOWER("categories"."catname") = LOWER(?) LIMIT ?[0m  [["catname", "Axiology"], ["LIMIT", 1]]
  [1m[36mCategory Create (0.3ms)[0m  [1m[32mINSERT INTO "categories" ("catname", "created_at", "updated_at") VALUES (?, ?, ?) RETURNING "id"[0m  [["catname", "Axiology"], ["created_at", "2026-05-24 04:43:31.612921"], ["updated_at", "2026-05-24 04:43:31.612921"]]
  [1m[36mTRANSACTION (0.2ms)[0m  [1m[36mCOMMIT TRANSACTION[0m
  [1m[36mCategory Load (0.1ms)[0m  [1m[34mSELECT "categories".* FROM "categories" WHERE "categories"."catname" = ? LIMIT ?[0m  [["catname", "Political Philosophy"], ["LIMIT", 1]]
  [1m[36mTRANSACTION (0.1ms)[0m  [1m[36mBEGIN immediate TRANSACTION[0m
  [1m[36mCategory Exists? (11.9ms)[0m  [1m[34mSELECT 1 AS one FROM "categories" WHERE LOWER("categories"."catname") = LOWER(?) LIMIT ?[0m  [["catname", "Political Philosophy"], ["LIMIT", 1]]
  [1m[36mCategory Create (2.8ms)[0m  [1m[32mINSERT INTO "categories" ("catname", "created_at", "updated_at") VALUES (?, ?, ?) RETURNING "id"[0m  [["catname", "Political Philosophy"], ["created_at", "2026-05-24 04:43:31.658234"], ["updated_at", "2026-05-24 04:43:31.658234"]]
  [1m[36mTRANSACTION (0.2ms)[0m  [1m[36mCOMMIT TRANSACTION[0m
  [1m[36mCategory Load (0.2ms)[0m  [1m[34mSELECT "categories".* FROM "categories" WHERE "categories"."catname" = ? LIMIT ?[0m  [["catname", "Aesthetics"], ["LIMIT", 1]]
  [1m[36mTRANSACTION (0.1ms)[0m  [1m[36mBEGIN immediate TRANSACTION[0m
  [1m[36mCategory Exists? (8.3ms)[0m  [1m[34mSELECT 1 AS one FROM "categories" WHERE LOWER("categories"."catname") = LOWER(?) LIMIT ?[0m  [["catname", "Aesthetics"], ["LIMIT", 1]]
  [1m[36mCategory Create (0.2ms)[0m  [1m[32mINSERT INTO "categories" ("catname", "created_at", "updated_at") VALUES (?, ?, ?) RETURNING "id"[0m  [["catname", "Aesthetics"], ["created_at", "2026-05-24 04:43:31.695274"], ["updated_at", "2026-05-24 04:43:31.695274"]]
  [1m[36mTRANSACTION (0.2ms)[0m  [1m[36mCOMMIT TRANSACTION[0m
  [1m[36mCategory Load (0.2ms)[0m  [1m[34mSELECT "categories".* FROM "categories" WHERE "categories"."catname" = ? LIMIT ?[0m  [["catname", "Philosophy of Mind"], ["LIMIT", 1]]
  [1m[36mTRANSACTION (0.1ms)[0m  [1m[36mBEGIN immediate TRANSACTION[0m
  [1m[36mCategory Exists? (7.7ms)[0m  [1m[34mSELECT 1 AS one FROM "categories" WHERE LOWER("categories"."catname") = LOWER(?) LIMIT ?[0m  [["catname", "Philosophy of Mind"], ["LIMIT", 1]]
  [1m[36mCategory Create (0.2ms)[0m  [1m[32mINSERT INTO "categories" ("catname", "created_at", "updated_at") VALUES (?, ?, ?) RETURNING "id"[0m  [["catname", "Philosophy of Mind"], ["created_at", "2026-05-24 04:43:31.727095"], ["updated_at", "2026-05-24 04:43:31.727095"]]
  [1m[36mTRANSACTION (0.5ms)[0m  [1m[36mCOMMIT TRANSACTION[0m
  [1m[36mCategory Load (0.2ms)[0m  [1m[34mSELECT "categories".* FROM "categories" WHERE "categories"."catname" = ? LIMIT ?[0m  [["catname", "Existentialism"], ["LIMIT", 1]]
  [1m[36mTRANSACTION (0.1ms)[0m  [1m[36mBEGIN immediate TRANSACTION[0m
  [1m[36mCategory Exists? (6.8ms)[0m  [1m[34mSELECT 1 AS one FROM "categories" WHERE LOWER("categories"."catname") = LOWER(?) LIMIT ?[0m  [["catname", "Existentialism"], ["LIMIT", 1]]
  [1m[36mCategory Create (0.2ms)[0m  [1m[32mINSERT INTO "categories" ("catname", "created_at", "updated_at") VALUES (?, ?, ?) RETURNING "id"[0m  [["catname", "Existentialism"], ["created_at", "2026-05-24 04:43:31.760427"], ["updated_at", "2026-05-24 04:43:31.760427"]]
  [1m[36mTRANSACTION (0.2ms)[0m  [1m[36mCOMMIT TRANSACTION[0m
  [1m[36mCategory Load (0.3ms)[0m  [1m[34mSELECT "categories".* FROM "categories" WHERE "categories"."catname" = ? LIMIT ?[0m  [["catname", "Stoicism"], ["LIMIT", 1]]
  [1m[36mTRANSACTION (0.1ms)[0m  [1m[36mBEGIN immediate TRANSACTION[0m
  [1m[36mCategory Exists? (3.5ms)[0m  [1m[34mSELECT 1 AS one FROM "categories" WHERE LOWER("categories"."catname") = LOWER(?) LIMIT ?[0m  [["catname", "Stoicism"], ["LIMIT", 1]]
  [1m[36mCategory Create (0.2ms)[0m  [1m[32mINSERT INTO "categories" ("catname", "created_at", "updated_at") VALUES (?, ?, ?) RETURNING "id"[0m  [["catname", "Stoicism"], ["created_at", "2026-05-24 04:43:31.781593"], ["updated_at", "2026-05-24 04:43:31.781593"]]
  [1m[36mTRANSACTION (0.2ms)[0m  [1m[36mCOMMIT TRANSACTION[0m
  [1m[36mSource Load (0.1ms)[0m  [1m[34mSELECT "sources".* FROM "sources" WHERE "sources"."fname" = ? AND "sources"."lname" IS NULL LIMIT ?[0m  [["fname", "Socrates"], ["LIMIT", 1]]
  [1m[36mTRANSACTION (0.0ms)[0m  [1m[36mBEGIN immediate TRANSACTION[0m
  [1m[36mSource Create (0.3ms)[0m  [1m[32mINSERT INTO "sources" ("fname", "lname", "byear", "dyear", "bio", "created_at", "updated_at") VALUES (?, ?, ?, ?, ?, ?, ?) RETURNING "id"[0m  [["fname", "Socrates"], ["lname", nil], ["byear", "470 BCE"], ["dyear", "399 BCE"], ["bio", "Classical Greek philosopher credited as the founder of Western philosophy. Known for the Socratic method of inquiry."], ["created_at", "2026-05-24 04:43:31.807635"], ["updated_at", "2026-05-24 04:43:31.807635"]]
  [1m[36mTRANSACTION (0.1ms)[0m  [1m[36mCOMMIT TRANSACTION[0m
  [1m[36mSource Load (0.1ms)[0m  [1m[34mSELECT "sources".* FROM "sources" WHERE "sources"."fname" = ? AND "sources"."lname" IS NULL LIMIT ?[0m  [["fname", "Aristotle"], ["LIMIT", 1]]
  [1m[36mTRANSACTION (0.2ms)[0m  [1m[36mBEGIN immediate TRANSACTION[0m
  [1m[36mSource Create (6.4ms)[0m  [1m[32mINSERT INTO "sources" ("fname", "lname", "byear", "dyear", "bio", "created_at", "updated_at") VALUES (?, ?, ?, ?, ?, ?, ?) RETURNING "id"[0m  [["fname", "Aristotle"], ["lname", nil], ["byear", "384 BCE"], ["dyear", "322 BCE"], ["bio", "Ancient Greek philosopher and polymath. A student of Plato and teacher of Alexander the Great."], ["created_at", "2026-05-24 04:43:31.816358"], ["updated_at", "2026-05-24 04:43:31.816358"]]
  [1m[36mTRANSACTION (0.1ms)[0m  [1m[36mCOMMIT TRANSACTION[0m
  [1m[36mSource Load (0.1ms)[0m  [1m[34mSELECT "sources".* FROM "sources" WHERE "sources"."fname" = ? AND "sources"."lname" IS NULL LIMIT ?[0m  [["fname", "Plato"], ["LIMIT", 1]]
  [1m[36mTRANSACTION (0.1ms)[0m  [1m[36mBEGIN immediate TRANSACTION[0m
  [1m[36mSource Create (7.7ms)[0m  [1m[32mINSERT INTO "sources" ("fname", "lname", "byear", "dyear", "bio", "created_at", "updated_at") VALUES (?, ?, ?, ?, ?, ?, ?) RETURNING "id"[0m  [["fname", "Plato"], ["lname", nil], ["byear", "428 BCE"], ["dyear", "348 BCE"], ["bio", "Athenian philosopher and student of Socrates. Founded the Academy in Athens."], ["created_at", "2026-05-24 04:43:31.832030"], ["updated_at", "2026-05-24 04:43:31.832030"]]
  [1m[36mTRANSACTION (0.1ms)[0m  [1m[36mCOMMIT TRANSACTION[0m
  [1m[36mSource Load (0.2ms)[0m  [1m[34mSELECT "sources".* FROM "sources" WHERE "sources"."fname" = ? AND "sources"."lname" = ? LIMIT ?[0m  [["fname", "Immanuel"], ["lname", "Kant"], ["LIMIT", 1]]
  [1m[36mTRANSACTION (0.1ms)[0m  [1m[36mBEGIN immediate TRANSACTION[0m
  [1m[36mSource Create (7.4ms)[0m  [1m[32mINSERT INTO "sources" ("fname", "lname", "byear", "dyear", "bio", "created_at", "updated_at") VALUES (?, ?, ?, ?, ?, ?, ?) RETURNING "id"[0m  [["fname", "Immanuel"], ["lname", "Kant"], ["byear", "1724"], ["dyear", "1804"], ["bio", "German philosopher regarded as a central figure of modern philosophy. Known for the Critique of Pure Reason."], ["created_at", "2026-05-24 04:43:31.848930"], ["updated_at", "2026-05-24 04:43:31.848930"]]
  [1m[36mTRANSACTION (0.1ms)[0m  [1m[36mCOMMIT TRANSACTION[0m
  [1m[36mSource Load (0.1ms)[0m  [1m[34mSELECT "sources".* FROM "sources" WHERE "sources"."fname" = ? AND "sources"."lname" = ? LIMIT ?[0m  [["fname", "Friedrich"], ["lname", "Nietzsche"], ["LIMIT", 1]]
  [1m[36mTRANSACTION (0.1ms)[0m  [1m[36mBEGIN immediate TRANSACTION[0m
  [1m[36mSource Create (6.2ms)[0m  [1m[32mINSERT INTO "sources" ("fname", "lname", "byear", "dyear", "bio", "created_at", "updated_at") VALUES (?, ?, ?, ?, ?, ?, ?) RETURNING "id"[0m  [["fname", "Friedrich"], ["lname", "Nietzsche"], ["byear", "1844"], ["dyear", "1900"], ["bio", "German philosopher known for his critiques of truth, morality, and religion. Author of Thus Spoke Zarathustra."], ["created_at", "2026-05-24 04:43:31.864704"], ["updated_at", "2026-05-24 04:43:31.864704"]]
  [1m[36mTRANSACTION (0.2ms)[0m  [1m[36mCOMMIT TRANSACTION[0m
  [1m[36mSource Load (0.1ms)[0m  [1m[34mSELECT "sources".* FROM "sources" WHERE "sources"."fname" = ? AND "sources"."lname" = ? LIMIT ?[0m  [["fname", "Simone"], ["lname", "de Beauvoir"], ["LIMIT", 1]]
  [1m[36mTRANSACTION (0.1ms)[0m  [1m[36mBEGIN immediate TRANSACTION[0m
  [1m[36mSource Create (17.9ms)[0m  [1m[32mINSERT INTO "sources" ("fname", "lname", "byear", "dyear", "bio", "created_at", "updated_at") VALUES (?, ?, ?, ?, ?, ?, ?) RETURNING "id"[0m  [["fname", "Simone"], ["lname", "de Beauvoir"], ["byear", "1908"], ["dyear", "1986"], ["bio", "French existentialist philosopher and feminist theorist. Author of The Second Sex."], ["created_at", "2026-05-24 04:43:31.879307"], ["updated_at", "2026-05-24 04:43:31.879307"]]
  [1m[36mTRANSACTION (0.2ms)[0m  [1m[36mCOMMIT TRANSACTION[0m
  [1m[36mSource Load (0.2ms)[0m  [1m[34mSELECT "sources".* FROM "sources" WHERE "sources"."fname" = ? AND "sources"."lname" = ? LIMIT ?[0m  [["fname", "Marcus"], ["lname", "Aurelius"], ["LIMIT", 1]]
  [1m[36mTRANSACTION (0.1ms)[0m  [1m[36mBEGIN immediate TRANSACTION[0m
  [1m[36mSource Create (3.2ms)[0m  [1m[32mINSERT INTO "sources" ("fname", "lname", "byear", "dyear", "bio", "created_at", "updated_at") VALUES (?, ?, ?, ?, ?, ?, ?) RETURNING "id"[0m  [["fname", "Marcus"], ["lname", "Aurelius"], ["byear", "121 CE"], ["dyear", "180 CE"], ["bio", "Roman Emperor and Stoic philosopher. Author of the Meditations."], ["created_at", "2026-05-24 04:43:31.912412"], ["updated_at", "2026-05-24 04:43:31.912412"]]
  [1m[36mTRANSACTION (0.1ms)[0m  [1m[36mCOMMIT TRANSACTION[0m
  [1m[36mSource Load (0.1ms)[0m  [1m[34mSELECT "sources".* FROM "sources" WHERE "sources"."fname" = ? AND "sources"."lname" = ? LIMIT ?[0m  [["fname", "Rene"], ["lname", "Descartes"], ["LIMIT", 1]]
  [1m[36mTRANSACTION (0.1ms)[0m  [1m[36mBEGIN immediate TRANSACTION[0m
  [1m[36mSource Create (2.6ms)[0m  [1m[32mINSERT INTO "sources" ("fname", "lname", "byear", "dyear", "bio", "created_at", "updated_at") VALUES (?, ?, ?, ?, ?, ?, ?) RETURNING "id"[0m  [["fname", "Rene"], ["lname", "Descartes"], ["byear", "1596"], ["dyear", "1650"], ["bio", "French philosopher and mathematician. Known for Cogito, ergo sum — I think, therefore I am."], ["created_at", "2026-05-24 04:43:31.926977"], ["updated_at", "2026-05-24 04:43:31.926977"]]
  [1m[36mTRANSACTION (0.1ms)[0m  [1m[36mCOMMIT TRANSACTION[0m
  [1m[36mSource Load (0.2ms)[0m  [1m[34mSELECT "sources".* FROM "sources" WHERE "sources"."fname" = ? AND "sources"."lname" = ? LIMIT ?[0m  [["fname", "John"], ["lname", "Locke"], ["LIMIT", 1]]
  [1m[36mTRANSACTION (0.1ms)[0m  [1m[36mBEGIN immediate TRANSACTION[0m
  [1m[36mSource Create (3.9ms)[0m  [1m[32mINSERT INTO "sources" ("fname", "lname", "byear", "dyear", "bio", "created_at", "updated_at") VALUES (?, ?, ?, ?, ?, ?, ?) RETURNING "id"[0m  [["fname", "John"], ["lname", "Locke"], ["byear", "1632"], ["dyear", "1704"], ["bio", "English philosopher and physician. A founding figure of liberalism and the theory of natural rights."], ["created_at", "2026-05-24 04:43:31.939198"], ["updated_at", "2026-05-24 04:43:31.939198"]]
  [1m[36mTRANSACTION (0.1ms)[0m  [1m[36mCOMMIT TRANSACTION[0m
  [1m[36mSource Load (0.4ms)[0m  [1m[34mSELECT "sources".* FROM "sources" WHERE "sources"."fname" = ? AND "sources"."lname" IS NULL LIMIT ?[0m  [["fname", "Anonymous"], ["LIMIT", 1]]
  [1m[36mTRANSACTION (0.2ms)[0m  [1m[36mBEGIN immediate TRANSACTION[0m
  [1m[36mSource Create (3.5ms)[0m  [1m[32mINSERT INTO "sources" ("fname", "lname", "byear", "dyear", "bio", "created_at", "updated_at") VALUES (?, ?, ?, ?, ?, ?, ?) RETURNING "id"[0m  [["fname", "Anonymous"], ["lname", nil], ["byear", nil], ["dyear", nil], ["bio", "Author unknown."], ["created_at", "2026-05-24 04:43:31.954745"], ["updated_at", "2026-05-24 04:43:31.954745"]]
  [1m[36mTRANSACTION (0.1ms)[0m  [1m[36mCOMMIT TRANSACTION[0m
  [1m[36mUser Load (0.4ms)[0m  [1m[34mSELECT "users".* FROM "users" WHERE "users"."email" = ? LIMIT ?[0m  [["email", "admin@myquotes.com"], ["LIMIT", 1]]
  [1m[36mTRANSACTION (0.1ms)[0m  [1m[36mBEGIN immediate TRANSACTION[0m
  [1m[36mUser Exists? (2.5ms)[0m  [1m[34mSELECT 1 AS one FROM "users" WHERE LOWER("users"."email") = LOWER(?) LIMIT ?[0m  [["email", "admin@myquotes.com"], ["LIMIT", 1]]
  [1m[36mUser Create (0.2ms)[0m  [1m[32mINSERT INTO "users" ("fname", "lname", "email", "password_digest", "is_admin", "status", "created_at", "updated_at") VALUES (?, ?, ?, ?, ?, ?, ?, ?) RETURNING "id"[0m  [["fname", "John"], ["lname", "Jones"], ["email", "admin@myquotes.com"], ["password_digest", "[FILTERED]"], ["is_admin", 1], ["status", "Active"], ["created_at", "2026-05-24 04:43:32.276048"], ["updated_at", "2026-05-24 04:43:32.276048"]]
  [1m[36mTRANSACTION (0.1ms)[0m  [1m[36mCOMMIT TRANSACTION[0m
  [1m[36mUser Load (0.1ms)[0m  [1m[34mSELECT "users".* FROM "users" WHERE "users"."email" = ? LIMIT ?[0m  [["email", "vinceb@myemail.com"], ["LIMIT", 1]]
  [1m[36mTRANSACTION (0.1ms)[0m  [1m[36mBEGIN immediate TRANSACTION[0m
  [1m[36mUser Exists? (4.2ms)[0m  [1m[34mSELECT 1 AS one FROM "users" WHERE LOWER("users"."email") = LOWER(?) LIMIT ?[0m  [["email", "vinceb@myemail.com"], ["LIMIT", 1]]
  [1m[36mUser Create (0.2ms)[0m  [1m[32mINSERT INTO "users" ("fname", "lname", "email", "password_digest", "is_admin", "status", "created_at", "updated_at") VALUES (?, ?, ?, ?, ?, ?, ?, ?) RETURNING "id"[0m  [["fname", "Vincent"], ["lname", "Brown"], ["email", "vinceb@myemail.com"], ["password_digest", "[FILTERED]"], ["is_admin", 0], ["status", "Active"], ["created_at", "2026-05-24 04:43:32.570230"], ["updated_at", "2026-05-24 04:43:32.570230"]]
  [1m[36mTRANSACTION (0.1ms)[0m  [1m[36mCOMMIT TRANSACTION[0m
  [1m[36mQuote Load (0.1ms)[0m  [1m[34mSELECT "quotes".* FROM "quotes" WHERE "quotes"."qtext" = ? AND "quotes"."user_id" = ? LIMIT ?[0m  [["qtext", "The unexamined life is not worth living."], ["user_id", 2], ["LIMIT", 1]]
  [1m[36mTRANSACTION (0.1ms)[0m  [1m[36mBEGIN immediate TRANSACTION[0m
  [1m[36mQuote Create (2.3ms)[0m  [1m[32mINSERT INTO "quotes" ("qtext", "qyear", "qcom", "ispublic", "user_id", "source_id", "created_at", "updated_at") VALUES (?, ?, ?, ?, ?, ?, ?, ?) RETURNING "id"[0m  [["qtext", "The unexamined life is not worth living."], ["qyear", "399 BCE"], ["qcom", "Spoken at Socrates' trial — a timeless call for reflective living."], ["ispublic", 1], ["user_id", 2], ["source_id", 1], ["created_at", "2026-05-24 04:43:32.592966"], ["updated_at", "2026-05-24 04:43:32.592966"]]
  [1m[36mTRANSACTION (0.1ms)[0m  [1m[36mCOMMIT TRANSACTION[0m
  [1m[36mQuoteCategory Load (0.3ms)[0m  [1m[34mSELECT "quote_categories".* FROM "quote_categories" WHERE "quote_categories"."quote_id" = ? AND "quote_categories"."category_id" = ? LIMIT ?[0m  [["quote_id", 1], ["category_id", 1], ["LIMIT", 1]]
  [1m[36mTRANSACTION (0.1ms)[0m  [1m[36mBEGIN immediate TRANSACTION[0m
  [1m[36mQuoteCategory Create (0.1ms)[0m  [1m[32mINSERT INTO "quote_categories" ("quote_id", "category_id", "created_at", "updated_at") VALUES (?, ?, ?, ?) RETURNING "id"[0m  [["quote_id", 1], ["category_id", 1], ["created_at", "2026-05-24 04:43:32.614179"], ["updated_at", "2026-05-24 04:43:32.614179"]]
  [1m[36mTRANSACTION (0.3ms)[0m  [1m[36mCOMMIT TRANSACTION[0m
  [1m[36mQuoteCategory Load (0.1ms)[0m  [1m[34mSELECT "quote_categories".* FROM "quote_categories" WHERE "quote_categories"."quote_id" = ? AND "quote_categories"."category_id" = ? LIMIT ?[0m  [["quote_id", 1], ["category_id", 9], ["LIMIT", 1]]
  [1m[36mTRANSACTION (0.1ms)[0m  [1m[36mBEGIN immediate TRANSACTION[0m
  [1m[36mQuoteCategory Create (2.4ms)[0m  [1m[32mINSERT INTO "quote_categories" ("quote_id", "category_id", "created_at", "updated_at") VALUES (?, ?, ?, ?) RETURNING "id"[0m  [["quote_id", 1], ["category_id", 9], ["created_at", "2026-05-24 04:43:32.624640"], ["updated_at", "2026-05-24 04:43:32.624640"]]
  [1m[36mTRANSACTION (0.1ms)[0m  [1m[36mCOMMIT TRANSACTION[0m
  [1m[36mQuote Update (0.1ms)[0m  [1m[33mUPDATE "quotes" SET "created_at" = ?, "updated_at" = ? WHERE "quotes"."id" = ?[0m  [["created_at", "2026-05-14 04:43:32.574344"], ["updated_at", "2026-05-14 04:43:32.574344"], ["id", 1]]
  [1m[36mQuote Load (0.4ms)[0m  [1m[34mSELECT "quotes".* FROM "quotes" WHERE "quotes"."qtext" = ? AND "quotes"."user_id" = ? LIMIT ?[0m  [["qtext", "We are what we repeatedly do. Excellence, then, is not an act, but a habit."], ["user_id", 2], ["LIMIT", 1]]
  [1m[36mTRANSACTION (0.1ms)[0m  [1m[36mBEGIN immediate TRANSACTION[0m
  [1m[36mQuote Create (2.2ms)[0m  [1m[32mINSERT INTO "quotes" ("qtext", "qyear", "qcom", "ispublic", "user_id", "source_id", "created_at", "updated_at") VALUES (?, ?, ?, ?, ?, ?, ?, ?) RETURNING "id"[0m  [["qtext", "We are what we repeatedly do. Excellence, then, is not an act, but a habit."], ["qyear", "350 BCE"], ["qcom", "A favourite reminder that character is built through consistent action."], ["ispublic", 1], ["user_id", 2], ["source_id", 2], ["created_at", "2026-05-24 04:43:32.637803"], ["updated_at", "2026-05-24 04:43:32.637803"]]
  [1m[36mTRANSACTION (0.1ms)[0m  [1m[36mCOMMIT TRANSACTION[0m
  [1m[36mQuoteCategory Load (0.1ms)[0m  [1m[34mSELECT "quote_categories".* FROM "quote_categories" WHERE "quote_categories"."quote_id" = ? AND "quote_categories"."category_id" = ? LIMIT ?[0m  [["quote_id", 2], ["category_id", 1], ["LIMIT", 1]]
  [1m[36mTRANSACTION (0.0ms)[0m  [1m[36mBEGIN immediate TRANSACTION[0m
  [1m[36mQuoteCategory Create (4.8ms)[0m  [1m[32mINSERT INTO "quote_categories" ("quote_id", "category_id", "created_at", "updated_at") VALUES (?, ?, ?, ?) RETURNING "id"[0m  [["quote_id", 2], ["category_id", 1], ["created_at", "2026-05-24 04:43:32.646915"], ["updated_at", "2026-05-24 04:43:32.646915"]]
  [1m[36mTRANSACTION (0.2ms)[0m  [1m[36mCOMMIT TRANSACTION[0m
  [1m[36mQuoteCategory Load (0.3ms)[0m  [1m[34mSELECT "quote_categories".* FROM "quote_categories" WHERE "quote_categories"."quote_id" = ? AND "quote_categories"."category_id" = ? LIMIT ?[0m  [["quote_id", 2], ["category_id", 5], ["LIMIT", 1]]
  [1m[36mTRANSACTION (0.1ms)[0m  [1m[36mBEGIN immediate TRANSACTION[0m
  [1m[36mQuoteCategory Create (2.5ms)[0m  [1m[32mINSERT INTO "quote_categories" ("quote_id", "category_id", "created_at", "updated_at") VALUES (?, ?, ?, ?) RETURNING "id"[0m  [["quote_id", 2], ["category_id", 5], ["created_at", "2026-05-24 04:43:32.662028"], ["updated_at", "2026-05-24 04:43:32.662028"]]
  [1m[36mTRANSACTION (0.2ms)[0m  [1m[36mCOMMIT TRANSACTION[0m
  [1m[36mQuote Update (0.2ms)[0m  [1m[33mUPDATE "quotes" SET "created_at" = ?, "updated_at" = ? WHERE "quotes"."id" = ?[0m  [["created_at", "2026-05-15 04:43:32.574480"], ["updated_at", "2026-05-15 04:43:32.574480"], ["id", 2]]
  [1m[36mQuote Load (0.1ms)[0m  [1m[34mSELECT "quotes".* FROM "quotes" WHERE "quotes"."qtext" = ? AND "quotes"."user_id" = ? LIMIT ?[0m  [["qtext", "Knowing yourself is the beginning of all wisdom."], ["user_id", 2], ["LIMIT", 1]]
  [1m[36mTRANSACTION (0.0ms)[0m  [1m[36mBEGIN immediate TRANSACTION[0m
  [1m[36mQuote Create (2.1ms)[0m  [1m[32mINSERT INTO "quotes" ("qtext", "qyear", "qcom", "ispublic", "user_id", "source_id", "created_at", "updated_at") VALUES (?, ?, ?, ?, ?, ?, ?, ?) RETURNING "id"[0m  [["qtext", "Knowing yourself is the beginning of all wisdom."], ["qyear", "350 BCE"], ["qcom", "One of the most enduring ideas from Aristotle."], ["ispublic", 1], ["user_id", 2], ["source_id", 2], ["created_at", "2026-05-24 04:43:32.676160"], ["updated_at", "2026-05-24 04:43:32.676160"]]
  [1m[36mTRANSACTION (0.1ms)[0m  [1m[36mCOMMIT TRANSACTION[0m
  [1m[36mQuoteCategory Load (0.2ms)[0m  [1m[34mSELECT "quote_categories".* FROM "quote_categories" WHERE "quote_categories"."quote_id" = ? AND "quote_categories"."category_id" = ? LIMIT ?[0m  [["quote_id", 3], ["category_id", 3], ["LIMIT", 1]]
  [1m[36mTRANSACTION (0.1ms)[0m  [1m[36mBEGIN immediate TRANSACTION[0m
  [1m[36mQuoteCategory Create (3.2ms)[0m  [1m[32mINSERT INTO "quote_categories" ("quote_id", "category_id", "created_at", "updated_at") VALUES (?, ?, ?, ?) RETURNING "id"[0m  [["quote_id", 3], ["category_id", 3], ["created_at", "2026-05-24 04:43:32.686161"], ["updated_at", "2026-05-24 04:43:32.686161"]]
  [1m[36mTRANSACTION (0.2ms)[0m  [1m[36mCOMMIT TRANSACTION[0m
  [1m[36mQuoteCategory Load (0.1ms)[0m  [1m[34mSELECT "quote_categories".* FROM "quote_categories" WHERE "quote_categories"."quote_id" = ? AND "quote_categories"."category_id" = ? LIMIT ?[0m  [["quote_id", 3], ["category_id", 1], ["LIMIT", 1]]
  [1m[36mTRANSACTION (0.1ms)[0m  [1m[36mBEGIN immediate TRANSACTION[0m
  [1m[36mQuoteCategory Create (4.1ms)[0m  [1m[32mINSERT INTO "quote_categories" ("quote_id", "category_id", "created_at", "updated_at") VALUES (?, ?, ?, ?) RETURNING "id"[0m  [["quote_id", 3], ["category_id", 1], ["created_at", "2026-05-24 04:43:32.696678"], ["updated_at", "2026-05-24 04:43:32.696678"]]
  [1m[36mTRANSACTION (0.1ms)[0m  [1m[36mCOMMIT TRANSACTION[0m
  [1m[36mQuote Update (0.2ms)[0m  [1m[33mUPDATE "quotes" SET "created_at" = ?, "updated_at" = ? WHERE "quotes"."id" = ?[0m  [["created_at", "2026-05-16 04:43:32.574508"], ["updated_at", "2026-05-16 04:43:32.574508"], ["id", 3]]
  [1m[36mQuote Load (0.2ms)[0m  [1m[34mSELECT "quotes".* FROM "quotes" WHERE "quotes"."qtext" = ? AND "quotes"."user_id" = ? LIMIT ?[0m  [["qtext", "The measure of a man is what he does with power."], ["user_id", 2], ["LIMIT", 1]]
  [1m[36mTRANSACTION (0.1ms)[0m  [1m[36mBEGIN immediate TRANSACTION[0m
  [1m[36mQuote Create (2.4ms)[0m  [1m[32mINSERT INTO "quotes" ("qtext", "qyear", "qcom", "ispublic", "user_id", "source_id", "created_at", "updated_at") VALUES (?, ?, ?, ?, ?, ?, ?, ?) RETURNING "id"[0m  [["qtext", "The measure of a man is what he does with power."], ["qyear", nil], ["qcom", nil], ["ispublic", 1], ["user_id", 2], ["source_id", 3], ["created_at", "2026-05-24 04:43:32.712948"], ["updated_at", "2026-05-24 04:43:32.712948"]]
  [1m[36mTRANSACTION (1.0ms)[0m  [1m[36mCOMMIT TRANSACTION[0m
  [1m[36mQuoteCategory Load (0.2ms)[0m  [1m[34mSELECT "quote_categories".* FROM "quote_categories" WHERE "quote_categories"."quote_id" = ? AND "quote_categories"."category_id" = ? LIMIT ?[0m  [["quote_id", 4], ["category_id", 6], ["LIMIT", 1]]
  [1m[36mTRANSACTION (0.1ms)[0m  [1m[36mBEGIN immediate TRANSACTION[0m
  [1m[36mQuoteCategory Create (3.2ms)[0m  [1m[32mINSERT INTO "quote_categories" ("quote_id", "category_id", "created_at", "updated_at") VALUES (?, ?, ?, ?) RETURNING "id"[0m  [["quote_id", 4], ["category_id", 6], ["created_at", "2026-05-24 04:43:32.726268"], ["updated_at", "2026-05-24 04:43:32.726268"]]
  [1m[36mTRANSACTION (1.1ms)[0m  [1m[36mCOMMIT TRANSACTION[0m
  [1m[36mQuoteCategory Load (0.2ms)[0m  [1m[34mSELECT "quote_categories".* FROM "quote_categories" WHERE "quote_categories"."quote_id" = ? AND "quote_categories"."category_id" = ? LIMIT ?[0m  [["quote_id", 4], ["category_id", 1], ["LIMIT", 1]]
  [1m[36mTRANSACTION (0.1ms)[0m  [1m[36mBEGIN immediate TRANSACTION[0m
  [1m[36mQuoteCategory Create (6.0ms)[0m  [1m[32mINSERT INTO "quote_categories" ("quote_id", "category_id", "created_at", "updated_at") VALUES (?, ?, ?, ?) RETURNING "id"[0m  [["quote_id", 4], ["category_id", 1], ["created_at", "2026-05-24 04:43:32.746232"], ["updated_at", "2026-05-24 04:43:32.746232"]]
  [1m[36mTRANSACTION (0.2ms)[0m  [1m[36mCOMMIT TRANSACTION[0m
  [1m[36mQuote Update (0.2ms)[0m  [1m[33mUPDATE "quotes" SET "created_at" = ?, "updated_at" = ? WHERE "quotes"."id" = ?[0m  [["created_at", "2026-05-17 04:43:32.574529"], ["updated_at", "2026-05-17 04:43:32.574529"], ["id", 4]]
  [1m[36mQuote Load (0.2ms)[0m  [1m[34mSELECT "quotes".* FROM "quotes" WHERE "quotes"."qtext" = ? AND "quotes"."user_id" = ? LIMIT ?[0m  [["qtext", "Act only according to that maxim whereby you can at the same time will that it should become a universal law."], ["user_id", 2], ["LIMIT", 1]]
  [1m[36mTRANSACTION (0.1ms)[0m  [1m[36mBEGIN immediate TRANSACTION[0m
  [1m[36mQuote Create (2.3ms)[0m  [1m[32mINSERT INTO "quotes" ("qtext", "qyear", "qcom", "ispublic", "user_id", "source_id", "created_at", "updated_at") VALUES (?, ?, ?, ?, ?, ?, ?, ?) RETURNING "id"[0m  [["qtext", "Act only according to that maxim whereby you can at the same time will that it should become a universal law."], ["qyear", "1785"], ["qcom", "Kant's categorical imperative — the foundation of deontological ethics."], ["ispublic", 1], ["user_id", 2], ["source_id", 4], ["created_at", "2026-05-24 04:43:32.774511"], ["updated_at", "2026-05-24 04:43:32.774511"]]
  [1m[36mTRANSACTION (0.1ms)[0m  [1m[36mCOMMIT TRANSACTION[0m
  [1m[36mQuoteCategory Load (0.1ms)[0m  [1m[34mSELECT "quote_categories".* FROM "quote_categories" WHERE "quote_categories"."quote_id" = ? AND "quote_categories"."category_id" = ? LIMIT ?[0m  [["quote_id", 5], ["category_id", 1], ["LIMIT", 1]]
  [1m[36mTRANSACTION (0.1ms)[0m  [1m[36mBEGIN immediate TRANSACTION[0m
  [1m[36mQuoteCategory Create (3.3ms)[0m  [1m[32mINSERT INTO "quote_categories" ("quote_id", "category_id", "created_at", "updated_at") VALUES (?, ?, ?, ?) RETURNING "id"[0m  [["quote_id", 5], ["category_id", 1], ["created_at", "2026-05-24 04:43:32.786897"], ["updated_at", "2026-05-24 04:43:32.786897"]]
  [1m[36mTRANSACTION (0.1ms)[0m  [1m[36mCOMMIT TRANSACTION[0m
  [1m[36mQuoteCategory Load (0.1ms)[0m  [1m[34mSELECT "quote_categories".* FROM "quote_categories" WHERE "quote_categories"."quote_id" = ? AND "quote_categories"."category_id" = ? LIMIT ?[0m  [["quote_id", 5], ["category_id", 4], ["LIMIT", 1]]
  [1m[36mTRANSACTION (0.0ms)[0m  [1m[36mBEGIN immediate TRANSACTION[0m
  [1m[36mQuoteCategory Create (4.7ms)[0m  [1m[32mINSERT INTO "quote_categories" ("quote_id", "category_id", "created_at", "updated_at") VALUES (?, ?, ?, ?) RETURNING "id"[0m  [["quote_id", 5], ["category_id", 4], ["created_at", "2026-05-24 04:43:32.797014"], ["updated_at", "2026-05-24 04:43:32.797014"]]
  [1m[36mTRANSACTION (0.1ms)[0m  [1m[36mCOMMIT TRANSACTION[0m
  [1m[36mQuote Update (0.5ms)[0m  [1m[33mUPDATE "quotes" SET "created_at" = ?, "updated_at" = ? WHERE "quotes"."id" = ?[0m  [["created_at", "2026-05-18 04:43:32.574877"], ["updated_at", "2026-05-18 04:43:32.574877"], ["id", 5]]
  [1m[36mQuote Load (0.2ms)[0m  [1m[34mSELECT "quotes".* FROM "quotes" WHERE "quotes"."qtext" = ? AND "quotes"."user_id" = ? LIMIT ?[0m  [["qtext", "God is dead. God remains dead. And we have killed him."], ["user_id", 2], ["LIMIT", 1]]
  [1m[36mTRANSACTION (0.1ms)[0m  [1m[36mBEGIN immediate TRANSACTION[0m
  [1m[36mQuote Create (2.5ms)[0m  [1m[32mINSERT INTO "quotes" ("qtext", "qyear", "qcom", "ispublic", "user_id", "source_id", "created_at", "updated_at") VALUES (?, ?, ?, ?, ?, ?, ?, ?) RETURNING "id"[0m  [["qtext", "God is dead. God remains dead. And we have killed him."], ["qyear", "1882"], ["qcom", "Nietzsche's declaration of the collapse of traditional moral frameworks."], ["ispublic", 1], ["user_id", 2], ["source_id", 5], ["created_at", "2026-05-24 04:43:32.813439"], ["updated_at", "2026-05-24 04:43:32.813439"]]
  [1m[36mTRANSACTION (0.5ms)[0m  [1m[36mCOMMIT TRANSACTION[0m
  [1m[36mQuoteCategory Load (0.2ms)[0m  [1m[34mSELECT "quote_categories".* FROM "quote_categories" WHERE "quote_categories"."quote_id" = ? AND "quote_categories"."category_id" = ? LIMIT ?[0m  [["quote_id", 6], ["category_id", 2], ["LIMIT", 1]]
  [1m[36mTRANSACTION (0.0ms)[0m  [1m[36mBEGIN immediate TRANSACTION[0m
  [1m[36mQuoteCategory Create (2.9ms)[0m  [1m[32mINSERT INTO "quote_categories" ("quote_id", "category_id", "created_at", "updated_at") VALUES (?, ?, ?, ?) RETURNING "id"[0m  [["quote_id", 6], ["category_id", 2], ["created_at", "2026-05-24 04:43:32.824432"], ["updated_at", "2026-05-24 04:43:32.824432"]]
  [1m[36mTRANSACTION (0.9ms)[0m  [1m[36mCOMMIT TRANSACTION[0m
  [1m[36mQuoteCategory Load (0.5ms)[0m  [1m[34mSELECT "quote_categories".* FROM "quote_categories" WHERE "quote_categories"."quote_id" = ? AND "quote_categories"."category_id" = ? LIMIT ?[0m  [["quote_id", 6], ["category_id", 9], ["LIMIT", 1]]
  [1m[36mTRANSACTION (0.1ms)[0m  [1m[36mBEGIN immediate TRANSACTION[0m
  [1m[36mQuoteCategory Create (4.4ms)[0m  [1m[32mINSERT INTO "quote_categories" ("quote_id", "category_id", "created_at", "updated_at") VALUES (?, ?, ?, ?) RETURNING "id"[0m  [["quote_id", 6], ["category_id", 9], ["created_at", "2026-05-24 04:43:32.837085"], ["updated_at", "2026-05-24 04:43:32.837085"]]
  [1m[36mTRANSACTION (0.1ms)[0m  [1m[36mCOMMIT TRANSACTION[0m
  [1m[36mQuote Update (0.1ms)[0m  [1m[33mUPDATE "quotes" SET "created_at" = ?, "updated_at" = ? WHERE "quotes"."id" = ?[0m  [["created_at", "2026-05-19 04:43:32.574929"], ["updated_at", "2026-05-19 04:43:32.574929"], ["id", 6]]
  [1m[36mQuote Load (0.5ms)[0m  [1m[34mSELECT "quotes".* FROM "quotes" WHERE "quotes"."qtext" = ? AND "quotes"."user_id" = ? LIMIT ?[0m  [["qtext", "One is not born, but rather becomes, a woman."], ["user_id", 2], ["LIMIT", 1]]
  [1m[36mTRANSACTION (0.1ms)[0m  [1m[36mBEGIN immediate TRANSACTION[0m
  [1m[36mQuote Create (2.4ms)[0m  [1m[32mINSERT INTO "quotes" ("qtext", "qyear", "qcom", "ispublic", "user_id", "source_id", "created_at", "updated_at") VALUES (?, ?, ?, ?, ?, ?, ?, ?) RETURNING "id"[0m  [["qtext", "One is not born, but rather becomes, a woman."], ["qyear", "1949"], ["qcom", "De Beauvoir's core argument that gender is a social construction."], ["ispublic", 1], ["user_id", 2], ["source_id", 6], ["created_at", "2026-05-24 04:43:32.853825"], ["updated_at", "2026-05-24 04:43:32.853825"]]
  [1m[36mTRANSACTION (0.2ms)[0m  [1m[36mCOMMIT TRANSACTION[0m
  [1m[36mQuoteCategory Load (0.1ms)[0m  [1m[34mSELECT "quote_categories".* FROM "quote_categories" WHERE "quote_categories"."quote_id" = ? AND "quote_categories"."category_id" = ? LIMIT ?[0m  [["quote_id", 7], ["category_id", 6], ["LIMIT", 1]]
  [1m[36mTRANSACTION (0.1ms)[0m  [1m[36mBEGIN immediate TRANSACTION[0m
  [1m[36mQuoteCategory Create (5.1ms)[0m  [1m[32mINSERT INTO "quote_categories" ("quote_id", "category_id", "created_at", "updated_at") VALUES (?, ?, ?, ?) RETURNING "id"[0m  [["quote_id", 7], ["category_id", 6], ["created_at", "2026-05-24 04:43:32.864046"], ["updated_at", "2026-05-24 04:43:32.864046"]]
  [1m[36mTRANSACTION (0.4ms)[0m  [1m[36mCOMMIT TRANSACTION[0m
  [1m[36mQuoteCategory Load (0.2ms)[0m  [1m[34mSELECT "quote_categories".* FROM "quote_categories" WHERE "quote_categories"."quote_id" = ? AND "quote_categories"."category_id" = ? LIMIT ?[0m  [["quote_id", 7], ["category_id", 9], ["LIMIT", 1]]
  [1m[36mTRANSACTION (0.1ms)[0m  [1m[36mBEGIN immediate TRANSACTION[0m
  [1m[36mQuoteCategory Create (2.5ms)[0m  [1m[32mINSERT INTO "quote_categories" ("quote_id", "category_id", "created_at", "updated_at") VALUES (?, ?, ?, ?) RETURNING "id"[0m  [["quote_id", 7], ["category_id", 9], ["created_at", "2026-05-24 04:43:32.878550"], ["updated_at", "2026-05-24 04:43:32.878550"]]
  [1m[36mTRANSACTION (0.3ms)[0m  [1m[36mCOMMIT TRANSACTION[0m
  [1m[36mQuote Update (0.2ms)[0m  [1m[33mUPDATE "quotes" SET "created_at" = ?, "updated_at" = ? WHERE "quotes"."id" = ?[0m  [["created_at", "2026-05-20 04:43:32.574949"], ["updated_at", "2026-05-20 04:43:32.574949"], ["id", 7]]
  [1m[36mQuote Load (0.1ms)[0m  [1m[34mSELECT "quotes".* FROM "quotes" WHERE "quotes"."qtext" = ? AND "quotes"."user_id" = ? LIMIT ?[0m  [["qtext", "You have power over your mind, not outside events. Realise this, and you will find strength."], ["user_id", 1], ["LIMIT", 1]]
  [1m[36mTRANSACTION (0.0ms)[0m  [1m[36mBEGIN immediate TRANSACTION[0m
  [1m[36mQuote Create (2.4ms)[0m  [1m[32mINSERT INTO "quotes" ("qtext", "qyear", "qcom", "ispublic", "user_id", "source_id", "created_at", "updated_at") VALUES (?, ?, ?, ?, ?, ?, ?, ?) RETURNING "id"[0m  [["qtext", "You have power over your mind, not outside events. Realise this, and you will find strength."], ["qyear", "170 CE"], ["qcom", "The essence of Stoic practice — focus only on what is within our control."], ["ispublic", 1], ["user_id", 1], ["source_id", 7], ["created_at", "2026-05-24 04:43:32.892974"], ["updated_at", "2026-05-24 04:43:32.892974"]]
  [1m[36mTRANSACTION (0.1ms)[0m  [1m[36mCOMMIT TRANSACTION[0m
  [1m[36mQuoteCategory Load (0.3ms)[0m  [1m[34mSELECT "quote_categories".* FROM "quote_categories" WHERE "quote_categories"."quote_id" = ? AND "quote_categories"."category_id" = ? LIMIT ?[0m  [["quote_id", 8], ["category_id", 10], ["LIMIT", 1]]
  [1m[36mTRANSACTION (0.1ms)[0m  [1m[36mBEGIN immediate TRANSACTION[0m
  [1m[36mQuoteCategory Create (2.8ms)[0m  [1m[32mINSERT INTO "quote_categories" ("quote_id", "category_id", "created_at", "updated_at") VALUES (?, ?, ?, ?) RETURNING "id"[0m  [["quote_id", 8], ["category_id", 10], ["created_at", "2026-05-24 04:43:32.902942"], ["updated_at", "2026-05-24 04:43:32.902942"]]
  [1m[36mTRANSACTION (0.1ms)[0m  [1m[36mCOMMIT TRANSACTION[0m
  [1m[36mQuoteCategory Load (0.1ms)[0m  [1m[34mSELECT "quote_categories".* FROM "quote_categories" WHERE "quote_categories"."quote_id" = ? AND "quote_categories"."category_id" = ? LIMIT ?[0m  [["quote_id", 8], ["category_id", 1], ["LIMIT", 1]]
  [1m[36mTRANSACTION (0.1ms)[0m  [1m[36mBEGIN immediate TRANSACTION[0m
  [1m[36mQuoteCategory Create (3.2ms)[0m  [1m[32mINSERT INTO "quote_categories" ("quote_id", "category_id", "created_at", "updated_at") VALUES (?, ?, ?, ?) RETURNING "id"[0m  [["quote_id", 8], ["category_id", 1], ["created_at", "2026-05-24 04:43:32.913171"], ["updated_at", "2026-05-24 04:43:32.913171"]]
  [1m[36mTRANSACTION (0.1ms)[0m  [1m[36mCOMMIT TRANSACTION[0m
  [1m[36mQuote Update (0.2ms)[0m  [1m[33mUPDATE "quotes" SET "created_at" = ?, "updated_at" = ? WHERE "quotes"."id" = ?[0m  [["created_at", "2026-05-21 04:43:32.574966"], ["updated_at", "2026-05-21 04:43:32.574966"], ["id", 8]]
  [1m[36mQuote Load (0.2ms)[0m  [1m[34mSELECT "quotes".* FROM "quotes" WHERE "quotes"."qtext" = ? AND "quotes"."user_id" = ? LIMIT ?[0m  [["qtext", "I think, therefore I am."], ["user_id", 1], ["LIMIT", 1]]
  [1m[36mTRANSACTION (0.1ms)[0m  [1m[36mBEGIN immediate TRANSACTION[0m
  [1m[36mQuote Create (6.3ms)[0m  [1m[32mINSERT INTO "quotes" ("qtext", "qyear", "qcom", "ispublic", "user_id", "source_id", "created_at", "updated_at") VALUES (?, ?, ?, ?, ?, ?, ?, ?) RETURNING "id"[0m  [["qtext", "I think, therefore I am."], ["qyear", "1637"], ["qcom", "Descartes' foundational statement — the one truth he could not doubt."], ["ispublic", 1], ["user_id", 1], ["source_id", 8], ["created_at", "2026-05-24 04:43:32.931235"], ["updated_at", "2026-05-24 04:43:32.931235"]]
  [1m[36mTRANSACTION (0.1ms)[0m  [1m[36mCOMMIT TRANSACTION[0m
  [1m[36mQuoteCategory Load (0.2ms)[0m  [1m[34mSELECT "quote_categories".* FROM "quote_categories" WHERE "quote_categories"."quote_id" = ? AND "quote_categories"."category_id" = ? LIMIT ?[0m  [["quote_id", 9], ["category_id", 2], ["LIMIT", 1]]
  [1m[36mTRANSACTION (0.1ms)[0m  [1m[36mBEGIN immediate TRANSACTION[0m
  [1m[36mQuoteCategory Create (5.5ms)[0m  [1m[32mINSERT INTO "quote_categories" ("quote_id", "category_id", "created_at", "updated_at") VALUES (?, ?, ?, ?) RETURNING "id"[0m  [["quote_id", 9], ["category_id", 2], ["created_at", "2026-05-24 04:43:32.947452"], ["updated_at", "2026-05-24 04:43:32.947452"]]
  [1m[36mTRANSACTION (0.2ms)[0m  [1m[36mCOMMIT TRANSACTION[0m
  [1m[36mQuoteCategory Load (0.2ms)[0m  [1m[34mSELECT "quote_categories".* FROM "quote_categories" WHERE "quote_categories"."quote_id" = ? AND "quote_categories"."category_id" = ? LIMIT ?[0m  [["quote_id", 9], ["category_id", 3], ["LIMIT", 1]]
  [1m[36mTRANSACTION (0.3ms)[0m  [1m[36mBEGIN immediate TRANSACTION[0m
  [1m[36mQuoteCategory Create (5.0ms)[0m  [1m[32mINSERT INTO "quote_categories" ("quote_id", "category_id", "created_at", "updated_at") VALUES (?, ?, ?, ?) RETURNING "id"[0m  [["quote_id", 9], ["category_id", 3], ["created_at", "2026-05-24 04:43:32.965256"], ["updated_at", "2026-05-24 04:43:32.965256"]]
  [1m[36mTRANSACTION (0.2ms)[0m  [1m[36mCOMMIT TRANSACTION[0m
  [1m[36mQuoteCategory Load (0.1ms)[0m  [1m[34mSELECT "quote_categories".* FROM "quote_categories" WHERE "quote_categories"."quote_id" = ? AND "quote_categories"."category_id" = ? LIMIT ?[0m  [["quote_id", 9], ["category_id", 8], ["LIMIT", 1]]
  [1m[36mTRANSACTION (0.2ms)[0m  [1m[36mBEGIN immediate TRANSACTION[0m
  [1m[36mQuoteCategory Create (5.6ms)[0m  [1m[32mINSERT INTO "quote_categories" ("quote_id", "category_id", "created_at", "updated_at") VALUES (?, ?, ?, ?) RETURNING "id"[0m  [["quote_id", 9], ["category_id", 8], ["created_at", "2026-05-24 04:43:32.983328"], ["updated_at", "2026-05-24 04:43:32.983328"]]
  [1m[36mTRANSACTION (0.1ms)[0m  [1m[36mCOMMIT TRANSACTION[0m
  [1m[36mQuote Update (0.1ms)[0m  [1m[33mUPDATE "quotes" SET "created_at" = ?, "updated_at" = ? WHERE "quotes"."id" = ?[0m  [["created_at", "2026-05-22 04:43:32.574983"], ["updated_at", "2026-05-22 04:43:32.574983"], ["id", 9]]
  [1m[36mQuote Load (0.1ms)[0m  [1m[34mSELECT "quotes".* FROM "quotes" WHERE "quotes"."qtext" = ? AND "quotes"."user_id" = ? LIMIT ?[0m  [["qtext", "The end of law is not to abolish or restrain, but to preserve and enlarge freedom."], ["user_id", 1], ["LIMIT", 1]]
  [1m[36mTRANSACTION (0.1ms)[0m  [1m[36mBEGIN immediate TRANSACTION[0m
  [1m[36mQuote Create (13.2ms)[0m  [1m[32mINSERT INTO "quotes" ("qtext", "qyear", "qcom", "ispublic", "user_id", "source_id", "created_at", "updated_at") VALUES (?, ?, ?, ?, ?, ?, ?, ?) RETURNING "id"[0m  [["qtext", "The end of law is not to abolish or restrain, but to preserve and enlarge freedom."], ["qyear", "1689"], ["qcom", "Locke's argument that law exists to protect liberty, not restrict it."], ["ispublic", 1], ["user_id", 1], ["source_id", 9], ["created_at", "2026-05-24 04:43:33.003810"], ["updated_at", "2026-05-24 04:43:33.003810"]]
  [1m[36mTRANSACTION (0.1ms)[0m  [1m[36mCOMMIT TRANSACTION[0m
  [1m[36mQuoteCategory Load (0.6ms)[0m  [1m[34mSELECT "quote_categories".* FROM "quote_categories" WHERE "quote_categories"."quote_id" = ? AND "quote_categories"."category_id" = ? LIMIT ?[0m  [["quote_id", 10], ["category_id", 6], ["LIMIT", 1]]
  [1m[36mTRANSACTION (0.1ms)[0m  [1m[36mBEGIN immediate TRANSACTION[0m
  [1m[36mQuoteCategory Create (6.4ms)[0m  [1m[32mINSERT INTO "quote_categories" ("quote_id", "category_id", "created_at", "updated_at") VALUES (?, ?, ?, ?) RETURNING "id"[0m  [["quote_id", 10], ["category_id", 6], ["created_at", "2026-05-24 04:43:33.031692"], ["updated_at", "2026-05-24 04:43:33.031692"]]
  [1m[36mTRANSACTION (0.2ms)[0m  [1m[36mCOMMIT TRANSACTION[0m
  [1m[36mQuoteCategory Load (0.2ms)[0m  [1m[34mSELECT "quote_categories".* FROM "quote_categories" WHERE "quote_categories"."quote_id" = ? AND "quote_categories"."category_id" = ? LIMIT ?[0m  [["quote_id", 10], ["category_id", 1], ["LIMIT", 1]]
  [1m[36mTRANSACTION (0.1ms)[0m  [1m[36mBEGIN immediate TRANSACTION[0m
  [1m[36mQuoteCategory Create (4.3ms)[0m  [1m[32mINSERT INTO "quote_categories" ("quote_id", "category_id", "created_at", "updated_at") VALUES (?, ?, ?, ?) RETURNING "id"[0m  [["quote_id", 10], ["category_id", 1], ["created_at", "2026-05-24 04:43:33.048387"], ["updated_at", "2026-05-24 04:43:33.048387"]]
  [1m[36mTRANSACTION (0.1ms)[0m  [1m[36mCOMMIT TRANSACTION[0m
  [1m[36mQuote Update (0.1ms)[0m  [1m[33mUPDATE "quotes" SET "created_at" = ?, "updated_at" = ? WHERE "quotes"."id" = ?[0m  [["created_at", "2026-05-23 04:43:32.574999"], ["updated_at", "2026-05-23 04:43:32.574999"], ["id", 10]]
  [1m[36mQuote Count (0.1ms)[0m  [1m[34mSELECT COUNT(*) FROM "quotes"[0m
DEPRECATION WARNING: `to_time` will always preserve the full timezone rather than offset of the receiver in Rails 8.1. To opt in to the new behavior, set `config.active_support.to_time_preserves_timezone = :zone`. (called from BasicObject#instance_exec at C:/Users/ASUS/.local/share/gem/ruby/3.4.0/gems/railties-8.0.5/lib/rails/initializable.rb:32)
DEPRECATION WARNING: `to_time` will always preserve the full timezone rather than offset of the receiver in Rails 8.1. To opt in to the new behavior, set `config.active_support.to_time_preserves_timezone = :zone`. (called from block in <module:Finisher> at C:/Users/ASUS/.local/share/gem/ruby/3.4.0/gems/railties-8.0.5/lib/rails/application/finisher.rb:93)
Started GET "/" for 127.0.0.1 at 2026-05-24 10:16:17 +0530
  [1m[36mActiveRecord::SchemaMigration Load (0.2ms)[0m  [1m[34mSELECT "schema_migrations"."version" FROM "schema_migrations" ORDER BY "schema_migrations"."version" ASC[0m
Processing by PagesController#home as HTML
  Rendering layout layouts/application.html.erb
  Rendering pages/home.html.erb within layouts/application
  [1m[36mCategory Load (0.3ms)[0m  [1m[34mSELECT "categories".* FROM "categories" ORDER BY "categories"."catname" ASC[0m
  ↳ app/views/pages/home.html.erb:16
  [1m[36mQuote Exists? (0.3ms)[0m  [1m[34mSELECT 1 AS one FROM "quotes" WHERE "quotes"."ispublic" = ? LIMIT ?[0m  [["ispublic", 1], ["LIMIT", 1]]
  ↳ app/views/pages/home.html.erb:24
  [1m[36mQuote Load (0.3ms)[0m  [1m[34mSELECT "quotes".* FROM "quotes" WHERE "quotes"."ispublic" = ? ORDER BY "quotes"."created_at" DESC LIMIT ?[0m  [["ispublic", 1], ["LIMIT", 10]]
  ↳ app/views/pages/home.html.erb:25
  [1m[36mUser Load (0.2ms)[0m  [1m[34mSELECT "users".* FROM "users" WHERE "users"."id" IN (?, ?)[0m  [["id", 1], ["id", 2]]
  ↳ app/views/pages/home.html.erb:25
  [1m[36mSource Load (0.3ms)[0m  [1m[34mSELECT "sources".* FROM "sources" WHERE "sources"."id" IN (?, ?, ?, ?, ?, ?, ?, ?, ?)[0m  [["id", 9], ["id", 8], ["id", 7], ["id", 6], ["id", 5], ["id", 4], ["id", 3], ["id", 2], ["id", 1]]
  ↳ app/views/pages/home.html.erb:25
  [1m[36mQuoteCategory Load (0.4ms)[0m  [1m[34mSELECT "quote_categories".* FROM "quote_categories" WHERE "quote_categories"."quote_id" IN (?, ?, ?, ?, ?, ?, ?, ?, ?, ?)[0m  [["quote_id", 10], ["quote_id", 9], ["quote_id", 8], ["quote_id", 7], ["quote_id", 6], ["quote_id", 5], ["quote_id", 4], ["quote_id", 3], ["quote_id", 2], ["quote_id", 1]]
  ↳ app/views/pages/home.html.erb:25
  [1m[36mCategory Load (0.2ms)[0m  [1m[34mSELECT "categories".* FROM "categories" WHERE "categories"."id" IN (?, ?, ?, ?, ?, ?, ?, ?, ?)[0m  [["id", 1], ["id", 9], ["id", 5], ["id", 3], ["id", 6], ["id", 4], ["id", 2], ["id", 10], ["id", 8]]
  ↳ app/views/pages/home.html.erb:25
  Rendered pages/home.html.erb within layouts/application (Duration: 617.2ms | GC: 0.0ms)
  Rendered layout layouts/application.html.erb (Duration: 1197.2ms | GC: 0.0ms)
Completed 200 OK in 1921ms (Views: 1331.4ms | ActiveRecord: 7.4ms (7 queries, 0 cached) | GC: 0.0ms)


Started GET "/quotes/10" for 127.0.0.1 at 2026-05-24 10:16:31 +0530
Processing by QuotesController#show as HTML
  Parameters: {"id" => "10"}
  [1m[36mQuote Load (0.4ms)[0m  [1m[34mSELECT "quotes".* FROM "quotes" WHERE "quotes"."id" = ? LIMIT ?[0m  [["id", 10], ["LIMIT", 1]]
  ↳ app/controllers/quotes_controller.rb:95:in 'QuotesController#set_quote'
  Rendering layout layouts/application.html.erb
  Rendering quotes/show.html.erb within layouts/application
  [1m[36mSource Load (0.3ms)[0m  [1m[34mSELECT "sources".* FROM "sources" WHERE "sources"."id" = ? LIMIT ?[0m  [["id", 9], ["LIMIT", 1]]
  ↳ app/views/quotes/show.html.erb:14
  [1m[36mUser Load (0.3ms)[0m  [1m[34mSELECT "users".* FROM "users" WHERE "users"."id" = ? LIMIT ?[0m  [["id", 1], ["LIMIT", 1]]
  ↳ app/views/quotes/show.html.erb:48
  [1m[36mCategory Load (0.3ms)[0m  [1m[34mSELECT "categories".* FROM "categories" INNER JOIN "quote_categories" ON "categories"."id" = "quote_categories"."category_id" WHERE "quote_categories"."quote_id" = ?[0m  [["quote_id", 10]]
  ↳ app/views/quotes/show.html.erb:72
  Rendered quotes/show.html.erb within layouts/application (Duration: 170.3ms | GC: 0.0ms)
  Rendered layout layouts/application.html.erb (Duration: 190.0ms | GC: 0.0ms)
Completed 200 OK in 235ms (Views: 208.4ms | ActiveRecord: 1.3ms (4 queries, 0 cached) | GC: 0.0ms)


Started GET "/" for 127.0.0.1 at 2026-05-24 10:18:50 +0530
Processing by PagesController#home as HTML
  Rendering layout layouts/application.html.erb
  Rendering pages/home.html.erb within layouts/application
  [1m[36mCategory Load (0.5ms)[0m  [1m[34mSELECT "categories".* FROM "categories" ORDER BY "categories"."catname" ASC[0m
  ↳ app/views/pages/home.html.erb:16
  [1m[36mQuote Exists? (0.2ms)[0m  [1m[34mSELECT 1 AS one FROM "quotes" WHERE "quotes"."ispublic" = ? LIMIT ?[0m  [["ispublic", 1], ["LIMIT", 1]]
  ↳ app/views/pages/home.html.erb:24
  [1m[36mQuote Load (0.7ms)[0m  [1m[34mSELECT "quotes".* FROM "quotes" WHERE "quotes"."ispublic" = ? ORDER BY "quotes"."created_at" DESC LIMIT ?[0m  [["ispublic", 1], ["LIMIT", 10]]
  ↳ app/views/pages/home.html.erb:25
  [1m[36mUser Load (0.5ms)[0m  [1m[34mSELECT "users".* FROM "users" WHERE "users"."id" IN (?, ?)[0m  [["id", 1], ["id", 2]]
  ↳ app/views/pages/home.html.erb:25
  [1m[36mSource Load (0.4ms)[0m  [1m[34mSELECT "sources".* FROM "sources" WHERE "sources"."id" IN (?, ?, ?, ?, ?, ?, ?, ?, ?)[0m  [["id", 9], ["id", 8], ["id", 7], ["id", 6], ["id", 5], ["id", 4], ["id", 3], ["id", 2], ["id", 1]]
  ↳ app/views/pages/home.html.erb:25
  [1m[36mQuoteCategory Load (1.1ms)[0m  [1m[34mSELECT "quote_categories".* FROM "quote_categories" WHERE "quote_categories"."quote_id" IN (?, ?, ?, ?, ?, ?, ?, ?, ?, ?)[0m  [["quote_id", 10], ["quote_id", 9], ["quote_id", 8], ["quote_id", 7], ["quote_id", 6], ["quote_id", 5], ["quote_id", 4], ["quote_id", 3], ["quote_id", 2], ["quote_id", 1]]
  ↳ app/views/pages/home.html.erb:25
  [1m[36mCategory Load (0.4ms)[0m  [1m[34mSELECT "categories".* FROM "categories" WHERE "categories"."id" IN (?, ?, ?, ?, ?, ?, ?, ?, ?)[0m  [["id", 1], ["id", 9], ["id", 5], ["id", 3], ["id", 6], ["id", 4], ["id", 2], ["id", 10], ["id", 8]]
  ↳ app/views/pages/home.html.erb:25
  Rendered pages/home.html.erb within layouts/application (Duration: 168.9ms | GC: 0.3ms)
  Rendered layout layouts/application.html.erb (Duration: 191.8ms | GC: 0.3ms)
Completed 200 OK in 370ms (Views: 199.4ms | ActiveRecord: 13.5ms (7 queries, 0 cached) | GC: 0.3ms)


Started GET "/" for 127.0.0.1 at 2026-05-24 10:21:03 +0530
Processing by PagesController#home as HTML
  Rendering layout layouts/application.html.erb
  Rendering pages/home.html.erb within layouts/application
  [1m[36mCategory Load (0.2ms)[0m  [1m[34mSELECT "categories".* FROM "categories" ORDER BY "categories"."catname" ASC[0m
  ↳ app/views/pages/home.html.erb:16
  [1m[36mQuote Exists? (0.1ms)[0m  [1m[34mSELECT 1 AS one FROM "quotes" WHERE "quotes"."ispublic" = ? LIMIT ?[0m  [["ispublic", 1], ["LIMIT", 1]]
  ↳ app/views/pages/home.html.erb:24
  [1m[36mQuote Load (0.2ms)[0m  [1m[34mSELECT "quotes".* FROM "quotes" WHERE "quotes"."ispublic" = ? ORDER BY "quotes"."created_at" DESC LIMIT ?[0m  [["ispublic", 1], ["LIMIT", 10]]
  ↳ app/views/pages/home.html.erb:25
  [1m[36mUser Load (0.1ms)[0m  [1m[34mSELECT "users".* FROM "users" WHERE "users"."id" IN (?, ?)[0m  [["id", 1], ["id", 2]]
  ↳ app/views/pages/home.html.erb:25
  [1m[36mSource Load (0.5ms)[0m  [1m[34mSELECT "sources".* FROM "sources" WHERE "sources"."id" IN (?, ?, ?, ?, ?, ?, ?, ?, ?)[0m  [["id", 9], ["id", 8], ["id", 7], ["id", 6], ["id", 5], ["id", 4], ["id", 3], ["id", 2], ["id", 1]]
  ↳ app/views/pages/home.html.erb:25
  [1m[36mQuoteCategory Load (0.1ms)[0m  [1m[34mSELECT "quote_categories".* FROM "quote_categories" WHERE "quote_categories"."quote_id" IN (?, ?, ?, ?, ?, ?, ?, ?, ?, ?)[0m  [["quote_id", 10], ["quote_id", 9], ["quote_id", 8], ["quote_id", 7], ["quote_id", 6], ["quote_id", 5], ["quote_id", 4], ["quote_id", 3], ["quote_id", 2], ["quote_id", 1]]
  ↳ app/views/pages/home.html.erb:25
  [1m[36mCategory Load (0.2ms)[0m  [1m[34mSELECT "categories".* FROM "categories" WHERE "categories"."id" IN (?, ?, ?, ?, ?, ?, ?, ?, ?)[0m  [["id", 1], ["id", 9], ["id", 5], ["id", 3], ["id", 6], ["id", 4], ["id", 2], ["id", 10], ["id", 8]]
  ↳ app/views/pages/home.html.erb:25
  Rendered pages/home.html.erb within layouts/application (Duration: 47.4ms | GC: 0.0ms)
  Rendered layout layouts/application.html.erb (Duration: 52.4ms | GC: 0.0ms)
Completed 200 OK in 72ms (Views: 54.8ms | ActiveRecord: 4.6ms (7 queries, 0 cached) | GC: 0.0ms)


Started GET "/" for 127.0.0.1 at 2026-05-24 10:22:57 +0530
Processing by PagesController#home as HTML
  Rendering layout layouts/application.html.erb
  Rendering pages/home.html.erb within layouts/application
  [1m[36mCategory Load (0.2ms)[0m  [1m[34mSELECT "categories".* FROM "categories" ORDER BY "categories"."catname" ASC[0m
  ↳ app/views/pages/home.html.erb:16
  [1m[36mQuote Exists? (0.1ms)[0m  [1m[34mSELECT 1 AS one FROM "quotes" WHERE "quotes"."ispublic" = ? LIMIT ?[0m  [["ispublic", 1], ["LIMIT", 1]]
  ↳ app/views/pages/home.html.erb:24
  [1m[36mQuote Load (0.2ms)[0m  [1m[34mSELECT "quotes".* FROM "quotes" WHERE "quotes"."ispublic" = ? ORDER BY "quotes"."created_at" DESC LIMIT ?[0m  [["ispublic", 1], ["LIMIT", 10]]
  ↳ app/views/pages/home.html.erb:25
  [1m[36mUser Load (0.1ms)[0m  [1m[34mSELECT "users".* FROM "users" WHERE "users"."id" IN (?, ?)[0m  [["id", 1], ["id", 2]]
  ↳ app/views/pages/home.html.erb:25
  [1m[36mSource Load (0.5ms)[0m  [1m[34mSELECT "sources".* FROM "sources" WHERE "sources"."id" IN (?, ?, ?, ?, ?, ?, ?, ?, ?)[0m  [["id", 9], ["id", 8], ["id", 7], ["id", 6], ["id", 5], ["id", 4], ["id", 3], ["id", 2], ["id", 1]]
  ↳ app/views/pages/home.html.erb:25
  [1m[36mQuoteCategory Load (0.1ms)[0m  [1m[34mSELECT "quote_categories".* FROM "quote_categories" WHERE "quote_categories"."quote_id" IN (?, ?, ?, ?, ?, ?, ?, ?, ?, ?)[0m  [["quote_id", 10], ["quote_id", 9], ["quote_id", 8], ["quote_id", 7], ["quote_id", 6], ["quote_id", 5], ["quote_id", 4], ["quote_id", 3], ["quote_id", 2], ["quote_id", 1]]
  ↳ app/views/pages/home.html.erb:25
  [1m[36mCategory Load (0.1ms)[0m  [1m[34mSELECT "categories".* FROM "categories" WHERE "categories"."id" IN (?, ?, ?, ?, ?, ?, ?, ?, ?)[0m  [["id", 1], ["id", 9], ["id", 5], ["id", 3], ["id", 6], ["id", 4], ["id", 2], ["id", 10], ["id", 8]]
  ↳ app/views/pages/home.html.erb:25
  Rendered pages/home.html.erb within layouts/application (Duration: 48.4ms | GC: 0.0ms)
  Rendered layout layouts/application.html.erb (Duration: 53.2ms | GC: 0.0ms)
Completed 200 OK in 71ms (Views: 55.5ms | ActiveRecord: 4.6ms (7 queries, 0 cached) | GC: 0.0ms)


Started GET "/" for 127.0.0.1 at 2026-05-24 10:22:59 +0530
Processing by PagesController#home as HTML
  Rendering layout layouts/application.html.erb
  Rendering pages/home.html.erb within layouts/application
  [1m[36mCategory Load (0.1ms)[0m  [1m[34mSELECT "categories".* FROM "categories" ORDER BY "categories"."catname" ASC[0m
  ↳ app/views/pages/home.html.erb:16
  [1m[36mQuote Exists? (0.2ms)[0m  [1m[34mSELECT 1 AS one FROM "quotes" WHERE "quotes"."ispublic" = ? LIMIT ?[0m  [["ispublic", 1], ["LIMIT", 1]]
  ↳ app/views/pages/home.html.erb:24
  [1m[36mQuote Load (0.2ms)[0m  [1m[34mSELECT "quotes".* FROM "quotes" WHERE "quotes"."ispublic" = ? ORDER BY "quotes"."created_at" DESC LIMIT ?[0m  [["ispublic", 1], ["LIMIT", 10]]
  ↳ app/views/pages/home.html.erb:25
  [1m[36mUser Load (0.3ms)[0m  [1m[34mSELECT "users".* FROM "users" WHERE "users"."id" IN (?, ?)[0m  [["id", 1], ["id", 2]]
  ↳ app/views/pages/home.html.erb:25
  [1m[36mSource Load (0.2ms)[0m  [1m[34mSELECT "sources".* FROM "sources" WHERE "sources"."id" IN (?, ?, ?, ?, ?, ?, ?, ?, ?)[0m  [["id", 9], ["id", 8], ["id", 7], ["id", 6], ["id", 5], ["id", 4], ["id", 3], ["id", 2], ["id", 1]]
  ↳ app/views/pages/home.html.erb:25
  [1m[36mQuoteCategory Load (0.2ms)[0m  [1m[34mSELECT "quote_categories".* FROM "quote_categories" WHERE "quote_categories"."quote_id" IN (?, ?, ?, ?, ?, ?, ?, ?, ?, ?)[0m  [["quote_id", 10], ["quote_id", 9], ["quote_id", 8], ["quote_id", 7], ["quote_id", 6], ["quote_id", 5], ["quote_id", 4], ["quote_id", 3], ["quote_id", 2], ["quote_id", 1]]
  ↳ app/views/pages/home.html.erb:25
  [1m[36mCategory Load (0.2ms)[0m  [1m[34mSELECT "categories".* FROM "categories" WHERE "categories"."id" IN (?, ?, ?, ?, ?, ?, ?, ?, ?)[0m  [["id", 1], ["id", 9], ["id", 5], ["id", 3], ["id", 6], ["id", 4], ["id", 2], ["id", 10], ["id", 8]]
  ↳ app/views/pages/home.html.erb:25
  Rendered pages/home.html.erb within layouts/application (Duration: 29.9ms | GC: 0.0ms)
  Rendered layout layouts/application.html.erb (Duration: 34.8ms | GC: 0.0ms)
Completed 200 OK in 38ms (Views: 34.0ms | ActiveRecord: 1.3ms (7 queries, 0 cached) | GC: 0.0ms)


Started GET "/" for 127.0.0.1 at 2026-05-24 10:24:14 +0530
Processing by PagesController#home as HTML
  Rendering layout layouts/application.html.erb
  Rendering pages/home.html.erb within layouts/application
  [1m[36mCategory Load (0.2ms)[0m  [1m[34mSELECT "categories".* FROM "categories" ORDER BY "categories"."catname" ASC[0m
  ↳ app/views/pages/home.html.erb:16
  [1m[36mQuote Exists? (0.2ms)[0m  [1m[34mSELECT 1 AS one FROM "quotes" WHERE "quotes"."ispublic" = ? LIMIT ?[0m  [["ispublic", 1], ["LIMIT", 1]]
  ↳ app/views/pages/home.html.erb:24
  [1m[36mQuote Load (0.3ms)[0m  [1m[34mSELECT "quotes".* FROM "quotes" WHERE "quotes"."ispublic" = ? ORDER BY "quotes"."created_at" DESC LIMIT ?[0m  [["ispublic", 1], ["LIMIT", 10]]
  ↳ app/views/pages/home.html.erb:25
  [1m[36mUser Load (0.2ms)[0m  [1m[34mSELECT "users".* FROM "users" WHERE "users"."id" IN (?, ?)[0m  [["id", 1], ["id", 2]]
  ↳ app/views/pages/home.html.erb:25
  [1m[36mSource Load (0.2ms)[0m  [1m[34mSELECT "sources".* FROM "sources" WHERE "sources"."id" IN (?, ?, ?, ?, ?, ?, ?, ?, ?)[0m  [["id", 9], ["id", 8], ["id", 7], ["id", 6], ["id", 5], ["id", 4], ["id", 3], ["id", 2], ["id", 1]]
  ↳ app/views/pages/home.html.erb:25
  [1m[36mQuoteCategory Load (0.3ms)[0m  [1m[34mSELECT "quote_categories".* FROM "quote_categories" WHERE "quote_categories"."quote_id" IN (?, ?, ?, ?, ?, ?, ?, ?, ?, ?)[0m  [["quote_id", 10], ["quote_id", 9], ["quote_id", 8], ["quote_id", 7], ["quote_id", 6], ["quote_id", 5], ["quote_id", 4], ["quote_id", 3], ["quote_id", 2], ["quote_id", 1]]
  ↳ app/views/pages/home.html.erb:25
  [1m[36mCategory Load (0.3ms)[0m  [1m[34mSELECT "categories".* FROM "categories" WHERE "categories"."id" IN (?, ?, ?, ?, ?, ?, ?, ?, ?)[0m  [["id", 1], ["id", 9], ["id", 5], ["id", 3], ["id", 6], ["id", 4], ["id", 2], ["id", 10], ["id", 8]]
  ↳ app/views/pages/home.html.erb:25
  Rendered pages/home.html.erb within layouts/application (Duration: 69.7ms | GC: 0.2ms)
  Rendered layout layouts/application.html.erb (Duration: 223.8ms | GC: 0.2ms)
Completed 200 OK in 254ms (Views: 224.2ms | ActiveRecord: 7.8ms (7 queries, 0 cached) | GC: 0.2ms)


Started GET "/assets/application-52dc97c084ff9a81a70e2fb5656b4cafb7184e63714bf8edcf67ab6a3282ff3a.css" for 127.0.0.1 at 2026-05-24 10:24:15 +0530
Started GET "/" for 127.0.0.1 at 2026-05-24 10:24:24 +0530
Processing by PagesController#home as HTML
  Rendering layout layouts/application.html.erb
  Rendering pages/home.html.erb within layouts/application
  [1m[36mCategory Load (0.1ms)[0m  [1m[34mSELECT "categories".* FROM "categories" ORDER BY "categories"."catname" ASC[0m
  ↳ app/views/pages/home.html.erb:16
  [1m[36mQuote Exists? (0.2ms)[0m  [1m[34mSELECT 1 AS one FROM "quotes" WHERE "quotes"."ispublic" = ? LIMIT ?[0m  [["ispublic", 1], ["LIMIT", 1]]
  ↳ app/views/pages/home.html.erb:24
  [1m[36mQuote Load (0.2ms)[0m  [1m[34mSELECT "quotes".* FROM "quotes" WHERE "quotes"."ispublic" = ? ORDER BY "quotes"."created_at" DESC LIMIT ?[0m  [["ispublic", 1], ["LIMIT", 10]]
  ↳ app/views/pages/home.html.erb:25
  [1m[36mUser Load (0.2ms)[0m  [1m[34mSELECT "users".* FROM "users" WHERE "users"."id" IN (?, ?)[0m  [["id", 1], ["id", 2]]
  ↳ app/views/pages/home.html.erb:25
  [1m[36mSource Load (0.2ms)[0m  [1m[34mSELECT "sources".* FROM "sources" WHERE "sources"."id" IN (?, ?, ?, ?, ?, ?, ?, ?, ?)[0m  [["id", 9], ["id", 8], ["id", 7], ["id", 6], ["id", 5], ["id", 4], ["id", 3], ["id", 2], ["id", 1]]
  ↳ app/views/pages/home.html.erb:25
  [1m[36mQuoteCategory Load (0.1ms)[0m  [1m[34mSELECT "quote_categories".* FROM "quote_categories" WHERE "quote_categories"."quote_id" IN (?, ?, ?, ?, ?, ?, ?, ?, ?, ?)[0m  [["quote_id", 10], ["quote_id", 9], ["quote_id", 8], ["quote_id", 7], ["quote_id", 6], ["quote_id", 5], ["quote_id", 4], ["quote_id", 3], ["quote_id", 2], ["quote_id", 1]]
  ↳ app/views/pages/home.html.erb:25
  [1m[36mCategory Load (0.2ms)[0m  [1m[34mSELECT "categories".* FROM "categories" WHERE "categories"."id" IN (?, ?, ?, ?, ?, ?, ?, ?, ?)[0m  [["id", 1], ["id", 9], ["id", 5], ["id", 3], ["id", 6], ["id", 4], ["id", 2], ["id", 10], ["id", 8]]
  ↳ app/views/pages/home.html.erb:25
  Rendered pages/home.html.erb within layouts/application (Duration: 24.4ms | GC: 0.0ms)
  Rendered layout layouts/application.html.erb (Duration: 30.5ms | GC: 0.0ms)
Completed 200 OK in 33ms (Views: 30.0ms | ActiveRecord: 1.0ms (7 queries, 0 cached) | GC: 0.0ms)


Started GET "/" for 127.0.0.1 at 2026-05-24 10:27:53 +0530
Processing by PagesController#home as HTML
  Rendering layout layouts/application.html.erb
  Rendering pages/home.html.erb within layouts/application
  [1m[36mCategory Load (0.4ms)[0m  [1m[34mSELECT "categories".* FROM "categories" ORDER BY "categories"."catname" ASC[0m
  ↳ app/views/pages/home.html.erb:16
  [1m[36mQuote Exists? (0.2ms)[0m  [1m[34mSELECT 1 AS one FROM "quotes" WHERE "quotes"."ispublic" = ? LIMIT ?[0m  [["ispublic", 1], ["LIMIT", 1]]
  ↳ app/views/pages/home.html.erb:24
  [1m[36mQuote Load (0.6ms)[0m  [1m[34mSELECT "quotes".* FROM "quotes" WHERE "quotes"."ispublic" = ? ORDER BY "quotes"."created_at" DESC LIMIT ?[0m  [["ispublic", 1], ["LIMIT", 10]]
  ↳ app/views/pages/home.html.erb:25
  [1m[36mUser Load (0.3ms)[0m  [1m[34mSELECT "users".* FROM "users" WHERE "users"."id" IN (?, ?)[0m  [["id", 1], ["id", 2]]
  ↳ app/views/pages/home.html.erb:25
  [1m[36mSource Load (0.4ms)[0m  [1m[34mSELECT "sources".* FROM "sources" WHERE "sources"."id" IN (?, ?, ?, ?, ?, ?, ?, ?, ?)[0m  [["id", 9], ["id", 8], ["id", 7], ["id", 6], ["id", 5], ["id", 4], ["id", 3], ["id", 2], ["id", 1]]
  ↳ app/views/pages/home.html.erb:25
  [1m[36mQuoteCategory Load (0.5ms)[0m  [1m[34mSELECT "quote_categories".* FROM "quote_categories" WHERE "quote_categories"."quote_id" IN (?, ?, ?, ?, ?, ?, ?, ?, ?, ?)[0m  [["quote_id", 10], ["quote_id", 9], ["quote_id", 8], ["quote_id", 7], ["quote_id", 6], ["quote_id", 5], ["quote_id", 4], ["quote_id", 3], ["quote_id", 2], ["quote_id", 1]]
  ↳ app/views/pages/home.html.erb:25
  [1m[36mCategory Load (0.3ms)[0m  [1m[34mSELECT "categories".* FROM "categories" WHERE "categories"."id" IN (?, ?, ?, ?, ?, ?, ?, ?, ?)[0m  [["id", 1], ["id", 9], ["id", 5], ["id", 3], ["id", 6], ["id", 4], ["id", 2], ["id", 10], ["id", 8]]
  ↳ app/views/pages/home.html.erb:25
  Rendered pages/home.html.erb within layouts/application (Duration: 171.1ms | GC: 0.0ms)
  Rendered layout layouts/application.html.erb (Duration: 187.9ms | GC: 0.0ms)
Completed 200 OK in 397ms (Views: 195.1ms | ActiveRecord: 18.1ms (7 queries, 0 cached) | GC: 0.0ms)


Started GET "/" for 127.0.0.1 at 2026-05-24 10:28:55 +0530
Processing by PagesController#home as HTML
  Rendering layout layouts/application.html.erb
  Rendering pages/home.html.erb within layouts/application
  [1m[36mCategory Load (0.3ms)[0m  [1m[34mSELECT "categories".* FROM "categories" ORDER BY "categories"."catname" ASC[0m
  ↳ app/views/pages/home.html.erb:16
  [1m[36mQuote Exists? (0.3ms)[0m  [1m[34mSELECT 1 AS one FROM "quotes" WHERE "quotes"."ispublic" = ? LIMIT ?[0m  [["ispublic", 1], ["LIMIT", 1]]
  ↳ app/views/pages/home.html.erb:24
  [1m[36mQuote Load (0.4ms)[0m  [1m[34mSELECT "quotes".* FROM "quotes" WHERE "quotes"."ispublic" = ? ORDER BY "quotes"."created_at" DESC LIMIT ?[0m  [["ispublic", 1], ["LIMIT", 10]]
  ↳ app/views/pages/home.html.erb:25
  [1m[36mUser Load (0.4ms)[0m  [1m[34mSELECT "users".* FROM "users" WHERE "users"."id" IN (?, ?)[0m  [["id", 1], ["id", 2]]
  ↳ app/views/pages/home.html.erb:25
  [1m[36mSource Load (0.3ms)[0m  [1m[34mSELECT "sources".* FROM "sources" WHERE "sources"."id" IN (?, ?, ?, ?, ?, ?, ?, ?, ?)[0m  [["id", 9], ["id", 8], ["id", 7], ["id", 6], ["id", 5], ["id", 4], ["id", 3], ["id", 2], ["id", 1]]
  ↳ app/views/pages/home.html.erb:25
  [1m[36mQuoteCategory Load (0.3ms)[0m  [1m[34mSELECT "quote_categories".* FROM "quote_categories" WHERE "quote_categories"."quote_id" IN (?, ?, ?, ?, ?, ?, ?, ?, ?, ?)[0m  [["quote_id", 10], ["quote_id", 9], ["quote_id", 8], ["quote_id", 7], ["quote_id", 6], ["quote_id", 5], ["quote_id", 4], ["quote_id", 3], ["quote_id", 2], ["quote_id", 1]]
  ↳ app/views/pages/home.html.erb:25
  [1m[36mCategory Load (0.5ms)[0m  [1m[34mSELECT "categories".* FROM "categories" WHERE "categories"."id" IN (?, ?, ?, ?, ?, ?, ?, ?, ?)[0m  [["id", 1], ["id", 9], ["id", 5], ["id", 3], ["id", 6], ["id", 4], ["id", 2], ["id", 10], ["id", 8]]
  ↳ app/views/pages/home.html.erb:25
  Rendered pages/home.html.erb within layouts/application (Duration: 127.4ms | GC: 0.0ms)
  Rendered layout layouts/application.html.erb (Duration: 144.6ms | GC: 0.0ms)
Completed 200 OK in 200ms (Views: 146.2ms | ActiveRecord: 19.4ms (7 queries, 0 cached) | GC: 0.0ms)


Started GET "/search" for 127.0.0.1 at 2026-05-24 10:29:04 +0530
Processing by PagesController#search as HTML
  [1m[36mCategory Load (0.7ms)[0m  [1m[34mSELECT "categories".* FROM "categories" WHERE "categories"."id" IS NULL LIMIT ?[0m  [["LIMIT", 1]]
  ↳ app/controllers/pages_controller.rb:13:in 'PagesController#search'
  Rendering layout layouts/application.html.erb
  Rendering pages/search.html.erb within layouts/application
  [1m[36mCategory Load (0.2ms)[0m  [1m[34mSELECT "categories".* FROM "categories" ORDER BY "categories"."catname" ASC[0m
  ↳ app/views/pages/search.html.erb:8
  Rendered pages/search.html.erb within layouts/application (Duration: 9.5ms | GC: 0.0ms)
  Rendered layout layouts/application.html.erb (Duration: 25.2ms | GC: 0.0ms)
Completed 200 OK in 48ms (Views: 26.3ms | ActiveRecord: 0.9ms (2 queries, 0 cached) | GC: 0.0ms)


Started GET "/search?category_id=5&commit=Search" for 127.0.0.1 at 2026-05-24 10:29:08 +0530
Processing by PagesController#search as HTML
  Parameters: {"category_id" => "5", "commit" => "Search"}
  [1m[36mCategory Load (0.3ms)[0m  [1m[34mSELECT "categories".* FROM "categories" WHERE "categories"."id" = ? LIMIT ?[0m  [["id", 5], ["LIMIT", 1]]
  ↳ app/controllers/pages_controller.rb:13:in 'PagesController#search'
  Rendering layout layouts/application.html.erb
  Rendering pages/search.html.erb within layouts/application
  [1m[36mCategory Load (0.2ms)[0m  [1m[34mSELECT "categories".* FROM "categories" ORDER BY "categories"."catname" ASC[0m
  ↳ app/views/pages/search.html.erb:8
  [1m[36mQuote Exists? (0.9ms)[0m  [1m[34mSELECT 1 AS one FROM "quotes" INNER JOIN "quote_categories" ON "quotes"."id" = "quote_categories"."quote_id" WHERE "quote_categories"."category_id" = ? AND "quotes"."ispublic" = ? LIMIT ?[0m  [["category_id", 5], ["ispublic", 1], ["LIMIT", 1]]
  ↳ app/views/pages/search.html.erb:17
  [1m[36mQuote Load (0.3ms)[0m  [1m[34mSELECT "quotes".* FROM "quotes" INNER JOIN "quote_categories" ON "quotes"."id" = "quote_categories"."quote_id" WHERE "quote_categories"."category_id" = ? AND "quotes"."ispublic" = ? ORDER BY "quotes"."created_at" DESC[0m  [["category_id", 5], ["ispublic", 1]]
  ↳ app/views/pages/search.html.erb:18
  [1m[36mUser Load (0.4ms)[0m  [1m[34mSELECT "users".* FROM "users" WHERE "users"."id" = ?[0m  [["id", 2]]
  ↳ app/views/pages/search.html.erb:18
  [1m[36mSource Load (0.3ms)[0m  [1m[34mSELECT "sources".* FROM "sources" WHERE "sources"."id" = ?[0m  [["id", 2]]
  ↳ app/views/pages/search.html.erb:18
  [1m[36mQuoteCategory Load (0.3ms)[0m  [1m[34mSELECT "quote_categories".* FROM "quote_categories" WHERE "quote_categories"."quote_id" = ?[0m  [["quote_id", 2]]
  ↳ app/views/pages/search.html.erb:18
  [1m[36mCategory Load (0.4ms)[0m  [1m[34mSELECT "categories".* FROM "categories" WHERE "categories"."id" IN (?, ?)[0m  [["id", 1], ["id", 5]]
  ↳ app/views/pages/search.html.erb:18
  Rendered pages/search.html.erb within layouts/application (Duration: 49.7ms | GC: 0.0ms)
  Rendered layout layouts/application.html.erb (Duration: 62.3ms | GC: 0.0ms)
Completed 200 OK in 81ms (Views: 60.7ms | ActiveRecord: 2.9ms (8 queries, 0 cached) | GC: 0.0ms)


Started GET "/" for 127.0.0.1 at 2026-05-24 10:29:17 +0530
Processing by PagesController#home as HTML
  Rendering layout layouts/application.html.erb
  Rendering pages/home.html.erb within layouts/application
  [1m[36mCategory Load (0.2ms)[0m  [1m[34mSELECT "categories".* FROM "categories" ORDER BY "categories"."catname" ASC[0m
  ↳ app/views/pages/home.html.erb:16
  [1m[36mQuote Exists? (0.3ms)[0m  [1m[34mSELECT 1 AS one FROM "quotes" WHERE "quotes"."ispublic" = ? LIMIT ?[0m  [["ispublic", 1], ["LIMIT", 1]]
  ↳ app/views/pages/home.html.erb:24
  [1m[36mQuote Load (0.3ms)[0m  [1m[34mSELECT "quotes".* FROM "quotes" WHERE "quotes"."ispublic" = ? ORDER BY "quotes"."created_at" DESC LIMIT ?[0m  [["ispublic", 1], ["LIMIT", 10]]
  ↳ app/views/pages/home.html.erb:25
  [1m[36mUser Load (0.3ms)[0m  [1m[34mSELECT "users".* FROM "users" WHERE "users"."id" IN (?, ?)[0m  [["id", 1], ["id", 2]]
  ↳ app/views/pages/home.html.erb:25
  [1m[36mSource Load (0.4ms)[0m  [1m[34mSELECT "sources".* FROM "sources" WHERE "sources"."id" IN (?, ?, ?, ?, ?, ?, ?, ?, ?)[0m  [["id", 9], ["id", 8], ["id", 7], ["id", 6], ["id", 5], ["id", 4], ["id", 3], ["id", 2], ["id", 1]]
  ↳ app/views/pages/home.html.erb:25
  [1m[36mQuoteCategory Load (0.4ms)[0m  [1m[34mSELECT "quote_categories".* FROM "quote_categories" WHERE "quote_categories"."quote_id" IN (?, ?, ?, ?, ?, ?, ?, ?, ?, ?)[0m  [["quote_id", 10], ["quote_id", 9], ["quote_id", 8], ["quote_id", 7], ["quote_id", 6], ["quote_id", 5], ["quote_id", 4], ["quote_id", 3], ["quote_id", 2], ["quote_id", 1]]
  ↳ app/views/pages/home.html.erb:25
  [1m[36mCategory Load (0.3ms)[0m  [1m[34mSELECT "categories".* FROM "categories" WHERE "categories"."id" IN (?, ?, ?, ?, ?, ?, ?, ?, ?)[0m  [["id", 1], ["id", 9], ["id", 5], ["id", 3], ["id", 6], ["id", 4], ["id", 2], ["id", 10], ["id", 8]]
  ↳ app/views/pages/home.html.erb:25
  Rendered pages/home.html.erb within layouts/application (Duration: 54.8ms | GC: 0.0ms)
  Rendered layout layouts/application.html.erb (Duration: 68.0ms | GC: 0.0ms)
Completed 200 OK in 78ms (Views: 68.2ms | ActiveRecord: 2.2ms (7 queries, 0 cached) | GC: 0.0ms)


Started GET "/" for 127.0.0.1 at 2026-05-24 10:31:09 +0530
Processing by PagesController#home as HTML
  Rendering layout layouts/application.html.erb
  Rendering pages/home.html.erb within layouts/application
  [1m[36mCategory Load (0.4ms)[0m  [1m[34mSELECT "categories".* FROM "categories" ORDER BY "categories"."catname" ASC[0m
  ↳ app/views/pages/home.html.erb:16
  [1m[36mQuote Exists? (0.3ms)[0m  [1m[34mSELECT 1 AS one FROM "quotes" WHERE "quotes"."ispublic" = ? LIMIT ?[0m  [["ispublic", 1], ["LIMIT", 1]]
  ↳ app/views/pages/home.html.erb:24
  [1m[36mQuote Load (0.6ms)[0m  [1m[34mSELECT "quotes".* FROM "quotes" WHERE "quotes"."ispublic" = ? ORDER BY "quotes"."created_at" DESC LIMIT ?[0m  [["ispublic", 1], ["LIMIT", 10]]
  ↳ app/views/pages/home.html.erb:25
  [1m[36mUser Load (0.3ms)[0m  [1m[34mSELECT "users".* FROM "users" WHERE "users"."id" IN (?, ?)[0m  [["id", 1], ["id", 2]]
  ↳ app/views/pages/home.html.erb:25
  [1m[36mSource Load (0.4ms)[0m  [1m[34mSELECT "sources".* FROM "sources" WHERE "sources"."id" IN (?, ?, ?, ?, ?, ?, ?, ?, ?)[0m  [["id", 9], ["id", 8], ["id", 7], ["id", 6], ["id", 5], ["id", 4], ["id", 3], ["id", 2], ["id", 1]]
  ↳ app/views/pages/home.html.erb:25
  [1m[36mQuoteCategory Load (0.8ms)[0m  [1m[34mSELECT "quote_categories".* FROM "quote_categories" WHERE "quote_categories"."quote_id" IN (?, ?, ?, ?, ?, ?, ?, ?, ?, ?)[0m  [["quote_id", 10], ["quote_id", 9], ["quote_id", 8], ["quote_id", 7], ["quote_id", 6], ["quote_id", 5], ["quote_id", 4], ["quote_id", 3], ["quote_id", 2], ["quote_id", 1]]
  ↳ app/views/pages/home.html.erb:25
  [1m[36mCategory Load (0.7ms)[0m  [1m[34mSELECT "categories".* FROM "categories" WHERE "categories"."id" IN (?, ?, ?, ?, ?, ?, ?, ?, ?)[0m  [["id", 1], ["id", 9], ["id", 5], ["id", 3], ["id", 6], ["id", 4], ["id", 2], ["id", 10], ["id", 8]]
  ↳ app/views/pages/home.html.erb:25
  Rendered pages/home.html.erb within layouts/application (Duration: 160.0ms | GC: 0.0ms)
  Rendered layout layouts/application.html.erb (Duration: 182.3ms | GC: 0.0ms)
Completed 200 OK in 376ms (Views: 191.0ms | ActiveRecord: 14.4ms (7 queries, 0 cached) | GC: 0.0ms)


Started GET "/" for 127.0.0.1 at 2026-05-24 10:31:36 +0530
Processing by PagesController#home as HTML
  Rendering layout layouts/application.html.erb
  Rendering pages/home.html.erb within layouts/application
  [1m[36mCategory Load (0.2ms)[0m  [1m[34mSELECT "categories".* FROM "categories" ORDER BY "categories"."catname" ASC[0m
  ↳ app/views/pages/home.html.erb:16
  [1m[36mQuote Exists? (0.1ms)[0m  [1m[34mSELECT 1 AS one FROM "quotes" WHERE "quotes"."ispublic" = ? LIMIT ?[0m  [["ispublic", 1], ["LIMIT", 1]]
  ↳ app/views/pages/home.html.erb:24
  [1m[36mQuote Load (0.6ms)[0m  [1m[34mSELECT "quotes".* FROM "quotes" WHERE "quotes"."ispublic" = ? ORDER BY "quotes"."created_at" DESC LIMIT ?[0m  [["ispublic", 1], ["LIMIT", 10]]
  ↳ app/views/pages/home.html.erb:25
  [1m[36mUser Load (0.2ms)[0m  [1m[34mSELECT "users".* FROM "users" WHERE "users"."id" IN (?, ?)[0m  [["id", 1], ["id", 2]]
  ↳ app/views/pages/home.html.erb:25
  [1m[36mSource Load (0.1ms)[0m  [1m[34mSELECT "sources".* FROM "sources" WHERE "sources"."id" IN (?, ?, ?, ?, ?, ?, ?, ?, ?)[0m  [["id", 9], ["id", 8], ["id", 7], ["id", 6], ["id", 5], ["id", 4], ["id", 3], ["id", 2], ["id", 1]]
  ↳ app/views/pages/home.html.erb:25
  [1m[36mQuoteCategory Load (0.2ms)[0m  [1m[34mSELECT "quote_categories".* FROM "quote_categories" WHERE "quote_categories"."quote_id" IN (?, ?, ?, ?, ?, ?, ?, ?, ?, ?)[0m  [["quote_id", 10], ["quote_id", 9], ["quote_id", 8], ["quote_id", 7], ["quote_id", 6], ["quote_id", 5], ["quote_id", 4], ["quote_id", 3], ["quote_id", 2], ["quote_id", 1]]
  ↳ app/views/pages/home.html.erb:25
  [1m[36mCategory Load (0.3ms)[0m  [1m[34mSELECT "categories".* FROM "categories" WHERE "categories"."id" IN (?, ?, ?, ?, ?, ?, ?, ?, ?)[0m  [["id", 1], ["id", 9], ["id", 5], ["id", 3], ["id", 6], ["id", 4], ["id", 2], ["id", 10], ["id", 8]]
  ↳ app/views/pages/home.html.erb:25
  Rendered pages/home.html.erb within layouts/application (Duration: 71.4ms | GC: 0.0ms)
  Rendered layout layouts/application.html.erb (Duration: 81.2ms | GC: 0.0ms)
Completed 200 OK in 196ms (Views: 82.6ms | ActiveRecord: 6.2ms (7 queries, 0 cached) | GC: 0.0ms)


Started GET "/" for 127.0.0.1 at 2026-05-24 10:31:45 +0530
Processing by PagesController#home as HTML
  Rendering layout layouts/application.html.erb
  Rendering pages/home.html.erb within layouts/application
  [1m[36mCategory Load (0.2ms)[0m  [1m[34mSELECT "categories".* FROM "categories" ORDER BY "categories"."catname" ASC[0m
  ↳ app/views/pages/home.html.erb:16
  [1m[36mQuote Exists? (0.1ms)[0m  [1m[34mSELECT 1 AS one FROM "quotes" WHERE "quotes"."ispublic" = ? LIMIT ?[0m  [["ispublic", 1], ["LIMIT", 1]]
  ↳ app/views/pages/home.html.erb:24
  [1m[36mQuote Load (0.3ms)[0m  [1m[34mSELECT "quotes".* FROM "quotes" WHERE "quotes"."ispublic" = ? ORDER BY "quotes"."created_at" DESC LIMIT ?[0m  [["ispublic", 1], ["LIMIT", 10]]
  ↳ app/views/pages/home.html.erb:25
  [1m[36mUser Load (0.1ms)[0m  [1m[34mSELECT "users".* FROM "users" WHERE "users"."id" IN (?, ?)[0m  [["id", 1], ["id", 2]]
  ↳ app/views/pages/home.html.erb:25
  [1m[36mSource Load (0.3ms)[0m  [1m[34mSELECT "sources".* FROM "sources" WHERE "sources"."id" IN (?, ?, ?, ?, ?, ?, ?, ?, ?)[0m  [["id", 9], ["id", 8], ["id", 7], ["id", 6], ["id", 5], ["id", 4], ["id", 3], ["id", 2], ["id", 1]]
  ↳ app/views/pages/home.html.erb:25
  [1m[36mQuoteCategory Load (0.3ms)[0m  [1m[34mSELECT "quote_categories".* FROM "quote_categories" WHERE "quote_categories"."quote_id" IN (?, ?, ?, ?, ?, ?, ?, ?, ?, ?)[0m  [["quote_id", 10], ["quote_id", 9], ["quote_id", 8], ["quote_id", 7], ["quote_id", 6], ["quote_id", 5], ["quote_id", 4], ["quote_id", 3], ["quote_id", 2], ["quote_id", 1]]
  ↳ app/views/pages/home.html.erb:25
  [1m[36mCategory Load (0.2ms)[0m  [1m[34mSELECT "categories".* FROM "categories" WHERE "categories"."id" IN (?, ?, ?, ?, ?, ?, ?, ?, ?)[0m  [["id", 1], ["id", 9], ["id", 5], ["id", 3], ["id", 6], ["id", 4], ["id", 2], ["id", 10], ["id", 8]]
  ↳ app/views/pages/home.html.erb:25
  Rendered pages/home.html.erb within layouts/application (Duration: 111.7ms | GC: 0.0ms)
  Rendered layout layouts/application.html.erb (Duration: 121.9ms | GC: 0.0ms)
Completed 200 OK in 149ms (Views: 127.3ms | ActiveRecord: 9.0ms (7 queries, 0 cached) | GC: 0.0ms)


DEPRECATION WARNING: `to_time` will always preserve the full timezone rather than offset of the receiver in Rails 8.1. To opt in to the new behavior, set `config.active_support.to_time_preserves_timezone = :zone`. (called from BasicObject#instance_exec at C:/Users/ASUS/.local/share/gem/ruby/3.4.0/gems/railties-8.0.5/lib/rails/initializable.rb:32)
DEPRECATION WARNING: `to_time` will always preserve the full timezone rather than offset of the receiver in Rails 8.1. To opt in to the new behavior, set `config.active_support.to_time_preserves_timezone = :zone`. (called from block in <module:Finisher> at C:/Users/ASUS/.local/share/gem/ruby/3.4.0/gems/railties-8.0.5/lib/rails/application/finisher.rb:93)
Started GET "/" for 127.0.0.1 at 2026-05-24 12:23:41 +0530
  [1m[36mActiveRecord::SchemaMigration Load (0.2ms)[0m  [1m[34mSELECT "schema_migrations"."version" FROM "schema_migrations" ORDER BY "schema_migrations"."version" ASC[0m
Processing by PagesController#home as HTML
  Rendering layout layouts/application.html.erb
  Rendering pages/home.html.erb within layouts/application
  [1m[36mCategory Load (0.7ms)[0m  [1m[34mSELECT "categories".* FROM "categories" ORDER BY "categories"."catname" ASC[0m
  ↳ app/views/pages/home.html.erb:16
  [1m[36mQuote Exists? (0.3ms)[0m  [1m[34mSELECT 1 AS one FROM "quotes" WHERE "quotes"."ispublic" = ? LIMIT ?[0m  [["ispublic", 1], ["LIMIT", 1]]
  ↳ app/views/pages/home.html.erb:24
  [1m[36mQuote Load (0.8ms)[0m  [1m[34mSELECT "quotes".* FROM "quotes" WHERE "quotes"."ispublic" = ? ORDER BY "quotes"."created_at" DESC LIMIT ?[0m  [["ispublic", 1], ["LIMIT", 10]]
  ↳ app/views/pages/home.html.erb:25
  [1m[36mUser Load (0.5ms)[0m  [1m[34mSELECT "users".* FROM "users" WHERE "users"."id" IN (?, ?)[0m  [["id", 1], ["id", 2]]
  ↳ app/views/pages/home.html.erb:25
  [1m[36mSource Load (0.3ms)[0m  [1m[34mSELECT "sources".* FROM "sources" WHERE "sources"."id" IN (?, ?, ?, ?, ?, ?, ?, ?, ?)[0m  [["id", 9], ["id", 8], ["id", 7], ["id", 6], ["id", 5], ["id", 4], ["id", 3], ["id", 2], ["id", 1]]
  ↳ app/views/pages/home.html.erb:25
  [1m[36mQuoteCategory Load (0.2ms)[0m  [1m[34mSELECT "quote_categories".* FROM "quote_categories" WHERE "quote_categories"."quote_id" IN (?, ?, ?, ?, ?, ?, ?, ?, ?, ?)[0m  [["quote_id", 10], ["quote_id", 9], ["quote_id", 8], ["quote_id", 7], ["quote_id", 6], ["quote_id", 5], ["quote_id", 4], ["quote_id", 3], ["quote_id", 2], ["quote_id", 1]]
  ↳ app/views/pages/home.html.erb:25
  [1m[36mCategory Load (0.9ms)[0m  [1m[34mSELECT "categories".* FROM "categories" WHERE "categories"."id" IN (?, ?, ?, ?, ?, ?, ?, ?, ?)[0m  [["id", 1], ["id", 9], ["id", 5], ["id", 3], ["id", 6], ["id", 4], ["id", 2], ["id", 10], ["id", 8]]
  ↳ app/views/pages/home.html.erb:25
  Rendered pages/home.html.erb within layouts/application (Duration: 191.8ms | GC: 0.0ms)
  Rendered layout layouts/application.html.erb (Duration: 404.3ms | GC: 0.2ms)
Completed 200 OK in 516ms (Views: 418.6ms | ActiveRecord: 10.9ms (7 queries, 0 cached) | GC: 0.2ms)


Started GET "/assets/application-bf76b8ecde3354084b64105557ac60882ded384a745c11c36189bace3f4c2c13.css" for 127.0.0.1 at 2026-05-24 12:23:42 +0530
Started GET "/favicon.ico" for 127.0.0.1 at 2026-05-24 12:23:42 +0530
  
ActionController::RoutingError (No route matches [GET] "/favicon.ico"):
  
Started GET "/login" for 127.0.0.1 at 2026-05-24 12:23:44 +0530
Processing by SessionsController#new as HTML
  Rendering layout layouts/application.html.erb
  Rendering sessions/new.html.erb within layouts/application
  Rendered sessions/new.html.erb within layouts/application (Duration: 35.9ms | GC: 0.0ms)
  Rendered layout layouts/application.html.erb (Duration: 42.6ms | GC: 0.0ms)
Completed 200 OK in 86ms (Views: 51.5ms | ActiveRecord: 0.0ms (0 queries, 0 cached) | GC: 0.0ms)


Started POST "/login" for 127.0.0.1 at 2026-05-24 12:23:52 +0530
Processing by SessionsController#create as HTML
  Parameters: {"authenticity_token" => "[FILTERED]", "email" => "vinceb@myemail.com", "password" => "[FILTERED]", "commit" => "Log In"}
  [1m[36mUser Load (0.3ms)[0m  [1m[34mSELECT "users".* FROM "users" WHERE "users"."email" = ? LIMIT ?[0m  [["email", "vinceb@myemail.com"], ["LIMIT", 1]]
  ↳ app/controllers/sessions_controller.rb:12:in 'SessionsController#create'
  Rendering layout layouts/application.html.erb
  Rendering sessions/new.html.erb within layouts/application
  Rendered sessions/new.html.erb within layouts/application (Duration: 1.4ms | GC: 0.0ms)
  Rendered layout layouts/application.html.erb (Duration: 9.0ms | GC: 0.0ms)
Completed 422 Unprocessable Content in 306ms (Views: 10.0ms | ActiveRecord: 0.2ms (1 query, 0 cached) | GC: 0.0ms)


DEPRECATION WARNING: `to_time` will always preserve the full timezone rather than offset of the receiver in Rails 8.1. To opt in to the new behavior, set `config.active_support.to_time_preserves_timezone = :zone`. (called from BasicObject#instance_exec at C:/Users/ASUS/.local/share/gem/ruby/3.4.0/gems/railties-8.0.5/lib/rails/initializable.rb:32)
DEPRECATION WARNING: `to_time` will always preserve the full timezone rather than offset of the receiver in Rails 8.1. To opt in to the new behavior, set `config.active_support.to_time_preserves_timezone = :zone`. (called from block in <module:Finisher> at C:/Users/ASUS/.local/share/gem/ruby/3.4.0/gems/railties-8.0.5/lib/rails/application/finisher.rb:93)
  [1m[36mActiveRecord::SchemaMigration Load (0.4ms)[0m  [1m[34mSELECT "schema_migrations"."version" FROM "schema_migrations" ORDER BY "schema_migrations"."version" ASC[0m
DEPRECATION WARNING: `to_time` will always preserve the full timezone rather than offset of the receiver in Rails 8.1. To opt in to the new behavior, set `config.active_support.to_time_preserves_timezone = :zone`. (called from BasicObject#instance_exec at C:/Users/ASUS/.local/share/gem/ruby/3.4.0/gems/railties-8.0.5/lib/rails/initializable.rb:32)
DEPRECATION WARNING: `to_time` will always preserve the full timezone rather than offset of the receiver in Rails 8.1. To opt in to the new behavior, set `config.active_support.to_time_preserves_timezone = :zone`. (called from block in <module:Finisher> at C:/Users/ASUS/.local/share/gem/ruby/3.4.0/gems/railties-8.0.5/lib/rails/application/finisher.rb:93)
Started GET "/" for 127.0.0.1 at 2026-05-25 15:42:06 +0530
  [1m[36mActiveRecord::SchemaMigration Load (0.5ms)[0m  [1m[34mSELECT "schema_migrations"."version" FROM "schema_migrations" ORDER BY "schema_migrations"."version" ASC[0m
Processing by PagesController#home as HTML
  Rendering layout layouts/application.html.erb
  Rendering pages/home.html.erb within layouts/application
  [1m[36mCategory Load (0.7ms)[0m  [1m[34mSELECT "categories".* FROM "categories" ORDER BY "categories"."catname" ASC[0m
  ↳ app/views/pages/home.html.erb:16
  [1m[36mQuote Exists? (0.5ms)[0m  [1m[34mSELECT 1 AS one FROM "quotes" WHERE "quotes"."ispublic" = ? LIMIT ?[0m  [["ispublic", 1], ["LIMIT", 1]]
  ↳ app/views/pages/home.html.erb:24
  [1m[36mQuote Load (0.6ms)[0m  [1m[34mSELECT "quotes".* FROM "quotes" WHERE "quotes"."ispublic" = ? ORDER BY "quotes"."created_at" DESC LIMIT ?[0m  [["ispublic", 1], ["LIMIT", 10]]
  ↳ app/views/pages/home.html.erb:25
  [1m[36mUser Load (0.4ms)[0m  [1m[34mSELECT "users".* FROM "users" WHERE "users"."id" IN (?, ?)[0m  [["id", 1], ["id", 2]]
  ↳ app/views/pages/home.html.erb:25
  [1m[36mSource Load (0.6ms)[0m  [1m[34mSELECT "sources".* FROM "sources" WHERE "sources"."id" IN (?, ?, ?, ?, ?, ?, ?, ?, ?)[0m  [["id", 9], ["id", 8], ["id", 7], ["id", 6], ["id", 5], ["id", 4], ["id", 3], ["id", 2], ["id", 1]]
  ↳ app/views/pages/home.html.erb:25
  [1m[36mQuoteCategory Load (0.5ms)[0m  [1m[34mSELECT "quote_categories".* FROM "quote_categories" WHERE "quote_categories"."quote_id" IN (?, ?, ?, ?, ?, ?, ?, ?, ?, ?)[0m  [["quote_id", 10], ["quote_id", 9], ["quote_id", 8], ["quote_id", 7], ["quote_id", 6], ["quote_id", 5], ["quote_id", 4], ["quote_id", 3], ["quote_id", 2], ["quote_id", 1]]
  ↳ app/views/pages/home.html.erb:25
  [1m[36mCategory Load (0.4ms)[0m  [1m[34mSELECT "categories".* FROM "categories" WHERE "categories"."id" IN (?, ?, ?, ?, ?, ?, ?, ?, ?)[0m  [["id", 1], ["id", 9], ["id", 5], ["id", 3], ["id", 6], ["id", 4], ["id", 2], ["id", 10], ["id", 8]]
  ↳ app/views/pages/home.html.erb:25
  Rendered pages/home.html.erb within layouts/application (Duration: 980.1ms | GC: 0.0ms)
  Rendered layout layouts/application.html.erb (Duration: 2037.5ms | GC: 0.0ms)
Completed 200 OK in 4413ms (Views: 2391.9ms | ActiveRecord: 15.9ms (7 queries, 0 cached) | GC: 0.0ms)


Started GET "/favicon.ico" for 127.0.0.1 at 2026-05-25 15:42:13 +0530
  
ActionController::RoutingError (No route matches [GET] "/favicon.ico"):
  
DEPRECATION WARNING: `to_time` will always preserve the full timezone rather than offset of the receiver in Rails 8.1. To opt in to the new behavior, set `config.active_support.to_time_preserves_timezone = :zone`. (called from BasicObject#instance_exec at C:/Users/ASUS/.local/share/gem/ruby/3.4.0/gems/railties-8.0.5/lib/rails/initializable.rb:32)
DEPRECATION WARNING: `to_time` will always preserve the full timezone rather than offset of the receiver in Rails 8.1. To opt in to the new behavior, set `config.active_support.to_time_preserves_timezone = :zone`. (called from block in <module:Finisher> at C:/Users/ASUS/.local/share/gem/ruby/3.4.0/gems/railties-8.0.5/lib/rails/application/finisher.rb:93)
DEPRECATION WARNING: `to_time` will always preserve the full timezone rather than offset of the receiver in Rails 8.1. To opt in to the new behavior, set `config.active_support.to_time_preserves_timezone = :zone`. (called from BasicObject#instance_exec at C:/Users/ASUS/.local/share/gem/ruby/3.4.0/gems/railties-8.0.5/lib/rails/initializable.rb:32)
DEPRECATION WARNING: `to_time` will always preserve the full timezone rather than offset of the receiver in Rails 8.1. To opt in to the new behavior, set `config.active_support.to_time_preserves_timezone = :zone`. (called from block in <module:Finisher> at C:/Users/ASUS/.local/share/gem/ruby/3.4.0/gems/railties-8.0.5/lib/rails/application/finisher.rb:93)
  [1m[36mActiveRecord::SchemaMigration Load (0.4ms)[0m  [1m[34mSELECT "schema_migrations"."version" FROM "schema_migrations" ORDER BY "schema_migrations"."version" ASC[0m
DEPRECATION WARNING: `to_time` will always preserve the full timezone rather than offset of the receiver in Rails 8.1. To opt in to the new behavior, set `config.active_support.to_time_preserves_timezone = :zone`. (called from BasicObject#instance_exec at C:/Users/ASUS/.local/share/gem/ruby/3.4.0/gems/railties-8.0.5/lib/rails/initializable.rb:32)
DEPRECATION WARNING: `to_time` will always preserve the full timezone rather than offset of the receiver in Rails 8.1. To opt in to the new behavior, set `config.active_support.to_time_preserves_timezone = :zone`. (called from block in <module:Finisher> at C:/Users/ASUS/.local/share/gem/ruby/3.4.0/gems/railties-8.0.5/lib/rails/application/finisher.rb:93)
